code,name,limit_pct,prev_close,auc_price,gap_pct,gap_norm,auc_amount,prev_amount,auc_ratio,t1_chg,t2_chg,t3_chg,slope,monotonic,dive,pos_pct_60d,ma_bull,breakout,prev_limit_up,prev_broken_board,board_height,sector,sector_members,sector_prev_limitups,blacklisted,one_word,group,liangbi,score,score_raw,parts,penalty,risk_tags,rejected
300308,中际旭创,20.0,926.43,939.5,1.41,0.071,372040000.0,27079560000.0,0.01374,0.4,1.03,1.41,1.01,True,-0.38,0.24820568927789924,False,False,False,False,0,通信设备,2,2,False,False,B,3.3,36.7,36.69791787515917,"{'gap': 0.0, 'volume': 0.263, 'trend': 0.734, 'position': 0.379, 'sector': 0.55, 'continuity': 0.3}",0.0,[],竞价涨幅 1.41% 超出区间
300502,新易盛,20.0,445.0,455.04,2.26,0.113,180290000.0,18511040000.0,0.00974,1.12,1.79,2.26,1.13,True,-0.46,0.31326833403984733,True,True,False,False,0,通信设备,2,2,False,False,A,2.3,40.1,40.1,"{'gap': 0.173, 'volume': 0.0, 'trend': 0.744, 'position': 0.8, 'sector': 0.55, 'continuity': 0.3}",0.0,[],竞价量能 0.97%(量比≈2.3) 超出区间
600176,中国巨石,10.0,45.02,44.99,-0.07,-0.007,150900000.0,17750490000.0,0.0085,-1.53,-1.49,-0.07,1.47,True,-1.42,0.2823286965481711,True,False,False,False,0,建筑材料,1,1,False,False,B,2.0,26.8,26.812673879443587,"{'gap': 0.0, 'volume': 0.0, 'trend': 0.895, 'position': 0.494, 'sector': 0.0, 'continuity': 0.3}",0.0,[],竞价涨幅 -0.07% 超出区间
603986,兆易创新,10.0,388.18,396.0,2.01,0.201,221490000.0,15787690000.0,0.01403,1.49,1.68,2.01,0.52,True,-0.33,0.09502063053318911,False,False,False,False,0,半导体,7,4,False,False,B,3.4,49.9,49.86858248718081,"{'gap': 0.007, 'volume': 0.283, 'trend': 0.737, 'position': 0.762, 'sector': 1.0, 'continuity': 0.3}",0.0,[],
600487,亨通光电,10.0,69.49,71.68,3.15,0.315,173540000.0,15652250000.0,0.01109,0.12,1.84,3.15,3.04,True,-1.31,0.35870614740907614,False,False,False,False,0,通信设备,2,2,False,False,B,2.7,48.1,48.14776997671768,"{'gap': 0.767, 'volume': 0.061, 'trend': 1.0, 'position': 0.103, 'sector': 0.55, 'continuity': 0.3}",0.0,[],
002384,东山精密,10.0,196.15,197.0,0.43,0.043,92130000.0,13878840000.0,0.00664,0.49,0.5,0.43,-0.06,False,0.07,0.32102803738317753,False,False,False,False,0,元件,5,1,False,False,B,1.6,29.3,29.261448598130848,"{'gap': 0.0, 'volume': 0.0, 'trend': 0.49, 'position': 0.197, 'sector': 1.0, 'continuity': 0.3}",0.0,[],竞价涨幅 0.43% 超出区间
688256,寒武纪,20.0,1113.14,1123.94,0.97,0.049,57740000.0,13514870000.0,0.00427,1.33,1.33,0.97,-0.36,False,0.36,0.22999201915403056,True,False,False,False,0,半导体,7,4,False,False,B,1.0,35.3,35.27529928172385,"{'gap': 0.0, 'volume': 0.0, 'trend': 0.47, 'position': 0.625, 'sector': 1.0, 'continuity': 0.3}",0.0,[],竞价涨幅 0.97% 超出区间
300394,天孚通信,20.0,284.66,286.17,0.53,0.027,67520000.0,13043390000.0,0.00518,0.0,0.0,0.53,0.53,True,-0.53,0.8736148127367094,True,False,False,False,0,通信设备,2,2,False,False,A,1.2,31.1,31.133333333333336,"{'gap': 0.0, 'volume': 0.0, 'trend': 0.694, 'position': 0.5, 'sector': 0.55, 'continuity': 0.3}",0.0,[],竞价涨幅 0.53% 超出区间
600183,生益科技,10.0,143.93,145.0,0.74,0.074,71540000.0,12565810000.0,0.00569,0.0,0.74,0.74,0.74,True,0.0,0.5980632842334971,True,False,False,False,0,元件,5,1,False,False,A,1.4,39.5,39.46666666666667,"{'gap': 0.0, 'volume': 0.0, 'trend': 0.773, 'position': 0.5, 'sector': 1.0, 'continuity': 0.3}",0.0,[],竞价涨幅 0.74% 超出区间
000725,京东方Ａ,10.0,5.92,6.0,1.35,0.135,125060000.0,12355530000.0,0.01012,0.0,0.34,1.35,1.35,True,-1.01,0.16971279373368156,False,False,False,False,0,光学光电子,1,3,False,False,B,2.4,27.6,27.635770234986946,"{'gap': 0.0, 'volume': 0.0, 'trend': 0.875, 'position': 0.576, 'sector': 0.0, 'continuity': 0.3}",0.0,[],竞价涨幅 1.35% 超出区间
300750,宁德时代,20.0,301.95,303.04,0.36,0.018,169820000.0,11537660000.0,0.01472,0.0,-0.65,0.36,0.36,False,-1.01,0.0,False,False,False,False,0,电池,0,1,False,False,B,3.5,35.3,35.298132663660695,"{'gap': 0.0, 'volume': 0.328, 'trend': 0.53, 'position': 1.0, 'sector': 0.0, 'continuity': 0.3}",0.0,[],竞价涨幅 0.36% 超出区间
600584,长电科技,10.0,73.0,73.1,0.14,0.014,88380000.0,11490250000.0,0.00769,0.0,0.14,0.14,0.14,True,0.0,0.26292725679228746,False,False,False,False,0,半导体,7,4,False,False,B,1.8,35.1,35.10689453695589,"{'gap': 0.0, 'volume': 0.0, 'trend': 0.673, 'position': 0.343, 'sector': 1.0, 'continuity': 0.3}",0.0,[],竞价涨幅 0.14% 超出区间
600522,中天科技,10.0,35.98,36.1,0.33,0.033,56470000.0,10494680000.0,0.00538,0.03,0.03,0.33,0.31,True,-0.31,0.2510612492419647,True,False,False,False,0,通信设备,2,2,False,False,B,1.3,32.4,32.368536486759666,"{'gap': 0.0, 'volume': 0.0, 'trend': 0.702, 'position': 0.572, 'sector': 0.55, 'continuity': 0.3}",0.0,[],竞价涨幅 0.33% 超出区间
600105,永鼎股份,10.0,46.47,47.17,1.51,0.151,64910000.0,8538490000.0,0.0076,0.0,0.0,1.51,1.51,True,-1.51,0.4286102801196627,True,False,False,False,0,通信设备,2,2,False,False,A,1.8,32.3,32.28333333333334,"{'gap': 0.0, 'volume': 0.0, 'trend': 0.902, 'position': 0.3, 'sector': 0.55, 'continuity': 0.3}",0.0,[],竞价涨幅 1.51% 超出区间
002281,光迅科技,10.0,195.4,198.0,1.33,0.133,43600000.0,8438910000.0,0.00517,0.5,0.5,1.33,0.83,True,-0.83,0.41171972086798586,True,False,False,False,0,通信设备,2,2,False,False,A,1.2,30.0,30.01666666666667,"{'gap': 0.0, 'volume': 0.0, 'trend': 0.788, 'position': 0.3, 'sector': 0.55, 'continuity': 0.3}",0.0,[],竞价涨幅 1.33% 超出区间
688008,澜起科技,20.0,202.53,210.0,3.69,0.184,94890000.0,8073520000.0,0.01175,1.22,1.71,3.69,2.47,True,-1.98,0.14309471615390437,False,False,False,False,0,半导体,7,4,False,False,B,2.8,63.6,63.5974118576702,"{'gap': 0.873, 'volume': 0.115, 'trend': 0.856, 'position': 0.642, 'sector': 1.0, 'continuity': 0.3}",0.0,[],
000636,风华高科,10.0,58.2,60.77,4.42,0.442,211090000.0,7473630000.0,0.02824,3.95,3.99,4.42,0.46,True,-0.43,0.44893882646691646,True,True,False,False,0,元件,5,1,False,False,A,6.8,74.3,74.33995225731965,"{'gap': 0.387, 'volume': 0.943, 'trend': 0.727, 'position': 0.8, 'sector': 1.0, 'continuity': 0.3}",0.0,[],
688012,中微公司,20.0,354.92,358.0,0.87,0.043,41040000.0,7336170000.0,0.00559,0.85,0.87,0.87,0.02,True,0.0,0.27865710399406457,False,False,False,False,0,半导体,7,4,False,False,B,1.3,34.1,34.08369193355591,"{'gap': 0.0, 'volume': 0.0, 'trend': 0.652, 'position': 0.303, 'sector': 1.0, 'continuity': 0.3}",0.0,[],竞价涨幅 0.87% 超出区间
002463,沪电股份,10.0,123.5,125.72,1.8,0.18,40380000.0,7255970000.0,0.00557,0.12,0.9,1.8,1.68,True,-0.9,0.47911111111111104,False,False,False,False,0,元件,5,1,False,False,A,1.3,35.1,35.1,"{'gap': 0.0, 'volume': 0.0, 'trend': 0.93, 'position': 0.0, 'sector': 1.0, 'continuity': 0.3}",0.0,[],竞价涨幅 1.80% 超出区间
002156,通富微电,10.0,61.38,61.9,0.85,0.085,49780000.0,7245760000.0,0.00687,0.77,0.85,0.85,0.08,True,0.0,0.3668249908659117,False,False,False,False,0,半导体,7,4,False,False,B,1.6,31.0,31.010729509194977,"{'gap': 0.0, 'volume': 0.0, 'trend': 0.663, 'position': 0.083, 'sector': 1.0, 'continuity': 0.3}",0.0,[],竞价涨幅 0.85% 超出区间
300476,胜宏科技,20.0,227.05,232.23,2.28,0.114,65210000.0,7007470000.0,0.00931,0.64,0.77,2.28,1.64,True,-1.51,0.2811465044860601,False,False,False,False,0,元件,5,1,False,False,B,2.2,40.4,40.42367274843941,"{'gap': 0.187, 'volume': 0.0, 'trend': 0.787, 'position': 0.297, 'sector': 1.0, 'continuity': 0.3}",0.0,[],竞价量能 0.93%(量比≈2.2) 超出区间
601138,工业富联,10.0,62.71,63.99,2.04,0.204,70980000.0,6990340000.0,0.01015,0.3,0.94,2.04,1.74,True,-1.1,0.485558583106267,False,False,False,False,0,消费电子,0,1,False,False,A,2.4,20.8,20.833333333333336,"{'gap': 0.027, 'volume': 0.0, 'trend': 0.94, 'position': 0.0, 'sector': 0.0, 'continuity': 0.3}",0.0,[],竞价量能 1.01%(量比≈2.4) 超出区间
002080,中材科技,10.0,60.22,59.01,-2.01,-0.201,118940000.0,6872580000.0,0.01731,2.08,-2.03,-2.01,-4.09,False,-0.02,0.39633173843700154,True,False,False,True,0,建筑材料,1,1,False,False,B,4.2,1.7,1.6604646253040833,"{'gap': 0.0, 'volume': 0.481, 'trend': 0.0, 'position': 0.209, 'sector': 0.0, 'continuity': 0.3}",15.0,['昨日炸板'],竞价涨幅 -2.01% 超出区间
600667,太极实业,10.0,20.46,20.64,0.88,0.088,32740000.0,6777420000.0,0.00483,0.05,0.05,0.88,0.83,True,-0.83,0.3124630832841111,True,False,False,False,0,建筑装饰,0,3,False,False,B,1.2,23.5,23.5493010435125,"{'gap': 0.0, 'volume': 0.0, 'trend': 0.788, 'position': 0.419, 'sector': 0.0, 'continuity': 0.3}",0.0,[],竞价涨幅 0.88% 超出区间
002475,立讯精密,10.0,54.1,54.63,0.98,0.098,25830000.0,6713110000.0,0.00385,0.74,0.74,0.98,0.24,True,-0.24,0.13159296750133184,False,False,False,False,0,消费电子,0,1,False,False,B,0.9,25.4,25.36526371870006,"{'gap': 0.0, 'volume': 0.0, 'trend': 0.69, 'position': 0.671, 'sector': 0.0, 'continuity': 0.3}",0.0,[],竞价涨幅 0.98% 超出区间
300570,太辰光,20.0,229.35,228.25,-0.48,-0.024,101430000.0,6665490000.0,0.01522,-0.01,-1.9,-0.48,-0.47,False,-1.42,0.8766957880531286,True,False,False,False,0,通信设备,2,2,False,False,A,3.7,35.5,35.453064026423725,"{'gap': 0.0, 'volume': 0.359, 'trend': 0.461, 'position': 0.5, 'sector': 0.55, 'continuity': 0.3}",0.0,[],竞价涨幅 -0.48% 超出区间
002371,北方华创,10.0,686.51,688.0,0.22,0.022,31030000.0,6630760000.0,0.00468,0.51,0.65,0.22,-0.29,False,0.44,0.19559736229635372,False,False,False,False,0,半导体,7,4,False,False,B,1.1,33.2,33.19843224722007,"{'gap': 0.0, 'volume': 0.0, 'trend': 0.452, 'position': 0.511, 'sector': 1.0, 'continuity': 0.3}",0.0,[],竞价涨幅 0.22% 超出区间
688041,海光信息,20.0,241.38,247.0,2.33,0.116,67650000.0,6488470000.0,0.01043,2.0,2.54,2.33,0.33,False,0.21,0.12066025509856078,False,False,False,False,0,半导体,7,4,False,False,B,2.5,42.0,41.993214895087426,"{'gap': 0.22, 'volume': 0.003, 'trend': 0.527, 'position': 0.698, 'sector': 1.0, 'continuity': 0.3}",0.0,[],
300604,长川科技,20.0,279.73,286.0,2.24,0.112,68730000.0,6483240000.0,0.0106,0.45,1.48,2.24,1.79,True,-0.76,0.3568699686178198,False,False,False,False,0,半导体,7,4,False,False,B,2.5,37.8,37.750217402500326,"{'gap': 0.16, 'volume': 0.018, 'trend': 0.799, 'position': 0.108, 'sector': 1.0, 'continuity': 0.3}",0.0,[],
601869,长飞光纤,10.0,454.99,460.0,1.1,0.11,46460000.0,6442520000.0,0.00721,0.0,0.02,1.1,1.1,True,-1.08,0.6794428772919606,True,False,False,False,0,通信设备,2,2,False,False,A,1.7,33.9,33.91666666666667,"{'gap': 0.0, 'volume': 0.0, 'trend': 0.833, 'position': 0.5, 'sector': 0.55, 'continuity': 0.3}",0.0,[],竞价涨幅 1.10% 超出区间
688766,普冉股份,20.0,430.0,438.67,2.02,0.101,64450000.0,6422850000.0,0.01003,3.0,3.33,2.02,-0.98,False,1.32,0.214299744647417,False,False,False,False,0,半导体,7,4,False,False,B,2.4,19.6,19.5970929090552,"{'gap': 0.013, 'volume': 0.0, 'trend': 0.418, 'position': 0.464, 'sector': 1.0, 'continuity': 0.3}",12.5,['竞价尾段走弱'],竞价量能 1.00%(量比≈2.4) 超出区间
688498,源杰科技,20.0,1835.0,1850.0,0.82,0.041,29990000.0,6399060000.0,0.00469,1.91,1.65,0.82,-1.09,False,0.83,0.9413253566497929,True,False,False,False,0,半导体,7,4,False,False,A,1.1,32.2,32.18333333333333,"{'gap': 0.0, 'volume': 0.0, 'trend': 0.409, 'position': 0.5, 'sector': 1.0, 'continuity': 0.3}",0.0,[],竞价涨幅 0.82% 超出区间
002185,华天科技,10.0,18.03,18.68,3.61,0.361,310920000.0,6386880000.0,0.04868,9.98,5.93,3.61,-6.38,False,2.33,0.29880843263061424,False,True,True,False,1,半导体,7,4,False,False,A,11.7,32.8,32.78333333333333,"{'gap': 0.927, 'volume': 0.0, 'trend': 0.0, 'position': 0.5, 'sector': 1.0, 'continuity': 0.85}",12.5,['竞价尾段走弱'],竞价量能 4.87%(量比≈11.7) 超出区间
603083,剑桥科技,10.0,227.98,230.0,0.89,0.089,37720000.0,6109610000.0,0.00617,0.05,0.05,0.89,0.83,True,-0.83,0.784431617764951,False,False,False,False,0,通信设备,2,2,False,False,A,1.5,28.5,28.51666666666667,"{'gap': 0.0, 'volume': 0.0, 'trend': 0.788, 'position': 0.2, 'sector': 0.55, 'continuity': 0.3}",0.0,[],竞价涨幅 0.89% 超出区间
603259,药明康德,10.0,160.0,161.99,1.24,0.124,59160000.0,6031780000.0,0.00981,1.88,1.88,1.24,-0.63,False,0.63,0.8495238095238095,False,False,False,False,0,医疗服务,4,1,False,False,A,2.4,23.6,23.65,"{'gap': 0.0, 'volume': 0.0, 'trend': 0.395, 'position': 0.2, 'sector': 0.75, 'continuity': 0.3}",0.0,[],竞价涨幅 1.24% 超出区间
002436,兴森科技,10.0,42.88,43.33,1.05,0.105,51260000.0,6018470000.0,0.00852,1.0,1.0,1.05,0.05,True,-0.05,0.6726166328600406,True,False,False,False,0,元件,5,1,False,False,A,2.0,37.2,37.16666666666667,"{'gap': 0.0, 'volume': 0.0, 'trend': 0.658, 'position': 0.5, 'sector': 1.0, 'continuity': 0.3}",0.0,[],竞价涨幅 1.05% 超出区间
688521,芯原股份,20.0,205.18,207.0,0.89,0.044,30770000.0,5961530000.0,0.00516,0.89,0.4,0.89,0.0,False,-0.49,0.19690297604645537,True,False,False,False,0,半导体,7,4,False,False,B,1.2,37.1,37.116138398257924,"{'gap': 0.0, 'volume': 0.0, 'trend': 0.5, 'position': 0.708, 'sector': 1.0, 'continuity': 0.3}",0.0,[],竞价涨幅 0.89% 超出区间
301526,国际复材,20.0,31.18,30.88,-0.96,-0.048,51820000.0,5836770000.0,0.00888,-1.67,-1.67,-0.96,0.71,True,-0.71,0.24773960216998192,True,False,False,False,0,建筑材料,1,1,False,False,B,2.1,24.4,24.393098251959017,"{'gap': 0.0, 'volume': 0.0, 'trend': 0.709, 'position': 0.581, 'sector': 0.0, 'continuity': 0.3}",0.0,[],竞价涨幅 -0.96% 超出区间
002008,大族激光,10.0,99.6,99.67,0.07,0.007,42350000.0,5820860000.0,0.00728,0.06,0.06,0.07,0.01,True,-0.01,0.2669085631349782,True,False,False,False,0,自动化设备,3,0,False,False,B,1.7,30.0,30.024262215771657,"{'gap': 0.0, 'volume': 0.0, 'trend': 0.652, 'position': 0.533, 'sector': 0.5, 'continuity': 0.3}",0.0,[],竞价涨幅 0.07% 超出区间
000988,华工科技,10.0,107.8,110.0,2.04,0.204,61310000.0,5781150000.0,0.01061,0.0,0.0,2.04,2.04,True,-2.04,0.17859052507753181,False,False,False,False,0,自动化设备,3,0,False,False,B,2.5,38.1,38.10794873005066,"{'gap': 0.027, 'volume': 0.019, 'trend': 0.99, 'position': 0.554, 'sector': 0.5, 'continuity': 0.3}",0.0,[],
300408,三环集团,20.0,130.96,136.21,4.01,0.2,147420000.0,5758720000.0,0.0256,3.85,4.35,4.01,0.16,False,0.34,0.5027693856998994,True,True,False,False,0,元件,5,1,False,False,A,6.1,73.2,73.22383366132675,"{'gap': 0.66, 'volume': 0.85, 'trend': 0.513, 'position': 0.8, 'sector': 1.0, 'continuity': 0.3}",0.0,[],
688347,华虹宏力,20.0,234.0,235.99,0.85,0.043,24290000.0,5642730000.0,0.0043,1.27,0.85,0.85,-0.42,False,0.0,0.12266835282959217,False,False,False,False,0,半导体,7,4,False,False,B,1.0,36.2,36.199936768890296,"{'gap': 0.0, 'volume': 0.0, 'trend': 0.465, 'position': 0.693, 'sector': 1.0, 'continuity': 0.3}",0.0,[],竞价涨幅 0.85% 超出区间
600206,有研新材,10.0,51.6,51.6,0.0,0.0,34610000.0,5631400000.0,0.00615,0.33,0.33,0.0,-0.33,False,0.33,0.5515695067264575,False,False,False,False,0,半导体,7,4,False,False,A,1.5,28.4,28.400000000000002,"{'gap': 0.0, 'volume': 0.0, 'trend': 0.445, 'position': 0.2, 'sector': 1.0, 'continuity': 0.3}",0.0,[],竞价涨幅 0.00% 超出区间
601899,紫金矿业,10.0,31.41,31.48,0.22,0.022,41810000.0,5565370000.0,0.00751,0.54,0.22,0.22,-0.32,False,0.0,0.6092843326885878,False,False,False,False,0,贵金属,0,0,False,False,A,1.8,13.4,13.433333333333334,"{'gap': 0.0, 'volume': 0.0, 'trend': 0.447, 'position': 0.2, 'sector': 0.0, 'continuity': 0.3}",0.0,[],竞价涨幅 0.22% 超出区间
688802,沐曦股份-U,20.0,554.83,551.0,-0.69,-0.035,51300000.0,5535440000.0,0.00927,-0.78,-0.87,-0.69,0.09,False,-0.18,0.17998002995506746,False,False,False,False,0,半导体,7,4,False,False,B,2.2,34.9,34.90074887668497,"{'gap': 0.0, 'volume': 0.0, 'trend': 0.507, 'position': 0.55, 'sector': 1.0, 'continuity': 0.3}",0.0,[],竞价涨幅 -0.69% 超出区间
300475,香农芯创,20.0,174.32,177.18,1.64,0.082,56220000.0,5280180000.0,0.01065,1.86,2.68,1.64,-0.22,False,1.04,0.2391381766381766,False,False,False,False,0,其他电子,2,1,False,False,B,2.6,21.5,21.47621133997465,"{'gap': 0.0, 'volume': 0.022, 'trend': 0.482, 'position': 0.402, 'sector': 0.25, 'continuity': 0.3}",0.0,[],竞价涨幅 1.64% 超出区间
600498,烽火通信,10.0,43.99,44.5,1.16,0.116,17120000.0,5272060000.0,0.00325,0.02,0.02,1.16,1.14,True,-1.14,0.2873646209386283,True,False,False,False,0,通信设备,2,2,False,False,B,0.8,33.8,33.773826714801444,"{'gap': 0.0, 'volume': 0.0, 'trend': 0.84, 'position': 0.482, 'sector': 0.55, 'continuity': 0.3}",0.0,[],竞价涨幅 1.16% 超出区间
001309,德明利,10.0,413.09,421.0,1.91,0.191,39360000.0,5258660000.0,0.00748,0.71,0.73,1.91,1.21,True,-1.19,0.10320450885668273,False,False,False,False,0,半导体,7,4,False,False,B,1.8,44.7,44.66316425120773,"{'gap': 0.0, 'volume': 0.0, 'trend': 0.852, 'position': 0.742, 'sector': 1.0, 'continuity': 0.3}",0.0,[],竞价涨幅 1.91% 超出区间
603186,华正新材,10.0,226.78,228.18,0.62,0.062,30870000.0,5251240000.0,0.00588,-0.78,-0.26,0.62,1.4,True,-0.88,0.8248922067057082,True,False,False,False,0,元件,5,1,False,False,A,1.4,41.7,41.666666666666664,"{'gap': 0.0, 'volume': 0.0, 'trend': 0.883, 'position': 0.5, 'sector': 1.0, 'continuity': 0.3}",0.0,[],竞价涨幅 0.62% 超出区间
300223,君正股份,20.0,142.97,146.0,2.12,0.106,48050000.0,5109550000.0,0.0094,2.08,2.82,2.12,0.03,False,0.7,0.17053215708594194,False,False,False,False,0,半导体,7,4,False,False,B,2.3,36.8,36.75504410927718,"{'gap': 0.08, 'volume': 0.0, 'trend': 0.502, 'position': 0.574, 'sector': 1.0, 'continuity': 0.3}",0.0,[],竞价量能 0.94%(量比≈2.3) 超出区间
000938,紫光股份,10.0,33.95,34.0,0.15,0.015,29330000.0,5063930000.0,0.00579,0.74,0.71,0.15,-0.59,False,0.56,0.41318327974276553,False,False,False,False,0,IT服务,0,0,False,False,A,1.4,9.5,9.533333333333333,"{'gap': 0.0, 'volume': 0.0, 'trend': 0.402, 'position': 0.0, 'sector': 0.0, 'continuity': 0.3}",0.0,[],竞价涨幅 0.15% 超出区间
300274,阳光电源,20.0,87.25,87.9,0.74,0.037,60330000.0,5055680000.0,0.01193,0.74,0.97,0.74,0.0,False,0.23,0.04702572347266887,False,False,False,False,0,光伏设备,0,1,False,False,B,2.9,28.0,27.9754328920579,"{'gap': 0.0, 'volume': 0.13, 'trend': 0.5, 'position': 0.882, 'sector': 0.0, 'continuity': 0.3}",0.0,[],竞价涨幅 0.74% 超出区间
300620,光库科技,20.0,297.41,299.9,0.84,0.042,18200000.0,4976140000.0,0.00366,2.55,1.53,0.84,-1.71,False,0.7,0.5679910165231807,False,False,False,False,0,通信设备,2,2,False,False,A,0.9,19.9,19.900000000000002,"{'gap': 0.0, 'volume': 0.0, 'trend': 0.358, 'position': 0.2, 'sector': 0.55, 'continuity': 0.3}",0.0,[],竞价涨幅 0.84% 超出区间
601872,招商轮船,10.0,22.36,22.14,-0.98,-0.098,40340000.0,4904810000.0,0.00822,0.54,0.54,-0.98,-1.52,False,1.52,1.0,True,False,False,False,0,港口航运,0,0,False,False,A,2.0,0.0,0.0,"{'gap': 0.0, 'volume': 0.0, 'trend': 0.247, 'position': 0.3, 'sector': 0.0, 'continuity': 0.3}",12.5,['竞价尾段走弱'],竞价涨幅 -0.98% 超出区间
000977,浪潮信息,10.0,71.88,72.01,0.18,0.018,23360000.0,4864120000.0,0.0048,0.17,0.18,0.18,0.01,True,0.0,0.30322338830584694,False,False,False,False,0,计算机设备,0,1,False,False,B,1.2,18.2,18.162456271864073,"{'gap': 0.0, 'volume': 0.0, 'trend': 0.652, 'position': 0.242, 'sector': 0.0, 'continuity': 0.3}",0.0,[],竞价涨幅 0.18% 超出区间
002428,云南锗业,10.0,93.5,94.0,0.53,0.053,32060000.0,4786970000.0,0.0067,0.53,0.53,0.53,0.0,True,0.0,0.5096463022508039,False,False,False,False,0,小金属,0,0,False,False,A,1.6,14.5,14.500000000000002,"{'gap': 0.0, 'volume': 0.0, 'trend': 0.65, 'position': 0.0, 'sector': 0.0, 'continuity': 0.3}",0.0,[],竞价涨幅 0.53% 超出区间
688361,中科飞测,20.0,386.36,388.0,0.42,0.021,14590000.0,4758770000.0,0.00307,-2.16,-0.55,0.42,2.59,True,-0.98,0.5900477164280846,False,False,False,False,0,半导体,7,4,False,False,A,0.7,36.8,36.81666666666667,"{'gap': 0.0, 'volume': 0.0, 'trend': 0.866, 'position': 0.2, 'sector': 1.0, 'continuity': 0.3}",0.0,[],竞价涨幅 0.42% 超出区间
603256,宏和科技,10.0,148.79,150.0,0.81,0.081,50670000.0,4756300000.0,0.01065,1.01,0.81,0.81,-0.2,False,0.0,0.22022634557178572,False,False,False,False,0,电子化学品,3,0,False,False,B,2.6,25.6,25.635405004964312,"{'gap': 0.0, 'volume': 0.022, 'trend': 0.467, 'position': 0.449, 'sector': 0.5, 'continuity': 0.3}",0.0,[],竞价涨幅 0.81% 超出区间
688795,摩尔线程-U,20.0,410.0,407.99,-0.49,-0.025,16360000.0,4734680000.0,0.00346,0.02,0.02,-0.49,-0.51,False,0.51,0.15492275654995402,False,False,False,False,0,半导体,7,4,False,False,B,0.8,34.8,34.84039662937673,"{'gap': 0.0, 'volume': 0.0, 'trend': 0.458, 'position': 0.613, 'sector': 1.0, 'continuity': 0.3}",0.0,[],竞价涨幅 -0.49% 超出区间
688981,中芯国际,20.0,122.0,122.6,0.49,0.025,23030000.0,4711860000.0,0.00489,0.49,0.49,0.49,0.0,True,0.0,0.134566434753097,False,False,False,False,0,半导体,7,4,False,False,B,1.2,39.5,39.45375869675887,"{'gap': 0.0, 'volume': 0.0, 'trend': 0.65, 'position': 0.664, 'sector': 1.0, 'continuity': 0.3}",0.0,[],竞价涨幅 0.49% 超出区间
688072,拓荆科技,20.0,720.06,725.0,0.69,0.034,17380000.0,4626350000.0,0.00376,1.0,1.0,0.69,-0.31,False,0.32,0.4966104977726126,False,False,False,False,0,半导体,7,4,False,False,A,0.9,26.0,25.983333333333334,"{'gap': 0.0, 'volume': 0.0, 'trend': 0.474, 'position': 0.0, 'sector': 1.0, 'continuity': 0.3}",0.0,[],竞价涨幅 0.69% 超出区间
688432,有研硅,20.0,56.82,56.97,0.26,0.013,36820000.0,4604800000.0,0.008,1.71,1.3,0.26,-1.44,False,1.04,1.0,True,False,False,False,0,半导体,7,4,False,False,A,1.9,28.6,28.6,"{'gap': 0.0, 'volume': 0.0, 'trend': 0.38, 'position': 0.3, 'sector': 1.0, 'continuity': 0.3}",0.0,[],竞价涨幅 0.26% 超出区间
002491,通鼎互联,10.0,23.78,24.23,1.89,0.189,47560000.0,4504750000.0,0.01056,0.0,-0.34,1.89,1.89,False,-2.23,0.5144329896907216,True,False,False,False,0,通信设备,2,2,False,False,A,2.5,30.9,30.910288690311916,"{'gap': 0.0, 'volume': 0.014, 'trend': 0.815, 'position': 0.3, 'sector': 0.55, 'continuity': 0.3}",0.0,[],竞价涨幅 1.89% 超出区间
300285,国瓷材料,20.0,67.16,69.36,3.28,0.164,103120000.0,4500620000.0,0.02291,2.74,3.19,3.28,0.54,True,-0.09,0.30990472766492894,False,False,False,False,0,电子化学品,3,0,False,False,B,5.5,62.0,61.982533382968754,"{'gap': 0.853, 'volume': 0.745, 'trend': 0.695, 'position': 0.225, 'sector': 0.5, 'continuity': 0.3}",0.0,[],
600150,中国船舶,10.0,39.47,39.34,-0.33,-0.033,18910000.0,4468180000.0,0.00423,-0.03,-0.03,-0.33,-0.3,False,0.3,0.8408018867924526,False,False,False,False,0,军工装备,0,0,False,False,A,1.0,13.5,13.5,"{'gap': 0.0, 'volume': 0.0, 'trend': 0.45, 'position': 0.2, 'sector': 0.0, 'continuity': 0.3}",0.0,[],竞价涨幅 -0.33% 超出区间
688120,华海清科,20.0,263.43,263.98,0.21,0.01,11770000.0,4308910000.0,0.00273,-0.55,-0.16,0.21,0.76,True,-0.37,0.3114263738142039,False,False,False,False,0,半导体,7,4,False,False,B,0.7,34.1,34.08817764863402,"{'gap': 0.0, 'volume': 0.0, 'trend': 0.713, 'position': 0.221, 'sector': 1.0, 'continuity': 0.3}",0.0,[],竞价涨幅 0.21% 超出区间
600869,远东股份,10.0,21.41,21.69,1.31,0.131,17650000.0,4243870000.0,0.00416,0.05,0.09,1.31,1.26,True,-1.21,0.4159806295399516,False,False,False,False,0,电网设备,1,6,False,False,A,1.0,18.7,18.7,"{'gap': 0.0, 'volume': 0.0, 'trend': 0.86, 'position': 0.0, 'sector': 0.0, 'continuity': 0.3}",0.0,[],竞价涨幅 1.31% 超出区间
002636,金安国纪,10.0,80.86,82.0,1.41,0.141,25810000.0,4187510000.0,0.00616,0.01,0.01,1.41,1.4,True,-1.4,0.46166551961459046,True,False,False,False,0,元件,5,1,False,False,A,1.5,38.7,38.66666666666667,"{'gap': 0.0, 'volume': 0.0, 'trend': 0.883, 'position': 0.3, 'sector': 1.0, 'continuity': 0.3}",0.0,[],竞价涨幅 1.41% 超出区间
600127,金健米业,10.0,14.32,14.5,1.26,0.126,76370000.0,4160810000.0,0.01835,-2.79,-2.09,1.26,4.05,True,-3.35,0.9510416666666668,False,False,True,False,2,农产品加工,0,1,False,False,A,4.4,38.4,38.39976127517602,"{'gap': 0.0, 'volume': 0.536, 'trend': 1.0, 'position': 0.0, 'sector': 0.0, 'continuity': 1.0}",0.0,[],竞价涨幅 1.26% 超出区间
000021,深科技,10.0,36.95,37.33,1.03,0.103,37810000.0,4118750000.0,0.00918,0.14,0.68,1.03,0.89,True,-0.35,0.10426229508196723,False,False,False,False,0,消费电子,0,1,False,False,B,2.2,28.6,28.556830601092898,"{'gap': 0.0, 'volume': 0.0, 'trend': 0.798, 'position': 0.739, 'sector': 0.0, 'continuity': 0.3}",0.0,[],竞价涨幅 1.03% 超出区间
688313,仕佳光子,20.0,170.38,175.07,2.75,0.138,42570000.0,4113240000.0,0.01035,1.54,1.54,2.75,1.21,True,-1.21,0.8582638061183948,True,True,False,False,0,通信设备,2,2,False,False,A,2.5,49.8,49.76666666666667,"{'gap': 0.5, 'volume': 0.0, 'trend': 0.751, 'position': 1.0, 'sector': 0.55, 'continuity': 0.3}",0.0,[],竞价量能 1.03%(量比≈2.5) 超出区间
002396,星网锐捷,10.0,38.9,38.3,-1.54,-0.154,29820000.0,4090370000.0,0.00729,0.03,-1.29,-1.54,-1.57,False,0.26,0.9363279546445704,True,False,False,False,0,通信设备,2,2,False,False,A,1.7,22.0,22.01666666666667,"{'gap': 0.0, 'volume': 0.0, 'trend': 0.238, 'position': 0.5, 'sector': 0.55, 'continuity': 0.3}",0.0,[],竞价涨幅 -1.54% 超出区间
688146,中船特气,20.0,239.2,243.08,1.62,0.081,44380000.0,4079030000.0,0.01088,3.68,3.6,1.62,-2.06,False,1.97,0.21596085709465146,False,False,False,False,0,电子化学品,3,0,False,False,B,2.6,11.0,11.032906898819817,"{'gap': 0.0, 'volume': 0.043, 'trend': 0.328, 'position': 0.46, 'sector': 0.5, 'continuity': 0.3}",12.5,['竞价尾段走弱'],竞价涨幅 1.62% 超出区间
688525,佰维存储,20.0,216.88,220.98,1.89,0.095,39760000.0,4076690000.0,0.00975,1.33,1.38,1.89,0.56,True,-0.51,0.0361141566164989,False,False,False,False,0,半导体,7,4,False,False,B,2.3,44.1,44.079052460214626,"{'gap': 0.0, 'volume': 0.0, 'trend': 0.697, 'position': 0.91, 'sector': 1.0, 'continuity': 0.3}",0.0,[],竞价涨幅 1.89% 超出区间
301308,江波龙,20.0,346.96,350.4,0.99,0.05,19730000.0,4065560000.0,0.00485,0.85,0.88,0.99,0.14,True,-0.12,0.06734440862881222,False,False,False,False,0,半导体,7,4,False,False,B,1.2,42.2,42.20791800975287,"{'gap': 0.0, 'volume': 0.0, 'trend': 0.662, 'position': 0.832, 'sector': 1.0, 'continuity': 0.3}",0.0,[],竞价涨幅 0.99% 超出区间
600641,先导基电,10.0,37.3,38.0,1.88,0.188,25720000.0,4019440000.0,0.0064,0.05,0.27,1.88,1.82,True,-1.61,0.5594039468385017,False,False,False,False,0,半导体,7,4,False,False,A,1.5,38.6,38.56666666666667,"{'gap': 0.0, 'volume': 0.0, 'trend': 0.953, 'position': 0.2, 'sector': 1.0, 'continuity': 0.3}",0.0,[],竞价涨幅 1.88% 超出区间
002851,麦格米特,10.0,126.8,127.79,0.78,0.078,13690000.0,4007440000.0,0.00342,0.16,0.39,0.78,0.62,True,-0.39,0.3983286908077995,False,False,False,False,0,其他电源设备,1,0,False,False,B,0.8,16.6,16.629340761374188,"{'gap': 0.0, 'volume': 0.0, 'trend': 0.753, 'position': 0.004, 'sector': 0.0, 'continuity': 0.3}",0.0,[],竞价涨幅 0.78% 超出区间
603618,杭电股份,10.0,39.91,40.1,0.48,0.048,19430000.0,3986090000.0,0.00487,0.0,0.0,0.48,0.48,True,-0.48,0.6479519774011298,True,False,False,False,0,电网设备,1,6,False,False,A,1.2,23.6,23.599999999999998,"{'gap': 0.0, 'volume': 0.0, 'trend': 0.73, 'position': 0.5, 'sector': 0.0, 'continuity': 0.3}",0.0,[],竞价涨幅 0.48% 超出区间
300857,协创数据,20.0,267.89,268.3,0.15,0.008,40840000.0,3975310000.0,0.01027,-0.33,-0.71,0.15,0.49,False,-0.86,0.5275244406535003,False,False,False,False,0,计算机设备,0,1,False,False,A,2.5,12.3,12.316666666666666,"{'gap': 0.0, 'volume': 0.0, 'trend': 0.541, 'position': 0.0, 'sector': 0.0, 'continuity': 0.3}",0.0,[],竞价涨幅 0.15% 超出区间
688048,长光华芯,20.0,342.0,344.82,0.82,0.041,30030000.0,3894630000.0,0.00771,2.92,2.92,0.82,-2.1,False,2.1,0.4463667820069204,True,False,False,False,0,半导体,7,4,False,False,A,1.9,15.0,15.000000000000004,"{'gap': 0.0, 'volume': 0.0, 'trend': 0.325, 'position': 0.3, 'sector': 1.0, 'continuity': 0.3}",12.5,['竞价尾段走弱'],竞价涨幅 0.82% 超出区间
601208,东材科技,10.0,51.3,52.05,1.46,0.146,25610000.0,3856380000.0,0.00664,0.97,1.17,1.46,0.49,True,-0.29,0.4909898145729954,True,False,False,False,0,塑料制品,0,1,False,False,A,1.6,20.6,20.633333333333336,"{'gap': 0.0, 'volume': 0.0, 'trend': 0.732, 'position': 0.3, 'sector': 0.0, 'continuity': 0.3}",0.0,[],竞价涨幅 1.46% 超出区间
600664,哈药股份,10.0,7.5,7.56,0.8,0.08,46820000.0,3794530000.0,0.01234,0.13,0.13,0.8,0.67,True,-0.67,0.6938461538461538,False,False,False,False,0,化学制药,0,0,False,False,A,3.0,23.8,23.769617373226588,"{'gap': 0.0, 'volume': 0.161, 'trend': 0.762, 'position': 0.2, 'sector': 0.0, 'continuity': 0.3}",0.0,[],竞价涨幅 0.80% 超出区间
000657,中钨高新,10.0,61.76,61.29,-0.76,-0.076,83410000.0,3757960000.0,0.0222,-4.79,-3.34,-0.76,4.03,True,-2.57,0.28079119086460025,False,False,False,False,0,小金属,0,0,False,False,B,5.3,43.9,43.86471661713337,"{'gap': 0.0, 'volume': 0.716, 'trend': 1.0, 'position': 0.298, 'sector': 0.0, 'continuity': 0.3}",0.0,[],竞价涨幅 -0.76% 超出区间
300548,长芯博创,20.0,238.8,242.0,1.34,0.067,35740000.0,3741280000.0,0.00955,2.56,0.5,1.34,-1.22,False,-0.84,0.7399495820618283,True,False,False,False,0,通信设备,2,2,False,False,A,2.3,25.2,25.216666666666672,"{'gap': 0.0, 'volume': 0.0, 'trend': 0.398, 'position': 0.5, 'sector': 0.55, 'continuity': 0.3}",0.0,[],竞价涨幅 1.34% 超出区间
002916,深南电路,10.0,384.5,392.19,2.0,0.2,29260000.0,3734050000.0,0.00784,0.02,2.0,2.0,1.98,True,0.0,0.5767012687427913,True,False,False,False,0,元件,5,1,False,False,A,1.9,43.6,43.60000000000001,"{'gap': 0.0, 'volume': 0.0, 'trend': 0.98, 'position': 0.5, 'sector': 1.0, 'continuity': 0.3}",0.0,[],竞价量能 0.78%(量比≈1.9) 超出区间
300014,亿纬锂能,20.0,51.56,51.21,-0.68,-0.034,34980000.0,3669460000.0,0.00953,0.0,-1.07,-0.68,-0.68,False,-0.39,0.19821428571428598,False,False,False,False,0,电池,0,1,False,False,B,2.3,17.9,17.93363095238095,"{'gap': 0.0, 'volume': 0.0, 'trend': 0.443, 'position': 0.504, 'sector': 0.0, 'continuity': 0.3}",0.0,[],竞价涨幅 -0.68% 超出区间
000823,超声电子,10.0,23.38,23.26,-0.51,-0.051,38360000.0,3653700000.0,0.0105,-3.76,-3.72,-0.51,3.25,True,-3.21,0.810007251631617,True,False,False,False,0,元件,5,1,False,False,A,2.5,44.2,44.225824219234056,"{'gap': 0.0, 'volume': 0.009, 'trend': 1.0, 'position': 0.5, 'sector': 1.0, 'continuity': 0.3}",0.0,[],竞价涨幅 -0.51% 超出区间
600460,士兰微,10.0,32.77,33.13,1.1,0.11,32670000.0,3619410000.0,0.00903,1.31,1.31,1.1,-0.21,False,0.21,0.19551635428151432,False,False,False,False,0,半导体,7,4,False,False,B,2.2,33.5,33.46813671444322,"{'gap': 0.0, 'volume': 0.0, 'trend': 0.465, 'position': 0.511, 'sector': 1.0, 'continuity': 0.3}",0.0,[],竞价涨幅 1.10% 超出区间
300489,光智科技,20.0,224.62,223.0,-0.72,-0.036,22390000.0,3594640000.0,0.00623,0.0,-0.28,-0.72,-0.72,False,0.45,0.5313405602661802,False,False,False,False,0,光学光电子,1,3,False,False,A,1.5,10.3,10.3,"{'gap': 0.0, 'volume': 0.0, 'trend': 0.44, 'position': 0.0, 'sector': 0.0, 'continuity': 0.3}",0.0,[],竞价涨幅 -0.72% 超出区间
300666,江丰电子,20.0,260.44,262.0,0.6,0.03,20540000.0,3568510000.0,0.00576,0.91,0.91,0.6,-0.31,False,0.31,0.36035734760175814,True,True,False,False,0,半导体,7,4,False,False,A,1.4,38.0,37.983333333333334,"{'gap': 0.0, 'volume': 0.0, 'trend': 0.474, 'position': 0.8, 'sector': 1.0, 'continuity': 0.3}",0.0,[],竞价涨幅 0.60% 超出区间
301217,铜冠铜箔,20.0,113.29,113.03,-0.23,-0.011,17370000.0,3564200000.0,0.00487,1.51,1.07,-0.23,-1.74,False,1.3,0.40761926553025984,False,False,False,False,0,电池,0,1,False,False,A,1.2,0.0,0.0,"{'gap': 0.0, 'volume': 0.0, 'trend': 0.355, 'position': 0.0, 'sector': 0.0, 'continuity': 0.3}",12.5,['竞价尾段走弱'],竞价涨幅 -0.23% 超出区间
000100,TCL科技,10.0,4.99,4.98,-0.2,-0.02,8670000.0,3548340000.0,0.00244,-0.2,-0.2,-0.2,0.0,True,0.0,0.2364864864864868,False,False,False,False,0,光学光电子,1,3,False,False,B,0.6,20.6,20.631756756756747,"{'gap': 0.0, 'volume': 0.0, 'trend': 0.65, 'position': 0.409, 'sector': 0.0, 'continuity': 0.3}",0.0,[],竞价涨幅 -0.20% 超出区间
301511,德福科技,20.0,110.5,112.71,2.0,0.1,24990000.0,3515630000.0,0.00711,0.45,0.55,2.0,1.55,True,-1.45,0.514450867052023,True,False,False,False,0,电池,0,1,False,False,A,1.7,21.6,21.58333333333334,"{'gap': 0.0, 'volume': 0.0, 'trend': 0.779, 'position': 0.3, 'sector': 0.0, 'continuity': 0.3}",0.0,[],竞价量能 0.71%(量比≈1.7) 超出区间
603629,利通电子,10.0,113.6,112.51,-0.96,-0.096,14370000.0,3459250000.0,0.00415,-1.51,-1.14,-0.96,0.55,True,-0.18,0.24802110817941944,False,False,False,False,0,IT服务,0,0,False,False,B,1.0,22.0,22.032541776605107,"{'gap': 0.0, 'volume': 0.0, 'trend': 0.742, 'position': 0.38, 'sector': 0.0, 'continuity': 0.3}",0.0,[],竞价涨幅 -0.96% 超出区间
300757,罗博特科,20.0,620.6,621.14,0.09,0.004,29070000.0,3430830000.0,0.00847,0.0,0.06,0.09,0.09,True,-0.02,0.9188158309129723,False,False,False,False,0,自动化设备,3,0,False,False,A,2.0,25.1,25.15,"{'gap': 0.0, 'volume': 0.0, 'trend': 0.657, 'position': 0.2, 'sector': 0.5, 'continuity': 0.3}",0.0,[],竞价涨幅 0.09% 超出区间
000592,平潭发展,10.0,8.63,8.6,-0.35,-0.035,38680000.0,3421910000.0,0.0113,-1.39,-1.97,-0.35,1.04,False,-1.62,0.9768115942028985,True,False,False,False,0,种植业与林业,0,0,False,False,A,2.7,21.4,21.425265391850846,"{'gap': 0.0, 'volume': 0.078, 'trend': 0.673, 'position': 0.3, 'sector': 0.0, 'continuity': 0.3}",0.0,[],竞价涨幅 -0.35% 超出区间
002487,大金重工,10.0,39.6,39.01,-1.49,-0.149,46410000.0,3401150000.0,0.01365,-1.52,-2.5,-1.49,0.03,False,-1.01,0.27677165354330713,True,False,False,False,0,风电设备,0,1,False,False,B,3.3,25.6,25.638277404830074,"{'gap': 0.0, 'volume': 0.257, 'trend': 0.505, 'position': 0.508, 'sector': 0.0, 'continuity': 0.3}",0.0,[],竞价涨幅 -1.49% 超出区间
002815,崇达技术,10.0,23.4,23.4,0.0,0.0,25870000.0,3351960000.0,0.00772,0.0,-2.48,0.0,0.0,False,-2.48,0.9715165511932254,True,False,False,False,0,元件,5,1,False,False,A,1.9,31.0,31.000000000000007,"{'gap': 0.0, 'volume': 0.0, 'trend': 0.5, 'position': 0.3, 'sector': 1.0, 'continuity': 0.3}",0.0,[],竞价涨幅 0.00% 超出区间
601318,中国平安,10.0,53.37,53.3,-0.13,-0.013,16050000.0,3266260000.0,0.00491,0.02,0.02,-0.13,-0.15,False,0.15,0.5361904761904758,False,False,False,False,0,保险,0,0,False,False,A,1.2,11.0,11.0,"{'gap': 0.0, 'volume': 0.0, 'trend': 0.475, 'position': 0.0, 'sector': 0.0, 'continuity': 0.3}",0.0,[],竞价涨幅 -0.13% 超出区间
000981,山子高科,10.0,3.0,2.96,-1.33,-0.133,41060000.0,3238540000.0,0.01268,-1.33,-3.0,-1.33,0.0,False,-1.67,0.7733333333333334,True,False,False,False,0,汽车零部件,1,2,False,False,A,3.0,23.7,23.677688293996123,"{'gap': 0.0, 'volume': 0.187, 'trend': 0.5, 'position': 0.5, 'sector': 0.0, 'continuity': 0.3}",0.0,[],竞价涨幅 -1.33% 超出区间
600410,华胜天成,10.0,16.52,16.62,0.61,0.061,29950000.0,3230600000.0,0.00927,0.61,0.61,0.61,0.0,True,0.0,0.9891891891891894,True,False,False,False,0,IT服务,0,0,False,False,A,2.2,19.0,19.0,"{'gap': 0.0, 'volume': 0.0, 'trend': 0.65, 'position': 0.3, 'sector': 0.0, 'continuity': 0.3}",0.0,[],竞价涨幅 0.61% 超出区间
603773,沃格光电,10.0,94.1,94.99,0.95,0.095,31710000.0,3208080000.0,0.00988,2.53,0.96,0.95,-1.58,False,0.01,0.29631135047251295,False,False,False,False,0,光学光电子,1,3,False,False,B,2.4,10.1,10.121657690614098,"{'gap': 0.0, 'volume': 0.0, 'trend': 0.237, 'position': 0.259, 'sector': 0.0, 'continuity': 0.3}",0.0,[],竞价涨幅 0.95% 超出区间
688702,盛科通信-U,20.0,334.8,337.1,0.69,0.034,12430000.0,3185560000.0,0.0039,1.55,1.55,0.69,-0.87,False,0.86,0.2512778724349953,False,False,False,False,0,半导体,7,4,False,False,B,0.9,30.6,30.627079783687684,"{'gap': 0.0, 'volume': 0.0, 'trend': 0.427, 'position': 0.372, 'sector': 1.0, 'continuity': 0.3}",0.0,[],竞价涨幅 0.69% 超出区间
300903,科翔股份,20.0,111.19,111.51,0.29,0.014,19570000.0,3179370000.0,0.00616,0.64,0.62,0.29,-0.35,False,0.33,0.9759036144578314,True,False,False,False,0,元件,5,1,False,False,A,1.5,30.4,30.41666666666667,"{'gap': 0.0, 'volume': 0.0, 'trend': 0.471, 'position': 0.3, 'sector': 1.0, 'continuity': 0.3}",0.0,[],竞价涨幅 0.29% 超出区间
600519,贵州茅台,10.0,1257.12,1259.0,0.15,0.015,30340000.0,3135850000.0,0.00968,0.15,0.15,0.15,0.0,True,0.0,0.41727460043437026,False,False,False,False,0,白酒,0,0,False,False,A,2.3,14.5,14.500000000000002,"{'gap': 0.0, 'volume': 0.0, 'trend': 0.65, 'position': 0.0, 'sector': 0.0, 'continuity': 0.3}",0.0,[],竞价涨幅 0.15% 超出区间
603228,景旺电子,10.0,104.45,106.02,1.5,0.15,38580000.0,3111800000.0,0.0124,0.63,1.0,1.5,0.87,True,-0.51,0.8517766497461929,False,False,False,False,0,元件,5,1,False,False,A,3.0,39.6,39.550747243251095,"{'gap': 0.0, 'volume': 0.166, 'trend': 0.795, 'position': 0.2, 'sector': 1.0, 'continuity': 0.3}",0.0,[],竞价涨幅 1.50% 超出区间
002579,中京电子,10.0,19.89,19.35,-2.71,-0.271,28840000.0,3111230000.0,0.00927,-1.96,-2.71,-2.71,-0.75,False,0.0,0.8390287769784174,True,False,False,False,0,元件,5,1,False,False,A,2.2,31.5,31.500000000000007,"{'gap': 0.0, 'volume': 0.0, 'trend': 0.375, 'position': 0.5, 'sector': 1.0, 'continuity': 0.3}",0.0,[],竞价涨幅 -2.71% 超出区间
688200,华峰测控,20.0,407.93,407.0,-0.23,-0.011,23060000.0,3079330000.0,0.00749,0.78,0.78,-0.23,-1.01,False,1.01,0.3946306920043027,False,False,False,False,0,半导体,7,4,False,False,B,1.8,25.0,25.018015716505314,"{'gap': 0.0, 'volume': 0.0, 'trend': 0.416, 'position': 0.013, 'sector': 1.0, 'continuity': 0.3}",0.0,[],竞价涨幅 -0.23% 超出区间
002409,雅克科技,10.0,138.83,140.88,1.48,0.148,23670000.0,3064590000.0,0.00772,1.7,1.71,1.48,-0.22,False,0.23,0.15558256641778098,False,False,False,False,0,半导体,7,4,False,False,B,1.9,34.9,34.93232042599988,"{'gap': 0.0, 'volume': 0.0, 'trend': 0.463, 'position': 0.611, 'sector': 1.0, 'continuity': 0.3}",0.0,[],竞价涨幅 1.48% 超出区间
002241,歌尔股份,10.0,23.33,23.5,0.73,0.073,24110000.0,3047100000.0,0.00791,-0.21,-0.3,0.73,0.94,False,-1.03,0.7604166666666662,False,False,False,False,0,消费电子,0,1,False,False,A,1.9,17.6,17.633333333333333,"{'gap': 0.0, 'volume': 0.0, 'trend': 0.657, 'position': 0.2, 'sector': 0.0, 'continuity': 0.3}",0.0,[],竞价涨幅 0.73% 超出区间
301205,联特科技,20.0,323.64,325.6,0.61,0.03,14750000.0,3016120000.0,0.00489,0.42,-0.2,0.61,0.18,False,-0.8,0.8669047619047618,False,False,False,False,0,通信设备,2,2,False,False,A,1.2,23.1,23.050000000000004,"{'gap': 0.0, 'volume': 0.0, 'trend': 0.515, 'position': 0.2, 'sector': 0.55, 'continuity': 0.3}",0.0,[],竞价涨幅 0.61% 超出区间
600601,方正科技,10.0,14.5,14.65,1.03,0.103,15090000.0,2928190000.0,0.00515,1.38,1.38,1.03,-0.34,False,0.34,0.8953846153846154,True,False,False,False,0,元件,5,1,False,False,A,1.2,32.9,32.86666666666667,"{'gap': 0.0, 'volume': 0.0, 'trend': 0.443, 'position': 0.5, 'sector': 1.0, 'continuity': 0.3}",0.0,[],竞价涨幅 1.03% 超出区间
688820,盛合晶微,20.0,142.87,143.0,0.09,0.005,18300000.0,2922280000.0,0.00626,-1.31,-1.31,0.09,1.4,True,-1.4,0.27983495556495985,True,False,False,False,0,半导体,7,4,False,False,B,1.5,39.3,39.33952249964734,"{'gap': 0.0, 'volume': 0.0, 'trend': 0.767, 'position': 0.5, 'sector': 1.0, 'continuity': 0.3}",0.0,[],竞价涨幅 0.09% 超出区间
301396,宏景科技,20.0,179.72,182.94,1.79,0.09,18370000.0,2917520000.0,0.0063,2.87,0.12,1.79,-1.07,False,-1.67,0.24614086464486026,False,False,False,False,0,IT服务,0,0,False,False,B,1.5,15.5,15.486384242484409,"{'gap': 0.0, 'volume': 0.0, 'trend': 0.411, 'position': 0.385, 'sector': 0.0, 'continuity': 0.3}",0.0,[],竞价涨幅 1.79% 超出区间
000338,潍柴动力,10.0,27.23,27.24,0.04,0.004,13010000.0,2881330000.0,0.00452,0.18,0.22,0.04,-0.15,False,0.18,0.37740693196405667,False,False,False,False,0,汽车零部件,1,2,False,False,B,1.1,11.8,11.847240051347876,"{'gap': 0.0, 'volume': 0.0, 'trend': 0.475, 'position': 0.056, 'sector': 0.0, 'continuity': 0.3}",0.0,[],竞价涨幅 0.04% 超出区间
600330,天通股份,10.0,29.37,29.39,0.07,0.007,8960000.0,2782990000.0,0.00322,0.0,0.0,0.07,0.07,True,-0.07,0.8976486860304288,True,False,False,False,0,电子化学品,3,0,False,False,A,0.8,29.7,29.733333333333338,"{'gap': 0.0, 'volume': 0.0, 'trend': 0.662, 'position': 0.5, 'sector': 0.5, 'continuity': 0.3}",0.0,[],竞价涨幅 0.07% 超出区间
300059,东方财富,20.0,18.37,18.38,0.05,0.003,17270000.0,2778970000.0,0.00621,0.05,0.16,0.05,0.0,False,0.11,0.08333333333333369,False,False,False,False,0,证券,0,1,False,False,B,1.5,23.4,23.37499999999999,"{'gap': 0.0, 'volume': 0.0, 'trend': 0.5, 'position': 0.792, 'sector': 0.0, 'continuity': 0.3}",0.0,[],竞价涨幅 0.05% 超出区间
300433,蓝思科技,20.0,33.48,33.7,0.66,0.033,16320000.0,2777370000.0,0.00588,0.0,0.0,0.66,0.66,True,-0.66,0.11607533946561537,False,False,False,False,0,消费电子,0,1,False,False,B,1.4,26.2,26.24717477003943,"{'gap': 0.0, 'volume': 0.0, 'trend': 0.705, 'position': 0.71, 'sector': 0.0, 'continuity': 0.3}",0.0,[],竞价涨幅 0.66% 超出区间
600378,昊华科技,10.0,48.0,48.37,0.77,0.077,14270000.0,2761590000.0,0.00517,0.0,1.0,0.77,0.77,False,0.23,0.23161682032831116,False,False,False,False,0,化学制品,2,3,False,False,B,1.2,28.6,28.631035904355002,"{'gap': 0.0, 'volume': 0.0, 'trend': 0.628, 'position': 0.421, 'sector': 0.55, 'continuity': 0.3}",0.0,[],竞价涨幅 0.77% 超出区间
300346,南大光电,20.0,56.0,56.57,1.02,0.051,21300000.0,2745240000.0,0.00776,1.02,1.02,1.02,0.0,True,0.0,0.20360712733594083,False,False,False,False,0,电子化学品,3,0,False,False,B,1.9,29.4,29.364732724902222,"{'gap': 0.0, 'volume': 0.0, 'trend': 0.65, 'position': 0.491, 'sector': 0.5, 'continuity': 0.3}",0.0,[],竞价涨幅 1.02% 超出区间
300395,菲利华,20.0,93.38,94.0,0.66,0.033,5820000.0,2714850000.0,0.00214,0.0,0.13,0.66,0.66,True,-0.54,0.357893061744112,False,False,False,False,0,军工装备,0,0,False,False,B,0.5,17.2,17.1790101845958,"{'gap': 0.0, 'volume': 0.0, 'trend': 0.705, 'position': 0.105, 'sector': 0.0, 'continuity': 0.3}",0.0,[],竞价涨幅 0.66% 超出区间
000811,冰轮环境,10.0,41.52,41.0,-1.25,-0.125,26020000.0,2713300000.0,0.00959,-1.04,-1.04,-1.25,-0.22,False,0.22,0.3771186440677968,False,False,False,False,0,通用设备,1,3,False,False,B,2.3,11.6,11.624717514124287,"{'gap': 0.0, 'volume': 0.0, 'trend': 0.463, 'position': 0.057, 'sector': 0.0, 'continuity': 0.3}",0.0,[],竞价涨幅 -1.25% 超出区间
600547,山东黄金,10.0,32.77,32.42,-1.07,-0.107,17760000.0,2702680000.0,0.00657,-0.82,-0.82,-1.07,-0.24,False,0.24,0.6536124240378126,False,False,False,False,0,贵金属,0,0,False,False,A,1.6,13.7,13.700000000000001,"{'gap': 0.0, 'volume': 0.0, 'trend': 0.46, 'position': 0.2, 'sector': 0.0, 'continuity': 0.3}",0.0,[],竞价涨幅 -1.07% 超出区间
300319,麦捷科技,20.0,21.56,21.98,1.95,0.097,18980000.0,2626860000.0,0.00723,0.09,0.56,1.95,1.86,True,-1.39,0.4333148865522965,True,False,False,False,0,元件,5,1,False,False,A,1.7,37.1,37.1,"{'gap': 0.0, 'volume': 0.0, 'trend': 0.805, 'position': 0.3, 'sector': 1.0, 'continuity': 0.3}",0.0,[],竞价涨幅 1.95% 超出区间
688627,精智达,20.0,503.0,513.0,1.99,0.099,21280000.0,2612190000.0,0.00815,2.19,2.19,1.99,-0.2,False,0.2,0.3821403590580555,False,False,False,False,0,专用设备,1,1,False,False,B,2.0,11.8,11.836403201989587,"{'gap': 0.0, 'volume': 0.0, 'trend': 0.483, 'position': 0.045, 'sector': 0.0, 'continuity': 0.3}",0.0,[],竞价涨幅 1.99% 超出区间
300209,行云科技,20.0,34.16,34.3,0.41,0.02,17110000.0,2601650000.0,0.00658,2.46,1.73,0.41,-2.05,False,1.32,0.696396928529238,False,False,False,False,0,互联网电商,0,0,False,False,A,1.6,0.0,0.0,"{'gap': 0.0, 'volume': 0.0, 'trend': 0.329, 'position': 0.2, 'sector': 0.0, 'continuity': 0.3}",12.5,['竞价尾段走弱'],竞价涨幅 0.41% 超出区间
002837,英维克,10.0,63.28,63.5,0.35,0.035,12810000.0,2598840000.0,0.00493,0.16,0.35,0.35,0.19,True,0.0,0.5083056478405316,False,False,False,False,0,专用设备,1,1,False,False,A,1.2,15.1,15.133333333333333,"{'gap': 0.0, 'volume': 0.0, 'trend': 0.682, 'position': 0.0, 'sector': 0.0, 'continuity': 0.3}",0.0,[],竞价涨幅 0.35% 超出区间
688143,长盈通,20.0,195.52,193.8,-0.88,-0.044,10700000.0,2582160000.0,0.00414,1.21,0.0,-0.88,-2.09,False,0.88,0.9873677022874702,True,False,False,False,0,通信设备,2,2,False,False,A,1.0,20.8,20.766666666666666,"{'gap': 0.0, 'volume': 0.0, 'trend': 0.326, 'position': 0.3, 'sector': 0.55, 'continuity': 0.3}",0.0,[],竞价涨幅 -0.88% 超出区间
300661,圣邦股份,20.0,125.13,124.99,-0.11,-0.006,9160000.0,2562910000.0,0.00357,-0.03,-0.74,-0.11,-0.08,False,-0.63,0.6595547309833024,False,False,False,False,0,半导体,7,4,False,False,A,0.9,29.4,29.366666666666667,"{'gap': 0.0, 'volume': 0.0, 'trend': 0.493, 'position': 0.2, 'sector': 1.0, 'continuity': 0.3}",0.0,[],竞价涨幅 -0.11% 超出区间
603268,松发股份,10.0,208.0,209.9,0.91,0.091,9840000.0,2516280000.0,0.00391,0.9,0.91,0.91,0.01,True,0.0,1.0,False,False,False,False,0,军工装备,0,0,False,False,A,0.9,14.5,14.533333333333337,"{'gap': 0.0, 'volume': 0.0, 'trend': 0.652, 'position': 0.0, 'sector': 0.0, 'continuity': 0.3}",0.0,[],竞价涨幅 0.91% 超出区间
002594,比亚迪,10.0,84.3,84.27,-0.04,-0.004,17870000.0,2515190000.0,0.0071,-0.02,-0.23,-0.04,-0.01,False,-0.19,0.28140096618357463,False,False,False,False,0,汽车整车,0,0,False,False,B,1.7,15.9,15.914130434782619,"{'gap': 0.0, 'volume': 0.0, 'trend': 0.498, 'position': 0.296, 'sector': 0.0, 'continuity': 0.3}",0.0,[],竞价涨幅 -0.04% 超出区间
600276,恒瑞医药,10.0,43.91,44.5,1.34,0.134,41170000.0,2498550000.0,0.01648,0.89,0.89,1.34,0.46,True,-0.46,0.08361429534726872,False,False,False,False,0,化学制药,0,0,False,False,B,4.0,38.8,38.76114866095667,"{'gap': 0.0, 'volume': 0.435, 'trend': 0.727, 'position': 0.791, 'sector': 0.0, 'continuity': 0.3}",0.0,[],竞价涨幅 1.34% 超出区间
600172,黄河旋风,10.0,16.0,16.07,0.44,0.044,15010000.0,2496830000.0,0.00601,0.44,0.44,0.44,0.0,True,0.0,0.7058823529411765,True,False,False,False,0,通用设备,1,3,False,False,A,1.4,22.0,22.000000000000004,"{'gap': 0.0, 'volume': 0.0, 'trend': 0.65, 'position': 0.5, 'sector': 0.0, 'continuity': 0.3}",0.0,[],竞价涨幅 0.44% 超出区间
688519,南亚新材,20.0,316.31,319.89,1.13,0.057,9690000.0,2479590000.0,0.00391,0.85,0.85,1.13,0.28,True,-0.28,0.6473940466969126,True,False,False,False,0,元件,5,1,False,False,A,0.9,37.5,37.46666666666667,"{'gap': 0.0, 'volume': 0.0, 'trend': 0.673, 'position': 0.5, 'sector': 1.0, 'continuity': 0.3}",0.0,[],竞价涨幅 1.13% 超出区间
300179,四方达,20.0,45.34,45.55,0.46,0.023,17430000.0,2431060000.0,0.00717,0.66,0.79,0.46,-0.2,False,0.33,0.542680947744239,True,False,False,False,0,通用设备,1,3,False,False,A,1.7,15.7,15.666666666666668,"{'gap': 0.0, 'volume': 0.0, 'trend': 0.483, 'position': 0.3, 'sector': 0.0, 'continuity': 0.3}",0.0,[],竞价涨幅 0.46% 超出区间
600988,赤峰黄金,10.0,44.26,43.85,-0.93,-0.093,7010000.0,2412330000.0,0.00291,-1.04,-1.04,-0.93,0.11,True,-0.11,0.7811176968670618,False,False,False,False,0,贵金属,0,0,False,False,A,0.7,17.9,17.86666666666667,"{'gap': 0.0, 'volume': 0.0, 'trend': 0.668, 'position': 0.2, 'sector': 0.0, 'continuity': 0.3}",0.0,[],竞价涨幅 -0.93% 超出区间
002484,江海股份,10.0,61.48,62.46,1.59,0.159,21970000.0,2411680000.0,0.00911,0.85,1.53,1.59,0.75,True,-0.07,0.14334470989761083,True,False,False,False,0,元件,5,1,False,False,B,2.2,44.6,44.62457337883959,"{'gap': 0.0, 'volume': 0.0, 'trend': 0.775, 'position': 0.842, 'sector': 1.0, 'continuity': 0.3}",0.0,[],竞价涨幅 1.59% 超出区间
603019,中科曙光,10.0,84.3,84.62,0.38,0.038,11650000.0,2389870000.0,0.00487,0.3,0.3,0.38,0.08,True,-0.08,0.12452830188679234,False,False,False,False,0,计算机设备,0,1,False,False,B,1.2,25.1,25.096855345911955,"{'gap': 0.0, 'volume': 0.0, 'trend': 0.663, 'position': 0.689, 'sector': 0.0, 'continuity': 0.3}",0.0,[],竞价涨幅 0.38% 超出区间
688300,联瑞新材,20.0,176.8,176.5,-0.17,-0.008,13680000.0,2385290000.0,0.00574,-0.73,-0.02,-0.17,0.56,False,0.15,0.5290786020168533,True,False,False,False,0,非金属材料,2,0,False,False,A,1.4,20.7,20.68333333333333,"{'gap': 0.0, 'volume': 0.0, 'trend': 0.547, 'position': 0.3, 'sector': 0.25, 'continuity': 0.3}",0.0,[],竞价涨幅 -0.17% 超出区间
603893,瑞芯微,10.0,190.04,190.04,0.0,0.0,10980000.0,2356150000.0,0.00466,0.0,0.0,0.0,0.0,True,0.0,0.2845558422410614,False,False,False,False,0,半导体,7,4,False,False,B,1.1,33.8,33.82915591596019,"{'gap': 0.0, 'volume': 0.0, 'trend': 0.65, 'position': 0.289, 'sector': 1.0, 'continuity': 0.3}",0.0,[],竞价涨幅 0.00% 超出区间
300759,康龙化成,20.0,43.3,44.52,2.82,0.141,25390000.0,2328160000.0,0.01091,1.02,1.5,2.82,1.8,True,-1.32,0.6487695749440715,False,False,False,False,0,医疗服务,4,1,False,False,A,2.6,43.8,43.81308541943963,"{'gap': 0.547, 'volume': 0.045, 'trend': 0.8, 'position': 0.2, 'sector': 0.75, 'continuity': 0.3}",0.0,[],
300454,深信服,20.0,143.06,142.03,-0.72,-0.036,14120000.0,2303010000.0,0.00613,-0.74,-0.74,-0.72,0.02,True,-0.02,1.0,True,False,False,False,0,软件开发,2,2,False,False,A,1.5,27.3,27.28333333333334,"{'gap': 0.0, 'volume': 0.0, 'trend': 0.652, 'position': 0.3, 'sector': 0.55, 'continuity': 0.3}",0.0,[],竞价涨幅 -0.72% 超出区间
688808,联讯仪器,20.0,2468.0,2478.0,0.41,0.02,9420000.0,2283620000.0,0.00413,2.07,1.7,0.41,-1.66,False,1.3,0.8314747078240698,False,False,False,False,0,通用设备,1,3,False,False,A,1.0,0.0,0.0,"{'gap': 0.0, 'volume': 0.0, 'trend': 0.362, 'position': 0.2, 'sector': 0.0, 'continuity': 0.3}",12.5,['竞价尾段走弱'],竞价涨幅 0.41% 超出区间
301018,申菱环境,20.0,105.02,107.88,2.72,0.136,20200000.0,2279720000.0,0.00886,0.17,1.03,2.72,2.55,True,-1.69,0.651004366812227,False,False,False,False,0,通用设备,1,3,False,False,A,2.1,31.4,31.350000000000012,"{'gap': 0.48, 'volume': 0.0, 'trend': 0.863, 'position': 0.2, 'sector': 0.0, 'continuity': 0.3}",0.0,[],竞价量能 0.89%(量比≈2.1) 超出区间
300058,蓝色光标,20.0,13.15,13.2,0.38,0.019,14520000.0,2269010000.0,0.0064,0.15,0.38,0.38,0.23,True,0.0,0.39835728952772087,False,False,False,False,0,文化传媒,3,3,False,False,B,1.5,26.9,26.9449349760438,"{'gap': 0.0, 'volume': 0.0, 'trend': 0.669, 'position': 0.004, 'sector': 0.8, 'continuity': 0.3}",0.0,[],竞价涨幅 0.38% 超出区间
603993,洛阳钼业,10.0,17.51,17.52,0.06,0.006,8990000.0,2252390000.0,0.00399,0.06,0.06,0.06,0.0,True,0.0,0.16372795969773357,False,False,False,False,0,工业金属,0,0,False,False,B,1.0,23.4,23.360201511334992,"{'gap': 0.0, 'volume': 0.0, 'trend': 0.65, 'position': 0.591, 'sector': 0.0, 'continuity': 0.3}",0.0,[],竞价涨幅 0.06% 超出区间
301080,百普赛斯,20.0,109.48,112.12,2.41,0.121,43970000.0,2249520000.0,0.01955,1.39,1.49,2.41,1.02,True,-0.92,1.0,True,False,False,True,0,生物制品,3,0,False,False,A,4.7,33.6,33.56128860986366,"{'gap': 0.273, 'volume': 0.596, 'trend': 0.735, 'position': 0.3, 'sector': 0.5, 'continuity': 0.3}",15.0,['昨日炸板'],
688110,东芯股份,20.0,122.36,123.6,1.01,0.051,10810000.0,2246530000.0,0.00481,0.93,0.69,1.01,0.08,False,-0.33,0.2369606003752346,False,False,False,False,0,半导体,7,4,False,False,B,1.2,32.7,32.74731081926204,"{'gap': 0.0, 'volume': 0.0, 'trend': 0.507, 'position': 0.408, 'sector': 1.0, 'continuity': 0.3}",0.0,[],竞价涨幅 1.01% 超出区间
600030,中信证券,10.0,26.54,26.55,0.04,0.004,11020000.0,2245280000.0,0.00491,0.04,0.04,0.04,0.0,True,0.0,0.11480362537764324,False,False,False,False,0,证券,0,1,False,False,B,1.2,25.2,25.194864048338378,"{'gap': 0.0, 'volume': 0.0, 'trend': 0.65, 'position': 0.713, 'sector': 0.0, 'continuity': 0.3}",0.0,[],竞价涨幅 0.04% 超出区间
002407,多氟多,10.0,33.21,33.22,0.03,0.003,10140000.0,2243930000.0,0.00452,0.0,0.03,0.03,0.03,True,0.0,0.18761518614080355,False,False,False,False,0,化学制品,2,3,False,False,B,1.1,30.8,30.81443051971987,"{'gap': 0.0, 'volume': 0.0, 'trend': 0.655, 'position': 0.531, 'sector': 0.55, 'continuity': 0.3}",0.0,[],竞价涨幅 0.03% 超出区间
003026,中晶科技,10.0,37.2,37.21,0.03,0.003,71410000.0,2225840000.0,0.03208,-10.0,-5.91,0.03,10.03,True,-5.94,0.6021759697256388,True,False,False,True,0,半导体,7,4,False,False,A,7.7,53.3,53.329645986638425,"{'gap': 0.0, 'volume': 0.973, 'trend': 1.0, 'position': 0.5, 'sector': 1.0, 'continuity': 0.3}",15.0,['昨日炸板'],竞价涨幅 0.03% 超出区间
003031,中瓷电子,10.0,135.5,136.67,0.86,0.086,12490000.0,2209020000.0,0.00565,1.11,1.11,0.86,-0.24,False,0.24,0.4977578475336323,True,False,False,False,0,通信设备,2,2,False,False,A,1.4,23.5,23.450000000000003,"{'gap': 0.0, 'volume': 0.0, 'trend': 0.46, 'position': 0.3, 'sector': 0.55, 'continuity': 0.3}",0.0,[],竞价涨幅 0.86% 超出区间
000333,美的集团,10.0,84.4,84.08,-0.38,-0.038,36690000.0,2201830000.0,0.01666,-0.58,-0.58,-0.38,0.2,True,-0.2,0.6609538002980628,False,False,False,False,0,白色家电,0,0,False,False,A,4.0,29.3,29.286370690232744,"{'gap': 0.0, 'volume': 0.445, 'trend': 0.683, 'position': 0.2, 'sector': 0.0, 'continuity': 0.3}",0.0,[],竞价涨幅 -0.38% 超出区间
603127,昭衍新药,10.0,45.76,46.38,1.35,0.135,17920000.0,2193740000.0,0.00817,0.92,1.62,1.35,0.44,False,0.26,0.49124999999999996,False,False,False,False,0,医疗服务,4,1,False,False,A,2.0,24.2,24.21666666666667,"{'gap': 0.0, 'volume': 0.0, 'trend': 0.573, 'position': 0.0, 'sector': 0.75, 'continuity': 0.3}",0.0,[],竞价涨幅 1.35% 超出区间
605358,立昂微,10.0,46.5,46.66,0.34,0.034,9680000.0,2169400000.0,0.00446,0.02,0.02,0.34,0.32,True,-0.32,0.24501811594202896,False,False,False,False,0,半导体,7,4,False,False,B,1.1,36.4,36.37848731884058,"{'gap': 0.0, 'volume': 0.0, 'trend': 0.703, 'position': 0.387, 'sector': 1.0, 'continuity': 0.3}",0.0,[],竞价涨幅 0.34% 超出区间
688195,腾景科技,20.0,199.48,199.0,-0.24,-0.012,4540000.0,2163910000.0,0.0021,0.46,0.77,-0.24,-0.7,False,1.01,0.9562312385010167,False,False,False,False,0,光学光电子,1,3,False,False,A,0.5,10.3,10.333333333333334,"{'gap': 0.0, 'volume': 0.0, 'trend': 0.442, 'position': 0.0, 'sector': 0.0, 'continuity': 0.3}",0.0,[],竞价涨幅 -0.24% 超出区间
300054,鼎龙股份,20.0,72.58,73.65,1.47,0.074,17460000.0,2163790000.0,0.00807,1.13,1.47,1.47,0.34,True,0.0,0.22475040631530066,False,False,False,False,0,电子化学品,3,0,False,False,B,1.9,29.1,29.138526429842898,"{'gap': 0.0, 'volume': 0.0, 'trend': 0.678, 'position': 0.438, 'sector': 0.5, 'continuity': 0.3}",0.0,[],竞价涨幅 1.47% 超出区间
300136,信维通信,20.0,59.51,60.55,1.75,0.087,25090000.0,2158470000.0,0.01162,0.82,1.93,1.75,0.92,False,0.18,0.052798477881718694,False,False,False,False,0,消费电子,0,1,False,False,B,2.8,28.7,28.670976483871392,"{'gap': 0.0, 'volume': 0.105, 'trend': 0.577, 'position': 0.868, 'sector': 0.0, 'continuity': 0.3}",0.0,[],竞价涨幅 1.75% 超出区间
300398,飞凯材料,20.0,38.35,39.09,1.93,0.096,36090000.0,2145270000.0,0.01682,0.08,1.17,1.93,1.85,True,-0.76,0.2441656942823804,False,True,False,False,0,电子化学品,3,0,False,False,A,4.0,43.9,43.92859177008843,"{'gap': 0.0, 'volume': 0.454, 'trend': 0.804, 'position': 0.5, 'sector': 0.5, 'continuity': 0.3}",0.0,[],竞价涨幅 1.93% 超出区间
002938,鹏鼎控股,10.0,89.88,91.32,1.6,0.16,6440000.0,2144520000.0,0.003,0.01,0.41,1.6,1.59,True,-1.19,0.4715308557790658,False,False,False,False,0,元件,5,1,False,False,A,0.7,34.8,34.800000000000004,"{'gap': 0.0, 'volume': 0.0, 'trend': 0.915, 'position': 0.0, 'sector': 1.0, 'continuity': 0.3}",0.0,[],竞价涨幅 1.60% 超出区间
688183,生益电子,20.0,121.2,122.05,0.7,0.035,5860000.0,2139480000.0,0.00274,1.38,0.66,0.7,-0.68,False,-0.04,0.7678606768256481,False,False,False,False,0,元件,5,1,False,False,A,0.7,28.4,28.366666666666667,"{'gap': 0.0, 'volume': 0.0, 'trend': 0.443, 'position': 0.2, 'sector': 1.0, 'continuity': 0.3}",0.0,[],竞价涨幅 0.70% 超出区间
002584,西陇科学,10.0,9.75,9.58,-1.74,-0.174,48220000.0,2133690000.0,0.0226,-9.95,-8.0,-1.74,8.21,True,-6.26,0.6943765281173594,True,False,False,False,0,电子化学品,3,0,False,False,A,5.4,54.8,54.81579838063498,"{'gap': 0.0, 'volume': 0.733, 'trend': 1.0, 'position': 0.5, 'sector': 0.5, 'continuity': 0.3}",0.0,[],竞价涨幅 -1.74% 超出区间
600110,诺德股份,10.0,12.28,12.31,0.24,0.024,16100000.0,2116630000.0,0.00761,1.87,1.79,0.24,-1.63,False,1.55,0.5510996119016817,True,False,False,False,0,电池,0,1,False,False,A,1.8,1.1,1.0666666666666664,"{'gap': 0.0, 'volume': 0.0, 'trend': 0.228, 'position': 0.5, 'sector': 0.0, 'continuity': 0.3}",12.5,['竞价尾段走弱'],竞价涨幅 0.24% 超出区间
000063,中兴通讯,10.0,32.44,32.46,0.06,0.006,8790000.0,2114370000.0,0.00416,0.03,0.03,0.06,0.03,True,-0.03,0.0658198614318703,False,False,False,False,0,通信设备,2,2,False,False,B,1.0,35.4,35.381755196304866,"{'gap': 0.0, 'volume': 0.0, 'trend': 0.655, 'position': 0.835, 'sector': 0.55, 'continuity': 0.3}",0.0,[],竞价涨幅 0.06% 超出区间
600353,旭光电子,10.0,34.53,34.54,0.03,0.003,18110000.0,2111190000.0,0.00858,0.0,-1.53,0.03,0.03,False,-1.56,0.5490835030549898,False,False,False,False,0,其他电子,2,1,False,False,A,2.1,15.4,15.350000000000003,"{'gap': 0.0, 'volume': 0.0, 'trend': 0.505, 'position': 0.0, 'sector': 0.25, 'continuity': 0.3}",0.0,[],竞价涨幅 0.03% 超出区间
688548,广钢气体,20.0,32.9,33.59,2.1,0.105,12610000.0,2109990000.0,0.00598,2.98,2.92,2.1,-0.88,False,0.82,0.18749999999999992,False,False,False,False,0,电子化学品,3,0,False,False,B,1.4,26.8,26.835416666666674,"{'gap': 0.067, 'volume': 0.0, 'trend': 0.427, 'position': 0.531, 'sector': 0.5, 'continuity': 0.3}",0.0,[],竞价量能 0.60%(量比≈1.4) 超出区间
300567,精测电子,20.0,219.15,219.16,0.0,0.0,11790000.0,2109760000.0,0.00559,1.21,1.21,0.0,-1.2,False,1.2,0.34628154050464804,False,False,False,False,0,通用设备,1,3,False,False,B,1.3,0.0,0.0,"{'gap': 0.0, 'volume': 0.0, 'trend': 0.4, 'position': 0.134, 'sector': 0.0, 'continuity': 0.3}",12.5,['竞价尾段走弱'],竞价涨幅 0.00% 超出区间
600186,莲花控股,10.0,12.61,12.61,0.0,0.0,9830000.0,2107060000.0,0.00467,0.0,0.0,0.0,0.0,True,0.0,0.7765273311897105,True,False,False,False,0,食品加工制造,0,0,False,False,A,1.1,22.0,22.000000000000004,"{'gap': 0.0, 'volume': 0.0, 'trend': 0.65, 'position': 0.5, 'sector': 0.0, 'continuity': 0.3}",0.0,[],竞价涨幅 0.00% 超出区间
688388,嘉元科技,20.0,30.88,30.83,-0.16,-0.008,11060000.0,2095420000.0,0.00528,0.0,0.16,-0.16,-0.16,False,0.32,0.3925925925925926,False,False,False,False,0,电池,0,1,False,False,B,1.3,11.5,11.511111111111111,"{'gap': 0.0, 'volume': 0.0, 'trend': 0.487, 'position': 0.019, 'sector': 0.0, 'continuity': 0.3}",0.0,[],竞价涨幅 -0.16% 超出区间
300077,国民技术,20.0,22.18,22.2,0.09,0.005,19710000.0,2093300000.0,0.00942,-1.71,-1.71,0.09,1.8,True,-1.8,0.40876853642811084,False,False,False,False,0,半导体,7,4,False,False,A,2.3,32.5,32.50000000000001,"{'gap': 0.0, 'volume': 0.0, 'trend': 0.8, 'position': 0.0, 'sector': 1.0, 'continuity': 0.3}",0.0,[],竞价涨幅 0.09% 超出区间
002353,杰瑞股份,10.0,125.9,128.41,1.99,0.199,25760000.0,2089670000.0,0.01233,1.8,2.46,1.99,0.2,False,0.47,0.19755058572949957,False,False,False,False,0,专用设备,1,1,False,False,B,3.0,23.8,23.775672446917934,"{'gap': 0.0, 'volume': 0.161, 'trend': 0.533, 'position': 0.506, 'sector': 0.0, 'continuity': 0.3}",0.0,[],竞价涨幅 1.99% 超出区间
000993,闽东电力,10.0,19.6,19.99,1.99,0.199,70740000.0,2088010000.0,0.03388,-3.01,-2.24,1.99,5.0,True,-4.23,1.0,True,True,False,True,0,电力,0,2,False,False,A,8.1,12.3,12.283725118783025,"{'gap': 0.0, 'volume': 0.951, 'trend': 1.0, 'position': 0.8, 'sector': 0.0, 'continuity': 0.3}",45.0,"['高位极端放量', '昨日炸板']",竞价涨幅 1.99% 超出区间
600026,中远海能,10.0,22.07,22.12,0.23,0.023,16310000.0,2067550000.0,0.00789,1.27,0.23,0.23,-1.04,False,0.0,0.9974619289340102,True,False,False,False,0,港口航运,0,0,False,False,A,1.9,12.5,12.533333333333335,"{'gap': 0.0, 'volume': 0.0, 'trend': 0.327, 'position': 0.3, 'sector': 0.0, 'continuity': 0.3}",0.0,[],竞价涨幅 0.23% 超出区间
300418,昆仑万维,20.0,43.79,43.99,0.46,0.023,17020000.0,2066770000.0,0.00824,0.46,0.59,0.46,0.0,False,0.14,0.5402219140083216,False,False,False,False,0,文化传媒,3,3,False,False,A,2.0,23.5,23.5,"{'gap': 0.0, 'volume': 0.0, 'trend': 0.5, 'position': 0.0, 'sector': 0.8, 'continuity': 0.3}",0.0,[],竞价涨幅 0.46% 超出区间
300033,同花顺,20.0,207.2,207.0,-0.1,-0.005,14200000.0,2064140000.0,0.00688,-0.1,-0.1,-0.1,0.0,True,0.0,0.10814606741573027,False,False,False,False,0,软件开发,2,2,False,False,B,1.7,33.7,33.69452247191012,"{'gap': 0.0, 'volume': 0.0, 'trend': 0.65, 'position': 0.73, 'sector': 0.55, 'continuity': 0.3}",0.0,[],竞价涨幅 -0.10% 超出区间
002902,铭普光磁,10.0,31.2,30.6,-1.92,-0.192,49050000.0,2058410000.0,0.02383,0.0,-1.83,-1.92,-1.92,False,0.1,1.0,True,False,False,True,0,通信设备,2,2,False,False,A,5.7,22.4,22.416407363594296,"{'gap': 0.0, 'volume': 0.783, 'trend': 0.18, 'position': 0.3, 'sector': 0.55, 'continuity': 0.3}",15.0,['昨日炸板'],竞价涨幅 -1.92% 超出区间
603650,彤程新材,10.0,73.55,73.88,0.45,0.045,17660000.0,2041610000.0,0.00865,0.6,0.6,0.45,-0.15,False,0.15,0.48252488879474675,True,False,False,False,0,橡胶制品,0,0,False,False,A,2.1,15.5,15.500000000000004,"{'gap': 0.0, 'volume': 0.0, 'trend': 0.475, 'position': 0.3, 'sector': 0.0, 'continuity': 0.3}",0.0,[],竞价涨幅 0.45% 超出区间
603002,宏昌电子,10.0,19.18,19.3,0.63,0.063,8470000.0,2040470000.0,0.00415,0.63,0.63,0.63,0.0,True,0.0,0.5978090766823161,True,False,False,False,0,电子化学品,3,0,False,False,A,1.0,29.5,29.500000000000004,"{'gap': 0.0, 'volume': 0.0, 'trend': 0.65, 'position': 0.5, 'sector': 0.5, 'continuity': 0.3}",0.0,[],竞价涨幅 0.63% 超出区间
301536,星宸科技,20.0,125.77,124.0,-1.41,-0.07,10580000.0,2039520000.0,0.00519,-0.61,-1.5,-1.41,-0.8,False,-0.1,0.7512735326688814,False,False,False,False,0,半导体,7,4,False,False,A,1.2,28.2,28.166666666666668,"{'gap': 0.0, 'volume': 0.0, 'trend': 0.433, 'position': 0.2, 'sector': 1.0, 'continuity': 0.3}",0.0,[],竞价涨幅 -1.41% 超出区间
600900,长江电力,10.0,28.27,28.16,-0.39,-0.039,15770000.0,2034530000.0,0.00775,-0.35,-0.35,-0.39,-0.04,False,0.04,0.5960264900662254,False,False,False,False,0,电力,0,2,False,False,A,1.9,14.4,14.366666666666667,"{'gap': 0.0, 'volume': 0.0, 'trend': 0.493, 'position': 0.2, 'sector': 0.0, 'continuity': 0.3}",0.0,[],竞价涨幅 -0.39% 超出区间
600309,万华化学,10.0,71.15,70.5,-0.91,-0.091,12580000.0,2028030000.0,0.0062,-0.21,-0.21,-0.91,-0.7,False,0.7,0.3523489932885908,False,False,False,False,0,化学制品,2,3,False,False,B,1.5,19.2,19.203579418344514,"{'gap': 0.0, 'volume': 0.0, 'trend': 0.383, 'position': 0.119, 'sector': 0.55, 'continuity': 0.3}",0.0,[],竞价涨幅 -0.91% 超出区间
688362,甬矽电子,20.0,64.79,65.43,0.99,0.049,11140000.0,2024000000.0,0.0055,1.67,1.36,0.99,-0.68,False,0.37,0.2074484944532489,False,False,False,False,0,半导体,7,4,False,False,B,1.3,32.6,32.58734812466984,"{'gap': 0.0, 'volume': 0.0, 'trend': 0.443, 'position': 0.481, 'sector': 1.0, 'continuity': 0.3}",0.0,[],竞价涨幅 0.99% 超出区间
688167,炬光科技,20.0,311.62,311.0,-0.2,-0.01,10460000.0,2021630000.0,0.00517,-2.12,-1.96,-0.2,1.92,True,-1.76,0.7831355975355162,False,False,False,False,0,半导体,7,4,False,False,A,1.2,35.7,35.7,"{'gap': 0.0, 'volume': 0.0, 'trend': 0.81, 'position': 0.2, 'sector': 1.0, 'continuity': 0.3}",0.0,[],竞价涨幅 -0.20% 超出区间
600721,百花医药,10.0,11.95,12.01,0.5,0.05,24470000.0,2016130000.0,0.01214,-2.26,-1.0,0.5,2.76,True,-1.51,0.5330700888450148,False,False,False,False,0,医疗服务,4,1,False,False,A,2.9,36.4,36.40067985859823,"{'gap': 0.0, 'volume': 0.146, 'trend': 1.0, 'position': 0.0, 'sector': 0.75, 'continuity': 0.3}",0.0,[],竞价涨幅 0.50% 超出区间
601398,工商银行,10.0,8.07,8.06,-0.12,-0.012,19480000.0,1996830000.0,0.00976,0.0,0.0,-0.12,-0.12,False,0.12,0.8728813559322032,True,False,False,False,0,银行,0,0,False,False,A,2.3,18.6,18.6,"{'gap': 0.0, 'volume': 0.0, 'trend': 0.48, 'position': 0.5, 'sector': 0.0, 'continuity': 0.3}",0.0,[],竞价涨幅 -0.12% 超出区间
002980,华盛昌,10.0,128.03,128.38,0.27,0.027,35020000.0,1982780000.0,0.01766,1.14,1.14,0.27,-0.87,False,0.87,0.9118924219078304,False,False,True,False,1,电网设备,1,6,False,False,A,4.2,26.8,26.84529449890069,"{'gap': 0.0, 'volume': 0.5, 'trend': 0.355, 'position': 0.2, 'sector': 0.0, 'continuity': 0.85}",0.0,[],竞价涨幅 0.27% 超出区间
002536,飞龙股份,10.0,53.64,53.94,0.56,0.056,17010000.0,1977440000.0,0.0086,0.0,-0.04,0.56,0.56,False,-0.6,0.701715374841169,False,False,False,False,0,汽车零部件,1,2,False,False,A,2.1,16.4,16.366666666666667,"{'gap': 0.0, 'volume': 0.0, 'trend': 0.593, 'position': 0.2, 'sector': 0.0, 'continuity': 0.3}",0.0,[],竞价涨幅 0.56% 超出区间
600036,招商银行,10.0,40.59,40.65,0.15,0.015,13870000.0,1972730000.0,0.00703,-0.1,0.0,0.15,0.25,True,-0.15,0.8041074249605062,False,False,False,False,0,银行,0,0,False,False,A,1.7,18.3,18.333333333333336,"{'gap': 0.0, 'volume': 0.0, 'trend': 0.692, 'position': 0.2, 'sector': 0.0, 'continuity': 0.3}",0.0,[],竞价涨幅 0.15% 超出区间
688630,芯碁微装,20.0,439.83,442.0,0.49,0.025,4900000.0,1961430000.0,0.0025,1.86,1.46,0.49,-1.36,False,0.96,0.5608641628923003,True,False,False,False,0,专用设备,1,1,False,False,A,0.6,16.7,16.733333333333334,"{'gap': 0.0, 'volume': 0.0, 'trend': 0.387, 'position': 0.5, 'sector': 0.0, 'continuity': 0.3}",0.0,[],竞价涨幅 0.49% 超出区间
002655,共达电声,10.0,40.9,40.89,-0.02,-0.002,23330000.0,1959840000.0,0.0119,-2.2,-2.2,-0.02,2.18,True,-2.18,0.7929640113222804,False,False,False,False,0,消费电子,0,1,False,False,A,2.9,27.7,27.679480493430432,"{'gap': 0.0, 'volume': 0.127, 'trend': 1.0, 'position': 0.2, 'sector': 0.0, 'continuity': 0.3}",0.0,[],竞价涨幅 -0.02% 超出区间
601288,农业银行,10.0,6.81,6.79,-0.29,-0.029,14620000.0,1956080000.0,0.00747,-0.15,-0.15,-0.29,-0.15,False,0.15,0.7520661157024787,False,False,False,False,0,银行,0,0,False,False,A,1.8,14.0,14.000000000000002,"{'gap': 0.0, 'volume': 0.0, 'trend': 0.475, 'position': 0.2, 'sector': 0.0, 'continuity': 0.3}",0.0,[],竞价涨幅 -0.29% 超出区间
300124,汇川技术,20.0,52.45,52.6,0.29,0.014,6280000.0,1955540000.0,0.00321,0.06,0.06,0.29,0.23,True,-0.23,0.04876871076774528,False,False,False,False,0,自动化设备,3,0,False,False,B,0.8,35.6,35.55450667954288,"{'gap': 0.0, 'volume': 0.0, 'trend': 0.669, 'position': 0.878, 'sector': 0.5, 'continuity': 0.3}",0.0,[],竞价涨幅 0.29% 超出区间
002821,凯莱英,10.0,185.2,188.0,1.51,0.151,13210000.0,1948160000.0,0.00678,0.09,0.59,1.51,1.43,True,-0.92,0.7881526104417669,True,False,False,False,0,医疗服务,4,1,False,False,A,1.6,38.0,38.016666666666666,"{'gap': 0.0, 'volume': 0.0, 'trend': 0.888, 'position': 0.5, 'sector': 0.75, 'continuity': 0.3}",0.0,[],竞价涨幅 1.51% 超出区间
688409,富创精密,20.0,200.9,201.0,0.05,0.002,6320000.0,1947330000.0,0.00325,0.0,0.05,0.05,0.05,True,0.0,0.33912552537481966,False,False,False,False,0,半导体,7,4,False,False,B,0.8,31.9,31.866126131777595,"{'gap': 0.0, 'volume': 0.0, 'trend': 0.654, 'position': 0.152, 'sector': 1.0, 'continuity': 0.3}",0.0,[],竞价涨幅 0.05% 超出区间
688025,杰普特,20.0,442.56,453.0,2.36,0.118,23430000.0,1928600000.0,0.01215,1.5,2.36,2.36,0.86,True,0.0,0.8727154652565173,True,False,False,False,0,自动化设备,3,0,False,False,A,2.9,39.4,39.40344378242888,"{'gap': 0.24, 'volume': 0.147, 'trend': 0.722, 'position': 0.5, 'sector': 0.5, 'continuity': 0.3}",0.0,[],
688549,中巨芯-U,20.0,24.36,24.87,2.09,0.105,25860000.0,1919410000.0,0.01347,0.29,2.13,2.09,1.81,False,0.04,0.26846846846846845,False,False,False,False,0,电子化学品,3,0,False,False,B,3.2,34.3,34.253055139839894,"{'gap': 0.06, 'volume': 0.244, 'trend': 0.651, 'position': 0.329, 'sector': 0.5, 'continuity': 0.3}",0.0,[],
688037,芯源微,20.0,363.98,363.98,0.0,0.0,3620000.0,1912170000.0,0.00189,-0.02,0.55,0.0,0.02,False,0.55,0.5783768604324628,False,False,False,False,0,半导体,7,4,False,False,A,0.5,29.5,29.533333333333335,"{'gap': 0.0, 'volume': 0.0, 'trend': 0.502, 'position': 0.2, 'sector': 1.0, 'continuity': 0.3}",0.0,[],竞价涨幅 0.00% 超出区间
600118,中国卫星,10.0,59.6,59.67,0.12,0.012,6130000.0,1908830000.0,0.00321,0.12,0.12,0.12,0.0,True,0.0,0.1318892240197423,False,False,False,False,0,军工装备,0,0,False,False,B,0.8,24.6,24.554154099259666,"{'gap': 0.0, 'volume': 0.0, 'trend': 0.65, 'position': 0.67, 'sector': 0.0, 'continuity': 0.3}",0.0,[],竞价涨幅 0.12% 超出区间
600396,华电辽能,10.0,13.65,13.52,-0.95,-0.095,10240000.0,1902200000.0,0.00538,-0.22,-1.1,-0.95,-0.73,False,-0.15,0.28651685393258436,False,False,False,False,0,电力,0,2,False,False,B,1.3,13.3,13.322284644194754,"{'gap': 0.0, 'volume': 0.0, 'trend': 0.378, 'position': 0.284, 'sector': 0.0, 'continuity': 0.3}",0.0,[],竞价涨幅 -0.95% 超出区间
600489,中金黄金,10.0,24.05,23.95,-0.42,-0.042,10810000.0,1892780000.0,0.00571,-0.91,-0.71,-0.42,0.5,True,-0.29,0.6548387096774193,False,False,False,False,0,贵金属,0,0,False,False,A,1.4,19.2,19.16666666666667,"{'gap': 0.0, 'volume': 0.0, 'trend': 0.733, 'position': 0.2, 'sector': 0.0, 'continuity': 0.3}",0.0,[],竞价涨幅 -0.42% 超出区间
301165,锐捷网络,20.0,117.55,118.3,0.64,0.032,14480000.0,1885180000.0,0.00768,0.19,0.01,0.64,0.45,False,-0.63,0.6238883399209485,False,False,False,False,0,通信设备,2,2,False,False,A,1.8,23.5,23.500000000000004,"{'gap': 0.0, 'volume': 0.0, 'trend': 0.537, 'position': 0.2, 'sector': 0.55, 'continuity': 0.3}",0.0,[],竞价涨幅 0.64% 超出区间
300207,欣旺达,20.0,20.03,19.99,-0.2,-0.01,10600000.0,1884380000.0,0.00563,-0.2,-0.7,-0.2,0.0,False,-0.5,0.945205479452055,True,False,False,False,0,电池,0,1,False,False,A,1.4,19.0,19.0,"{'gap': 0.0, 'volume': 0.0, 'trend': 0.5, 'position': 0.5, 'sector': 0.0, 'continuity': 0.3}",0.0,[],竞价涨幅 -0.20% 超出区间
301071,力量钻石,20.0,71.1,70.39,-1.0,-0.05,6810000.0,1874620000.0,0.00363,-0.31,-0.31,-1.0,-0.69,False,0.69,0.5145190562613429,True,False,False,False,0,非金属材料,2,0,False,False,A,0.9,18.6,18.6,"{'gap': 0.0, 'volume': 0.0, 'trend': 0.443, 'position': 0.3, 'sector': 0.25, 'continuity': 0.3}",0.0,[],竞价涨幅 -1.00% 超出区间
600362,江西铜业,10.0,44.03,44.25,0.5,0.05,12000000.0,1869050000.0,0.00642,0.59,0.59,0.5,-0.09,False,0.09,0.4909255898366608,False,False,False,False,0,工业金属,0,0,False,False,A,1.5,11.2,11.200000000000001,"{'gap': 0.0, 'volume': 0.0, 'trend': 0.485, 'position': 0.0, 'sector': 0.0, 'continuity': 0.3}",0.0,[],竞价涨幅 0.50% 超出区间
002050,三花智控,10.0,35.31,35.43,0.34,0.034,5960000.0,1860220000.0,0.0032,0.0,0.0,0.34,0.34,True,-0.34,0.10353866317169101,False,False,False,False,0,白色家电,0,0,False,False,B,0.8,26.8,26.750633464394923,"{'gap': 0.0, 'volume': 0.0, 'trend': 0.707, 'position': 0.741, 'sector': 0.0, 'continuity': 0.3}",0.0,[],竞价涨幅 0.34% 超出区间
002602,世纪华通,10.0,14.69,14.76,0.48,0.048,6710000.0,1854410000.0,0.00362,-1.29,-1.23,0.48,1.77,True,-1.7,0.6211340206185566,False,False,False,False,0,游戏,0,0,False,False,A,0.9,23.4,23.4,"{'gap': 0.0, 'volume': 0.0, 'trend': 0.945, 'position': 0.2, 'sector': 0.0, 'continuity': 0.3}",0.0,[],竞价涨幅 0.48% 超出区间
688205,德科立,20.0,219.85,221.0,0.52,0.026,15840000.0,1849870000.0,0.00856,-0.39,-0.39,0.52,0.91,True,-0.91,0.9379766993546224,False,False,False,False,0,通信设备,2,2,False,False,A,2.1,27.3,27.266666666666666,"{'gap': 0.0, 'volume': 0.0, 'trend': 0.726, 'position': 0.2, 'sector': 0.55, 'continuity': 0.3}",0.0,[],竞价涨幅 0.52% 超出区间
688017,绿的谐波,20.0,294.22,294.3,0.03,0.001,5110000.0,1834320000.0,0.00279,0.04,0.04,0.03,-0.02,False,0.02,0.1463436123348019,False,False,False,False,0,自动化设备,3,0,False,False,B,0.7,28.5,28.4787812041116,"{'gap': 0.0, 'volume': 0.0, 'trend': 0.498, 'position': 0.634, 'sector': 0.5, 'continuity': 0.3}",0.0,[],竞价涨幅 0.03% 超出区间
603061,金海通,10.0,348.79,355.0,1.78,0.178,9210000.0,1825790000.0,0.00504,0.35,0.63,1.78,1.43,True,-1.15,0.3799473234624146,False,False,False,False,0,半导体,7,4,False,False,B,1.2,35.0,35.01864203682612,"{'gap': 0.0, 'volume': 0.0, 'trend': 0.888, 'position': 0.05, 'sector': 1.0, 'continuity': 0.3}",0.0,[],竞价涨幅 1.78% 超出区间
002138,顺络电子,10.0,52.52,53.91,2.65,0.265,25680000.0,1808430000.0,0.0142,1.39,2.84,2.65,1.26,False,0.19,0.3938897981451175,True,True,False,False,0,元件,5,1,False,False,A,3.4,58.7,58.71607753744268,"{'gap': 0.433, 'volume': 0.294, 'trend': 0.71, 'position': 0.8, 'sector': 1.0, 'continuity': 0.3}",0.0,[],
688629,华丰科技,20.0,133.33,134.99,1.25,0.062,9160000.0,1802600000.0,0.00508,0.41,1.28,1.25,0.83,False,0.03,0.14787946428571444,False,False,False,False,0,军工电子,3,1,False,False,B,1.2,29.8,29.83785342261904,"{'gap': 0.0, 'volume': 0.0, 'trend': 0.569, 'position': 0.63, 'sector': 0.5, 'continuity': 0.3}",0.0,[],竞价涨幅 1.25% 超出区间
300413,芒果超媒,20.0,18.08,17.9,-1.0,-0.05,13410000.0,1789860000.0,0.00749,0.06,-1.0,-1.0,-1.05,False,0.0,0.5049261083743839,False,False,False,False,0,文化传媒,3,3,False,False,A,1.8,21.8,21.750000000000004,"{'gap': 0.0, 'volume': 0.0, 'trend': 0.412, 'position': 0.0, 'sector': 0.8, 'continuity': 0.3}",0.0,[],竞价涨幅 -1.00% 超出区间
300862,蓝盾光电,20.0,54.97,54.12,-1.55,-0.077,20130000.0,1788640000.0,0.01125,-1.76,-0.02,-1.55,0.22,False,1.53,0.962927065665132,False,False,False,False,0,环保设备,0,0,False,False,A,2.7,1.2,1.2206157710127972,"{'gap': 0.0, 'volume': 0.074, 'trend': 0.518, 'position': 0.0, 'sector': 0.0, 'continuity': 0.3}",12.5,['竞价尾段走弱'],竞价涨幅 -1.55% 超出区间
688596,正帆科技,20.0,68.0,68.0,0.0,0.0,4160000.0,1784520000.0,0.00233,0.0,-0.29,0.0,0.0,False,-0.29,0.6255380200860833,False,False,False,False,0,专用设备,1,1,False,False,A,0.6,14.5,14.500000000000002,"{'gap': 0.0, 'volume': 0.0, 'trend': 0.5, 'position': 0.2, 'sector': 0.0, 'continuity': 0.3}",0.0,[],竞价涨幅 0.00% 超出区间
301366,一博科技,20.0,74.42,73.72,-0.94,-0.047,18000000.0,1782270000.0,0.0101,0.78,0.0,-0.94,-1.72,False,0.94,1.0,True,False,False,False,0,元件,5,1,False,False,A,2.4,28.1,28.133333333333333,"{'gap': 0.0, 'volume': 0.0, 'trend': 0.357, 'position': 0.3, 'sector': 1.0, 'continuity': 0.3}",0.0,[],竞价涨幅 -0.94% 超出区间
301183,东田微,20.0,303.13,300.9,-0.74,-0.037,8120000.0,1767890000.0,0.00459,-0.05,-0.66,-0.74,-0.69,False,0.08,1.0,True,False,False,False,0,光学光电子,1,3,False,False,A,1.1,14.9,14.850000000000001,"{'gap': 0.0, 'volume': 0.0, 'trend': 0.443, 'position': 0.3, 'sector': 0.0, 'continuity': 0.3}",0.0,[],竞价涨幅 -0.74% 超出区间
000070,特发信息,10.0,17.7,17.53,-0.96,-0.096,17510000.0,1764120000.0,0.00993,4.52,2.26,-0.96,-5.48,False,3.22,0.6374133949191685,True,False,False,False,0,通信设备,2,2,False,False,A,2.4,4.8,4.75,"{'gap': 0.0, 'volume': 0.0, 'trend': 0.0, 'position': 0.5, 'sector': 0.55, 'continuity': 0.3}",12.5,['竞价尾段走弱'],竞价涨幅 -0.96% 超出区间
600367,红星发展,10.0,38.0,39.0,2.63,0.263,30960000.0,1749750000.0,0.01769,2.63,2.63,2.63,0.0,True,0.0,0.3242535358826611,False,False,False,False,0,化学原料,1,0,False,False,B,4.2,38.3,38.275840860570085,"{'gap': 0.42, 'volume': 0.501, 'trend': 0.65, 'position': 0.189, 'sector': 0.0, 'continuity': 0.3}",0.0,[],
300672,国科微,20.0,185.49,192.78,3.93,0.197,36590000.0,1748720000.0,0.02092,0.29,2.43,3.93,3.64,True,-1.5,0.36732335779074476,False,True,False,False,0,半导体,7,4,False,False,A,5.0,73.8,73.82628667567404,"{'gap': 0.713, 'volume': 0.66, 'trend': 0.953, 'position': 0.5, 'sector': 1.0, 'continuity': 0.3}",0.0,[],
002261,拓维信息,10.0,26.0,25.74,-1.0,-0.1,10970000.0,1743070000.0,0.00629,-1.08,-1.0,-1.0,0.08,True,0.0,0.1676575505350773,False,False,False,False,0,软件开发,2,2,False,False,B,1.5,31.7,31.729508521601275,"{'gap': 0.0, 'volume': 0.0, 'trend': 0.663, 'position': 0.581, 'sector': 0.55, 'continuity': 0.3}",0.0,[],竞价涨幅 -1.00% 超出区间
605376,博迁新材,10.0,139.12,143.5,3.15,0.315,20250000.0,1742590000.0,0.01162,2.43,2.55,3.15,0.72,True,-0.6,0.054043126684636185,False,False,False,False,0,能源金属,1,0,False,False,B,2.8,47.8,47.82430215376199,"{'gap': 0.767, 'volume': 0.105, 'trend': 0.77, 'position': 0.865, 'sector': 0.0, 'continuity': 0.3}",0.0,[],
601086,国芳集团,10.0,16.06,16.57,3.18,0.318,62050000.0,1738200000.0,0.0357,5.79,0.56,3.18,-2.62,False,-2.62,0.8301056338028169,True,False,True,False,1,零售,1,3,False,False,A,8.6,52.0,52.01046692876562,"{'gap': 0.787, 'volume': 0.93, 'trend': 0.063, 'position': 0.5, 'sector': 0.0, 'continuity': 0.85}",0.0,[],
300806,斯迪克,20.0,57.91,58.75,1.45,0.073,11290000.0,1730340000.0,0.00652,-0.02,0.64,1.45,1.47,True,-0.81,0.2665762711864406,True,False,False,False,0,塑料制品,0,1,False,False,B,1.6,25.0,24.95338983050848,"{'gap': 0.0, 'volume': 0.0, 'trend': 0.773, 'position': 0.534, 'sector': 0.0, 'continuity': 0.3}",0.0,[],竞价涨幅 1.45% 超出区间
688403,汇成股份,20.0,26.39,26.61,0.83,0.042,5790000.0,1713090000.0,0.00338,-1.06,-0.91,0.83,1.89,True,-1.74,0.3739910313901345,False,False,False,False,0,半导体,7,4,False,False,B,0.8,33.6,33.625336322869956,"{'gap': 0.0, 'volume': 0.0, 'trend': 0.807, 'position': 0.065, 'sector': 1.0, 'continuity': 0.3}",0.0,[],竞价涨幅 0.83% 超出区间
002222,福晶科技,10.0,69.7,69.88,0.26,0.026,7690000.0,1706250000.0,0.00451,0.36,0.17,0.26,-0.1,False,-0.09,0.4979991107158738,True,False,False,False,0,光学光电子,1,3,False,False,A,1.1,15.7,15.666666666666668,"{'gap': 0.0, 'volume': 0.0, 'trend': 0.483, 'position': 0.3, 'sector': 0.0, 'continuity': 0.3}",0.0,[],竞价涨幅 0.26% 超出区间
601212,白银有色,10.0,6.29,6.2,-1.43,-0.143,26460000.0,1704050000.0,0.01553,-0.16,-1.59,-1.43,-1.27,False,-0.16,0.5759493670886077,False,False,False,False,0,工业金属,0,0,False,False,A,3.7,19.7,19.728886309540737,"{'gap': 0.0, 'volume': 0.378, 'trend': 0.288, 'position': 0.2, 'sector': 0.0, 'continuity': 0.3}",0.0,[],竞价涨幅 -1.43% 超出区间
600549,厦门钨业,10.0,50.49,50.48,-0.02,-0.002,15440000.0,1703420000.0,0.00906,-0.02,-0.02,-0.02,0.0,True,0.0,0.13656716417910453,False,False,False,False,0,小金属,0,0,False,False,B,2.2,24.4,24.378731343283583,"{'gap': 0.0, 'volume': 0.0, 'trend': 0.65, 'position': 0.659, 'sector': 0.0, 'continuity': 0.3}",0.0,[],竞价涨幅 -0.02% 超出区间
605111,新洁能,10.0,62.85,63.0,0.24,0.024,10300000.0,1697330000.0,0.00607,0.24,0.24,0.24,0.0,True,0.0,0.31926467829675487,False,False,False,False,0,半导体,7,4,False,False,B,1.5,32.5,32.527574563871696,"{'gap': 0.0, 'volume': 0.0, 'trend': 0.65, 'position': 0.202, 'sector': 1.0, 'continuity': 0.3}",0.0,[],竞价涨幅 0.24% 超出区间
688126,沪硅产业,20.0,24.41,24.58,0.7,0.035,5220000.0,1690650000.0,0.00309,0.16,0.57,0.7,0.53,True,-0.12,0.13009404388714724,False,False,False,False,0,半导体,7,4,False,False,B,0.7,40.5,40.504806687565306,"{'gap': 0.0, 'volume': 0.0, 'trend': 0.694, 'position': 0.675, 'sector': 1.0, 'continuity': 0.3}",0.0,[],竞价涨幅 0.70% 超出区间
000426,兴业银锡,10.0,35.47,35.5,0.08,0.008,9940000.0,1684720000.0,0.0059,0.08,0.08,0.08,0.0,True,0.0,0.5559895833333333,False,False,False,False,0,贵金属,0,0,False,False,A,1.4,17.5,17.5,"{'gap': 0.0, 'volume': 0.0, 'trend': 0.65, 'position': 0.2, 'sector': 0.0, 'continuity': 0.3}",0.0,[],竞价涨幅 0.08% 超出区间
603236,移远通信,10.0,72.54,72.1,-0.61,-0.061,7550000.0,1684670000.0,0.00448,-0.08,-0.61,-0.61,-0.52,False,0.0,0.9605355884425655,True,False,False,False,0,通信设备,2,2,False,False,A,1.1,22.5,22.51666666666667,"{'gap': 0.0, 'volume': 0.0, 'trend': 0.413, 'position': 0.3, 'sector': 0.55, 'continuity': 0.3}",0.0,[],竞价涨幅 -0.61% 超出区间
688082,盛美上海,20.0,292.77,296.5,1.27,0.064,7050000.0,1682860000.0,0.00419,0.42,0.49,1.27,0.86,True,-0.78,0.22719123505976085,False,False,False,False,0,半导体,7,4,False,False,B,1.0,37.4,37.413662018592305,"{'gap': 0.0, 'volume': 0.0, 'trend': 0.722, 'position': 0.432, 'sector': 1.0, 'continuity': 0.3}",0.0,[],竞价涨幅 1.27% 超出区间
002714,牧原股份,10.0,41.35,41.38,0.07,0.007,9130000.0,1677600000.0,0.00544,1.43,0.17,0.07,-1.35,False,0.1,0.7082405345211583,False,False,False,False,0,养殖业,0,0,False,False,A,1.3,10.0,10.0,"{'gap': 0.0, 'volume': 0.0, 'trend': 0.275, 'position': 0.2, 'sector': 0.0, 'continuity': 0.3}",0.0,[],竞价涨幅 0.07% 超出区间
002297,博云新材,10.0,22.03,22.25,1.0,0.1,14220000.0,1649570000.0,0.00862,-0.23,-0.54,1.0,1.23,False,-1.54,0.5017895490336437,True,False,False,False,0,军工装备,0,0,False,False,A,2.1,20.1,20.1,"{'gap': 0.0, 'volume': 0.0, 'trend': 0.705, 'position': 0.3, 'sector': 0.0, 'continuity': 0.3}",0.0,[],竞价涨幅 1.00% 超出区间
301486,致尚科技,20.0,214.11,218.4,2.0,0.1,14610000.0,1641180000.0,0.0089,-0.71,0.41,2.0,2.71,True,-1.59,0.9792682926829269,True,False,False,False,0,通信设备,2,2,False,False,A,2.1,31.8,31.76666666666667,"{'gap': 0.0, 'volume': 0.0, 'trend': 0.876, 'position': 0.3, 'sector': 0.55, 'continuity': 0.3}",0.0,[],竞价量能 0.89%(量比≈2.1) 超出区间
002716,湖南白银,10.0,9.85,9.99,1.42,0.142,27500000.0,1640080000.0,0.01677,0.41,0.2,1.42,1.02,False,-1.22,0.6242171189979122,False,False,False,False,0,贵金属,0,0,False,False,A,4.0,29.2,29.175003991220215,"{'gap': 0.0, 'volume': 0.451, 'trend': 0.67, 'position': 0.2, 'sector': 0.0, 'continuity': 0.3}",0.0,[],竞价涨幅 1.42% 超出区间
601328,交通银行,10.0,7.46,7.45,-0.13,-0.013,8720000.0,1635510000.0,0.00533,0.27,0.0,-0.13,-0.4,False,0.13,0.8655462184873949,True,False,False,False,0,银行,0,0,False,False,A,1.3,17.7,17.666666666666668,"{'gap': 0.0, 'volume': 0.0, 'trend': 0.433, 'position': 0.5, 'sector': 0.0, 'continuity': 0.3}",0.0,[],竞价涨幅 -0.13% 超出区间
688536,思瑞浦,20.0,353.2,353.0,-0.06,-0.003,4870000.0,1633830000.0,0.00298,1.7,1.64,-0.06,-1.76,False,1.7,0.9260541861886332,True,False,False,False,0,半导体,7,4,False,False,A,0.7,18.6,18.566666666666663,"{'gap': 0.0, 'volume': 0.0, 'trend': 0.353, 'position': 0.5, 'sector': 1.0, 'continuity': 0.3}",12.5,['竞价尾段走弱'],竞价涨幅 -0.06% 超出区间
301171,易点天下,20.0,34.5,34.8,0.87,0.043,13000000.0,1627600000.0,0.00799,-1.1,-0.93,0.87,1.97,True,-1.8,0.6158940397350995,False,False,False,False,0,文化传媒,3,3,False,False,A,1.9,32.8,32.78333333333334,"{'gap': 0.0, 'volume': 0.0, 'trend': 0.814, 'position': 0.2, 'sector': 0.8, 'continuity': 0.3}",0.0,[],竞价涨幅 0.87% 超出区间
603118,共进股份,10.0,18.43,18.35,-0.43,-0.043,42860000.0,1624580000.0,0.02638,3.09,0.0,-0.43,-3.53,False,0.43,0.8929001203369433,False,False,True,False,1,通信设备,2,2,False,False,A,6.3,37.5,37.465446079026634,"{'gap': 0.0, 'volume': 0.879, 'trend': 0.0, 'position': 0.2, 'sector': 0.55, 'continuity': 0.85}",0.0,[],竞价涨幅 -0.43% 超出区间
688141,杰华特,20.0,113.17,118.53,4.74,0.237,15850000.0,1613770000.0,0.00982,1.62,1.62,4.74,3.12,True,-3.12,0.1871896090665988,False,False,False,False,0,半导体,7,4,False,False,B,2.4,46.1,46.14705632666921,"{'gap': 0.173, 'volume': 0.0, 'trend': 0.91, 'position': 0.532, 'sector': 1.0, 'continuity': 0.3}",0.0,[],竞价量能 0.98%(量比≈2.4) 超出区间
300373,扬杰科技,20.0,93.23,94.91,1.8,0.09,16640000.0,1613560000.0,0.01031,1.19,1.84,1.8,0.61,False,0.04,0.17152103559870555,False,False,False,False,0,半导体,7,4,False,False,B,2.5,36.1,36.08462783171521,"{'gap': 0.0, 'volume': 0.0, 'trend': 0.551, 'position': 0.571, 'sector': 1.0, 'continuity': 0.3}",0.0,[],竞价涨幅 1.80% 超出区间
300017,网宿科技,20.0,15.15,15.16,0.07,0.003,8190000.0,1610420000.0,0.00509,0.07,0.07,0.07,0.0,True,0.0,0.5701598579040853,False,False,False,False,0,IT服务,0,0,False,False,A,1.2,17.5,17.5,"{'gap': 0.0, 'volume': 0.0, 'trend': 0.65, 'position': 0.2, 'sector': 0.0, 'continuity': 0.3}",0.0,[],竞价涨幅 0.07% 超出区间
300623,捷捷微电,20.0,35.3,35.97,1.9,0.095,16810000.0,1592250000.0,0.01056,0.03,0.0,1.9,1.87,False,-1.9,0.5677966101694913,True,False,False,False,0,半导体,7,4,False,False,A,2.5,37.5,37.47695535697858,"{'gap': 0.0, 'volume': 0.014, 'trend': 0.656, 'position': 0.5, 'sector': 1.0, 'continuity': 0.3}",0.0,[],竞价涨幅 1.90% 超出区间
300776,帝尔激光,20.0,124.65,128.55,3.13,0.156,10000000.0,1590540000.0,0.00629,-5.33,-0.51,3.13,8.46,True,-3.64,0.24773011245314458,True,False,False,False,0,光伏设备,0,1,False,False,B,1.5,45.3,45.27678744967375,"{'gap': 0.753, 'volume': 0.0, 'trend': 1.0, 'position': 0.581, 'sector': 0.0, 'continuity': 0.3}",0.0,[],竞价量能 0.63%(量比≈1.5) 超出区间
000962,东方钽业,10.0,60.0,60.5,0.83,0.083,8260000.0,1588310000.0,0.0052,0.48,0.47,0.83,0.35,False,-0.37,0.35869770963467734,True,False,False,False,0,小金属,0,0,False,False,B,1.2,17.2,17.215502555366268,"{'gap': 0.0, 'volume': 0.0, 'trend': 0.558, 'position': 0.303, 'sector': 0.0, 'continuity': 0.3}",0.0,[],竞价涨幅 0.83% 超出区间
600354,敦煌种业,10.0,10.23,10.23,0.0,0.0,15750000.0,1585290000.0,0.00994,-3.42,-3.42,0.0,3.42,True,-3.42,0.8176382660687594,False,False,False,False,0,种植业与林业,0,0,False,False,A,2.4,24.5,24.5,"{'gap': 0.0, 'volume': 0.0, 'trend': 1.0, 'position': 0.2, 'sector': 0.0, 'continuity': 0.3}",0.0,[],竞价涨幅 0.00% 超出区间
000807,云铝股份,10.0,27.37,27.18,-0.69,-0.069,10720000.0,1576390000.0,0.0068,-0.04,-0.07,-0.69,-0.66,False,0.62,0.7713498622589532,False,False,False,False,0,工业金属,0,0,False,False,A,1.6,12.3,12.3,"{'gap': 0.0, 'volume': 0.0, 'trend': 0.39, 'position': 0.2, 'sector': 0.0, 'continuity': 0.3}",0.0,[],竞价涨幅 -0.69% 超出区间
301666,大普微-UW,20.0,400.3,405.0,1.17,0.059,9600000.0,1569590000.0,0.00612,0.09,0.17,1.17,1.09,True,-1.0,0.11624812905371691,False,False,False,False,0,半导体,7,4,False,False,B,1.5,42.0,41.95736182715228,"{'gap': 0.0, 'volume': 0.0, 'trend': 0.741, 'position': 0.709, 'sector': 1.0, 'continuity': 0.3}",0.0,[],竞价涨幅 1.17% 超出区间
603626,科森科技,10.0,23.42,23.05,-1.58,-0.158,41390000.0,1564890000.0,0.02645,4.61,0.0,-1.58,-6.19,False,1.58,1.0,True,False,True,False,2,消费电子,0,1,False,False,A,6.3,19.0,19.02798223365511,"{'gap': 0.0, 'volume': 0.881, 'trend': 0.0, 'position': 0.3, 'sector': 0.0, 'continuity': 1.0}",12.5,['竞价尾段走弱'],竞价涨幅 -1.58% 超出区间
603920,世运电路,10.0,43.6,43.81,0.48,0.048,4470000.0,1562480000.0,0.00286,-0.21,-0.78,0.48,0.69,False,-1.26,0.7312348668280872,True,False,False,False,0,元件,5,1,False,False,A,0.7,36.3,36.3,"{'gap': 0.0, 'volume': 0.0, 'trend': 0.615, 'position': 0.5, 'sector': 1.0, 'continuity': 0.3}",0.0,[],竞价涨幅 0.48% 超出区间
002585,双星新材,10.0,11.55,11.86,2.68,0.268,91750000.0,1557310000.0,0.05892,3.72,3.9,2.68,-1.04,False,1.21,0.8254620123203286,True,False,False,False,0,塑料制品,0,1,False,False,A,14.1,12.1,12.100000000000005,"{'gap': 0.453, 'volume': 0.0, 'trend': 0.327, 'position': 0.5, 'sector': 0.0, 'continuity': 0.3}",12.5,['竞价尾段走弱'],竞价量能 5.89%(量比≈14.1) 超出区间
000603,盛达资源,10.0,34.76,34.75,-0.03,-0.003,13080000.0,1553690000.0,0.00842,-1.18,-1.18,-0.03,1.15,True,-1.15,0.7595473833097595,False,False,False,False,0,工业金属,0,0,False,False,A,2.0,21.3,21.333333333333332,"{'gap': 0.0, 'volume': 0.0, 'trend': 0.842, 'position': 0.2, 'sector': 0.0, 'continuity': 0.3}",0.0,[],竞价涨幅 -0.03% 超出区间
600048,保利发展,10.0,5.32,5.25,-1.32,-0.132,11710000.0,1541740000.0,0.0076,0.0,-1.13,-1.32,-1.32,False,0.19,0.8505747126436783,False,False,False,False,0,房地产,0,4,False,False,A,1.8,10.1,10.100000000000001,"{'gap': 0.0, 'volume': 0.0, 'trend': 0.28, 'position': 0.2, 'sector': 0.0, 'continuity': 0.3}",0.0,[],竞价涨幅 -1.32% 超出区间
002155,湖南黄金,10.0,25.76,25.5,-1.01,-0.101,13240000.0,1540670000.0,0.00859,0.89,-0.97,-1.01,-1.9,False,0.04,0.5959475566150181,False,False,False,False,0,贵金属,0,0,False,False,A,2.1,8.2,8.166666666666668,"{'gap': 0.0, 'volume': 0.0, 'trend': 0.183, 'position': 0.2, 'sector': 0.0, 'continuity': 0.3}",0.0,[],竞价涨幅 -1.01% 超出区间
600246,万通发展,10.0,13.7,13.69,-0.07,-0.007,8750000.0,1540440000.0,0.00568,3.5,1.17,-0.07,-3.58,False,1.24,0.3202301054650048,True,False,False,False,0,房地产,0,4,False,False,B,1.4,0.0,0.0,"{'gap': 0.0, 'volume': 0.0, 'trend': 0.0, 'position': 0.399, 'sector': 0.0, 'continuity': 0.3}",12.5,['竞价尾段走弱'],竞价涨幅 -0.07% 超出区间
002531,天顺风能,10.0,7.71,7.53,-2.33,-0.233,12570000.0,1533210000.0,0.0082,-3.11,-2.98,-2.33,0.78,True,-0.65,0.6733870967741936,True,False,False,False,0,风电设备,0,1,False,False,A,2.0,24.6,24.600000000000005,"{'gap': 0.0, 'volume': 0.0, 'trend': 0.78, 'position': 0.5, 'sector': 0.0, 'continuity': 0.3}",0.0,[],竞价涨幅 -2.33% 超出区间
300189,神农种业,20.0,6.53,6.49,-0.61,-0.031,16080000.0,1531640000.0,0.0105,-1.68,-1.68,-0.61,1.07,True,-1.07,0.6675531914893618,False,False,False,False,0,种植业与林业,0,0,False,False,A,2.5,19.5,19.50915755256739,"{'gap': 0.0, 'volume': 0.009, 'trend': 0.739, 'position': 0.2, 'sector': 0.0, 'continuity': 0.3}",0.0,[],竞价涨幅 -0.61% 超出区间
600418,江淮汽车,10.0,19.25,19.25,0.0,0.0,7660000.0,1523580000.0,0.00503,0.0,-0.78,0.0,0.0,False,-0.78,0.0602409638554216,False,False,False,False,0,汽车整车,0,0,False,False,B,1.2,24.2,24.240963855421686,"{'gap': 0.0, 'volume': 0.0, 'trend': 0.5, 'position': 0.849, 'sector': 0.0, 'continuity': 0.3}",0.0,[],竞价涨幅 0.00% 超出区间
300870,欧陆通,20.0,213.2,215.6,1.13,0.056,9310000.0,1506150000.0,0.00618,0.03,0.13,1.13,1.09,True,-1.0,0.25813315415196814,False,False,False,False,0,其他电源设备,1,0,False,False,B,1.5,21.6,21.636673385967864,"{'gap': 0.0, 'volume': 0.0, 'trend': 0.741, 'position': 0.355, 'sector': 0.0, 'continuity': 0.3}",0.0,[],竞价涨幅 1.13% 超出区间
600699,均胜电子,10.0,20.14,20.15,0.05,0.005,10000000.0,1505010000.0,0.00664,0.05,0.05,0.05,0.0,True,0.0,0.39042357274401496,False,False,False,False,0,汽车零部件,1,2,False,False,B,1.6,14.9,14.859116022099439,"{'gap': 0.0, 'volume': 0.0, 'trend': 0.65, 'position': 0.024, 'sector': 0.0, 'continuity': 0.3}",0.0,[],竞价涨幅 0.05% 超出区间
688797,臻宝科技,20.0,297.0,300.01,1.01,0.051,20090000.0,1500340000.0,0.01339,0.61,0.34,1.01,0.41,False,-0.68,0.10889146883382043,False,False,False,False,0,半导体,7,4,False,False,B,3.2,44.1,44.063287316001706,"{'gap': 0.0, 'volume': 0.239, 'trend': 0.534, 'position': 0.728, 'sector': 1.0, 'continuity': 0.3}",0.0,[],竞价涨幅 1.01% 超出区间
688222,成都先导,20.0,39.97,41.65,4.2,0.21,9990000.0,1493130000.0,0.00669,5.08,5.08,4.2,-0.88,False,0.88,1.0,True,True,False,False,0,医疗服务,4,1,False,False,A,1.6,43.9,43.949999999999996,"{'gap': 0.533, 'volume': 0.0, 'trend': 0.427, 'position': 0.8, 'sector': 0.75, 'continuity': 0.3}",0.0,[],竞价量能 0.67%(量比≈1.6) 超出区间
688220,翱捷科技-U,20.0,100.31,99.97,-0.34,-0.017,5460000.0,1488770000.0,0.00367,-0.06,-0.37,-0.34,-0.28,False,-0.03,0.3355159769512834,False,False,False,False,0,半导体,7,4,False,False,B,0.9,28.5,28.45148419766021,"{'gap': 0.0, 'volume': 0.0, 'trend': 0.477, 'position': 0.161, 'sector': 1.0, 'continuity': 0.3}",0.0,[],竞价涨幅 -0.34% 超出区间
300684,中石科技,20.0,97.89,100.98,3.16,0.158,26400000.0,1488210000.0,0.01774,4.2,2.16,3.16,-1.04,False,-1.0,0.8960308532861964,True,False,False,False,0,电子化学品,3,0,False,False,A,4.3,52.8,52.83528767855722,"{'gap': 0.773, 'volume': 0.504, 'trend': 0.413, 'position': 0.5, 'sector': 0.5, 'continuity': 0.3}",0.0,[],
605589,圣泉集团,10.0,41.09,41.19,0.24,0.024,9570000.0,1486610000.0,0.00644,1.0,0.51,0.24,-0.75,False,0.27,0.2665579119086461,True,False,False,False,0,塑料制品,0,1,False,False,B,1.5,17.0,17.004078303425775,"{'gap': 0.0, 'volume': 0.0, 'trend': 0.375, 'position': 0.534, 'sector': 0.0, 'continuity': 0.3}",0.0,[],竞价涨幅 0.24% 超出区间
300390,天华新能,20.0,54.2,54.2,0.0,0.0,5740000.0,1485130000.0,0.00386,0.11,0.11,0.0,-0.11,False,0.11,0.043221110100091116,False,False,False,False,0,电池,0,1,False,False,B,0.9,24.7,24.69587503791325,"{'gap': 0.0, 'volume': 0.0, 'trend': 0.491, 'position': 0.892, 'sector': 0.0, 'continuity': 0.3}",0.0,[],竞价涨幅 0.00% 超出区间
688385,复旦微电,20.0,59.59,59.62,0.05,0.003,5200000.0,1481490000.0,0.00351,-0.02,-0.49,0.05,0.07,False,-0.54,0.4816546762589929,False,False,False,False,0,半导体,7,4,False,False,A,0.8,26.6,26.616666666666667,"{'gap': 0.0, 'volume': 0.0, 'trend': 0.506, 'position': 0.0, 'sector': 1.0, 'continuity': 0.3}",0.0,[],竞价涨幅 0.05% 超出区间
002202,金风科技,10.0,18.2,18.19,-0.05,-0.005,5010000.0,1480800000.0,0.00338,0.0,0.0,-0.05,-0.05,False,0.05,0.15555555555555528,True,False,False,False,0,风电设备,0,1,False,False,B,0.8,23.5,23.50000000000001,"{'gap': 0.0, 'volume': 0.0, 'trend': 0.492, 'position': 0.811, 'sector': 0.0, 'continuity': 0.3}",0.0,[],竞价涨幅 -0.05% 超出区间
002415,海康威视,10.0,32.94,32.99,0.15,0.015,3290000.0,1476470000.0,0.00223,0.03,0.03,0.15,0.12,True,-0.12,0.0792880258899668,False,False,False,False,0,计算机设备,0,1,False,False,B,0.5,26.9,26.926699029126244,"{'gap': 0.0, 'volume': 0.0, 'trend': 0.67, 'position': 0.802, 'sector': 0.0, 'continuity': 0.3}",0.0,[],竞价涨幅 0.15% 超出区间
688343,云天励飞-U,20.0,65.6,66.0,0.61,0.03,8410000.0,1475440000.0,0.0057,-2.29,-1.98,0.61,2.9,True,-2.59,0.3691056910569105,False,False,False,False,0,IT服务,0,0,False,False,B,1.4,20.5,20.49186991869919,"{'gap': 0.0, 'volume': 0.0, 'trend': 0.892, 'position': 0.077, 'sector': 0.0, 'continuity': 0.3}",0.0,[],竞价涨幅 0.61% 超出区间
600031,三一重工,10.0,17.89,17.9,0.06,0.006,5290000.0,1474420000.0,0.00359,0.0,0.0,0.06,0.06,True,-0.06,0.17183098591549292,False,False,False,False,0,工程机械,0,0,False,False,B,0.9,23.3,23.256338028169015,"{'gap': 0.0, 'volume': 0.0, 'trend': 0.66, 'position': 0.57, 'sector': 0.0, 'continuity': 0.3}",0.0,[],竞价涨幅 0.06% 超出区间
688002,睿创微纳,20.0,186.8,187.2,0.21,0.011,5910000.0,1471250000.0,0.00402,-0.43,0.0,0.21,0.64,True,-0.21,1.0,True,False,False,False,0,半导体,7,4,False,False,A,1.0,35.1,35.06666666666667,"{'gap': 0.0, 'volume': 0.0, 'trend': 0.703, 'position': 0.3, 'sector': 1.0, 'continuity': 0.3}",0.0,[],竞价涨幅 0.21% 超出区间
001399,惠科股份,10.0,23.17,23.88,3.06,0.306,42380000.0,1466420000.0,0.0289,5.31,3.93,3.06,-2.24,False,0.86,0.13623082542001463,False,True,True,False,1,光学光电子,1,3,False,False,A,6.9,52.5,52.535127974856344,"{'gap': 0.707, 'volume': 0.965, 'trend': 0.127, 'position': 0.5, 'sector': 0.0, 'continuity': 0.85}",0.0,[],
601988,中国银行,10.0,6.54,6.52,-0.31,-0.031,11780000.0,1443270000.0,0.00816,-0.31,-0.31,-0.31,0.0,True,0.0,0.8750000000000003,True,False,False,False,0,银行,0,0,False,False,A,2.0,22.0,22.000000000000004,"{'gap': 0.0, 'volume': 0.0, 'trend': 0.65, 'position': 0.5, 'sector': 0.0, 'continuity': 0.3}",0.0,[],竞价涨幅 -0.31% 超出区间
002913,奥士康,10.0,84.06,86.7,3.14,0.314,14330000.0,1441890000.0,0.00994,0.0,1.12,3.14,3.14,True,-2.02,1.0,True,False,False,False,0,元件,5,1,False,False,A,2.4,56.2,56.2,"{'gap': 0.76, 'volume': 0.0, 'trend': 1.0, 'position': 0.3, 'sector': 1.0, 'continuity': 0.3}",0.0,[],竞价量能 0.99%(量比≈2.4) 超出区间
600737,中粮糖业,10.0,14.78,14.54,-1.62,-0.162,13730000.0,1429000000.0,0.00961,-1.22,-1.69,-1.62,-0.41,False,-0.07,0.41559953434225827,False,False,False,False,0,农产品加工,0,1,False,False,A,2.3,10.1,10.133333333333333,"{'gap': 0.0, 'volume': 0.0, 'trend': 0.432, 'position': 0.0, 'sector': 0.0, 'continuity': 0.3}",0.0,[],竞价涨幅 -1.62% 超出区间
000002,万  科Ａ,10.0,3.32,3.3,-0.6,-0.06,28980000.0,1419830000.0,0.02041,0.0,0.0,-0.6,-0.6,False,0.6,0.8999999999999999,False,False,True,False,1,房地产,0,4,False,False,A,4.9,31.2,31.16052794493809,"{'gap': 0.0, 'volume': 0.636, 'trend': 0.4, 'position': 0.2, 'sector': 0.0, 'continuity': 0.85}",0.0,[],竞价涨幅 -0.60% 超出区间
300975,商络电子,20.0,27.01,27.49,1.78,0.089,11110000.0,1415770000.0,0.00785,1.44,1.48,1.78,0.33,True,-0.3,0.1644714623438028,True,True,False,False,0,其他电子,2,1,False,False,A,1.9,30.8,30.8,"{'gap': 0.0, 'volume': 0.0, 'trend': 0.677, 'position': 0.8, 'sector': 0.25, 'continuity': 0.3}",0.0,[],竞价涨幅 1.78% 超出区间
300613,富瀚微,20.0,79.8,80.96,1.45,0.073,10740000.0,1413250000.0,0.0076,0.13,0.14,1.45,1.33,True,-1.32,0.9902336937565399,False,False,False,False,0,半导体,7,4,False,False,A,1.8,31.7,31.716666666666672,"{'gap': 0.0, 'volume': 0.0, 'trend': 0.761, 'position': 0.0, 'sector': 1.0, 'continuity': 0.3}",0.0,[],竞价涨幅 1.45% 超出区间
600879,航天电子,10.0,14.72,14.72,0.0,0.0,6060000.0,1406950000.0,0.00431,0.0,0.0,0.0,0.0,True,0.0,0.07451403887688998,True,False,False,False,0,军工装备,0,0,False,False,B,1.0,29.5,29.500000000000004,"{'gap': 0.0, 'volume': 0.0, 'trend': 0.65, 'position': 1.0, 'sector': 0.0, 'continuity': 0.3}",0.0,[],竞价涨幅 0.00% 超出区间
300139,晓程科技,20.0,48.48,48.01,-0.97,-0.048,11820000.0,1405240000.0,0.00841,-1.98,-1.79,-0.97,1.01,True,-0.83,0.6056845476381104,False,False,False,False,0,贵金属,0,0,False,False,A,2.0,19.2,19.183333333333337,"{'gap': 0.0, 'volume': 0.0, 'trend': 0.734, 'position': 0.2, 'sector': 0.0, 'continuity': 0.3}",0.0,[],竞价涨幅 -0.97% 超出区间
688028,沃尔德,20.0,127.12,127.0,-0.09,-0.005,5310000.0,1402920000.0,0.00378,2.03,0.69,-0.09,-2.12,False,0.79,0.696024529498837,True,False,False,False,0,通用设备,1,3,False,False,A,0.9,15.5,15.466666666666667,"{'gap': 0.0, 'volume': 0.0, 'trend': 0.323, 'position': 0.5, 'sector': 0.0, 'continuity': 0.3}",0.0,[],竞价涨幅 -0.09% 超出区间
300456,赛微电子,20.0,36.58,36.57,-0.03,-0.001,7520000.0,1401160000.0,0.00537,0.6,0.6,-0.03,-0.63,False,0.63,0.5551782682512734,False,False,False,False,0,半导体,7,4,False,False,A,1.3,28.5,28.450000000000003,"{'gap': 0.0, 'volume': 0.0, 'trend': 0.448, 'position': 0.2, 'sector': 1.0, 'continuity': 0.3}",0.0,[],竞价涨幅 -0.03% 超出区间
300260,新莱应材,20.0,64.27,63.4,-1.35,-0.068,12900000.0,1400220000.0,0.00921,1.0,-0.42,-1.35,-2.35,False,0.93,0.34669305624278407,False,False,False,False,0,包装印刷,1,1,False,False,B,2.2,9.6,9.582343724228933,"{'gap': 0.0, 'volume': 0.0, 'trend': 0.304, 'position': 0.133, 'sector': 0.0, 'continuity': 0.3}",0.0,[],竞价涨幅 -1.35% 超出区间
603005,晶方科技,10.0,30.63,30.8,0.56,0.056,4480000.0,1394440000.0,0.00321,0.29,0.56,0.56,0.26,True,0.0,0.10821181887950884,False,False,False,False,0,半导体,7,4,False,False,B,0.8,41.3,41.308723458685094,"{'gap': 0.0, 'volume': 0.0, 'trend': 0.693, 'position': 0.729, 'sector': 1.0, 'continuity': 0.3}",0.0,[],竞价涨幅 0.56% 超出区间
688147,微导纳米,20.0,122.0,121.0,-0.82,-0.041,5740000.0,1389540000.0,0.00413,-1.57,-1.41,-0.82,0.75,True,-0.59,0.5156079193489616,False,False,False,False,0,半导体,7,4,False,False,A,1.0,30.8,30.75,"{'gap': 0.0, 'volume': 0.0, 'trend': 0.713, 'position': 0.0, 'sector': 1.0, 'continuity': 0.3}",0.0,[],竞价涨幅 -0.82% 超出区间
300458,全志科技,20.0,31.27,31.41,0.45,0.022,8260000.0,1388670000.0,0.00595,0.7,0.7,0.45,-0.26,False,0.26,0.16144578313252997,False,False,False,False,0,半导体,7,4,False,False,B,1.4,35.0,35.0124497991968,"{'gap': 0.0, 'volume': 0.0, 'trend': 0.478, 'position': 0.596, 'sector': 1.0, 'continuity': 0.3}",0.0,[],竞价涨幅 0.45% 超出区间
600371,万向德农,10.0,15.4,15.4,0.0,0.0,30420000.0,1384580000.0,0.02197,-6.3,-3.44,0.0,6.3,True,-3.44,0.9551616266944735,False,False,False,False,0,种植业与林业,0,0,False,False,A,5.3,39.1,39.148622509711565,"{'gap': 0.0, 'volume': 0.706, 'trend': 1.0, 'position': 0.0, 'sector': 0.0, 'continuity': 0.3}",0.0,[],竞价涨幅 0.00% 超出区间
601600,中国铝业,10.0,9.35,9.35,0.0,0.0,7550000.0,1383740000.0,0.00546,0.11,0.11,0.0,-0.11,False,0.11,0.6410256410256406,False,False,False,False,0,工业金属,0,0,False,False,A,1.3,14.1,14.133333333333336,"{'gap': 0.0, 'volume': 0.0, 'trend': 0.482, 'position': 0.2, 'sector': 0.0, 'continuity': 0.3}",0.0,[],竞价涨幅 0.00% 超出区间
603296,华勤技术,10.0,80.35,80.75,0.5,0.05,8440000.0,1383250000.0,0.0061,0.04,0.04,0.5,0.46,True,-0.46,0.5828850855745719,False,False,False,False,0,消费电子,0,1,False,False,A,1.5,19.0,19.033333333333335,"{'gap': 0.0, 'volume': 0.0, 'trend': 0.727, 'position': 0.2, 'sector': 0.0, 'continuity': 0.3}",0.0,[],竞价涨幅 0.50% 超出区间
688019,安集科技,20.0,234.8,235.8,0.43,0.021,4330000.0,1380660000.0,0.00314,0.0,0.09,0.43,0.43,True,-0.34,0.1697108066971082,False,False,False,False,0,电子化学品,3,0,False,False,B,0.8,31.4,31.352511415525115,"{'gap': 0.0, 'volume': 0.0, 'trend': 0.686, 'position': 0.576, 'sector': 0.5, 'continuity': 0.3}",0.0,[],竞价涨幅 0.43% 超出区间
002028,思源电气,10.0,138.0,138.0,0.0,0.0,12920000.0,1374240000.0,0.0094,0.0,0.0,0.0,0.0,True,0.0,0.08510638297872318,False,False,False,False,0,电网设备,1,6,False,False,B,2.3,26.3,26.308510638297882,"{'gap': 0.0, 'volume': 0.0, 'trend': 0.65, 'position': 0.787, 'sector': 0.0, 'continuity': 0.3}",0.0,[],竞价涨幅 0.00% 超出区间
300085,银之杰,20.0,31.41,31.41,0.0,0.0,12960000.0,1372340000.0,0.00944,-1.02,-1.15,0.0,1.02,False,-1.15,0.41673502871205903,False,False,False,False,0,软件开发,2,2,False,False,A,2.3,21.5,21.450000000000003,"{'gap': 0.0, 'volume': 0.0, 'trend': 0.585, 'position': 0.0, 'sector': 0.55, 'continuity': 0.3}",0.0,[],竞价涨幅 0.00% 超出区间
300671,富满微,20.0,60.54,60.98,0.73,0.036,4770000.0,1366120000.0,0.00349,-0.89,0.76,0.73,1.62,False,0.03,0.20053578262533484,False,False,False,False,0,半导体,7,4,False,False,B,0.8,36.7,36.679908151549945,"{'gap': 0.0, 'volume': 0.0, 'trend': 0.635, 'position': 0.499, 'sector': 1.0, 'continuity': 0.3}",0.0,[],竞价涨幅 0.73% 超出区间
601689,拓普集团,10.0,45.0,45.5,1.11,0.111,11870000.0,1364060000.0,0.0087,1.11,1.11,1.11,0.0,True,0.0,0.14975609756097563,False,False,False,False,0,汽车零部件,1,2,False,False,B,2.1,23.9,23.884146341463413,"{'gap': 0.0, 'volume': 0.0, 'trend': 0.65, 'position': 0.626, 'sector': 0.0, 'continuity': 0.3}",0.0,[],竞价涨幅 1.11% 超出区间
688333,铂力特,20.0,107.27,107.47,0.19,0.009,2610000.0,1358200000.0,0.00192,0.21,0.21,0.19,-0.03,False,0.03,0.7435334309419228,True,False,False,False,0,通用设备,1,3,False,False,A,0.5,18.9,18.95,"{'gap': 0.0, 'volume': 0.0, 'trend': 0.497, 'position': 0.5, 'sector': 0.0, 'continuity': 0.3}",0.0,[],竞价涨幅 0.19% 超出区间
600703,三安光电,10.0,12.98,13.01,0.23,0.023,6450000.0,1358050000.0,0.00475,0.15,0.15,0.23,0.08,True,-0.08,0.14345114345114354,False,False,False,False,0,光学光电子,1,3,False,False,B,1.1,24.4,24.38724878724879,"{'gap': 0.0, 'volume': 0.0, 'trend': 0.663, 'position': 0.641, 'sector': 0.0, 'continuity': 0.3}",0.0,[],竞价涨幅 0.23% 超出区间
603501,豪威集团,10.0,81.27,81.36,0.11,0.011,4200000.0,1352690000.0,0.0031,0.01,0.11,0.11,0.1,True,0.0,0.12821261682242988,False,False,False,False,0,半导体,7,4,False,False,B,0.7,40.0,40.02536020249222,"{'gap': 0.0, 'volume': 0.0, 'trend': 0.667, 'position': 0.679, 'sector': 1.0, 'continuity': 0.3}",0.0,[],竞价涨幅 0.11% 超出区间
600111,北方稀土,10.0,36.86,36.88,0.05,0.005,6710000.0,1350510000.0,0.00497,0.0,0.0,0.05,0.05,True,-0.05,0.010979729729729942,False,False,False,False,0,小金属,0,0,False,False,B,1.2,29.3,29.254926801801794,"{'gap': 0.0, 'volume': 0.0, 'trend': 0.658, 'position': 0.973, 'sector': 0.0, 'continuity': 0.3}",0.0,[],竞价涨幅 0.05% 超出区间
001267,汇绿生态,10.0,38.03,38.12,0.24,0.024,12390000.0,1346800000.0,0.0092,0.18,0.18,0.24,0.05,True,-0.05,0.4137931034482759,False,False,False,False,0,通信设备,2,2,False,False,A,2.2,22.9,22.916666666666668,"{'gap': 0.0, 'volume': 0.0, 'trend': 0.658, 'position': 0.0, 'sector': 0.55, 'continuity': 0.3}",0.0,[],竞价涨幅 0.24% 超出区间
002172,澳洋健康,10.0,5.28,5.69,7.77,0.777,34720000.0,1346540000.0,0.02578,2.27,2.08,7.77,5.49,False,-5.68,1.0,True,True,False,True,0,医疗服务,4,1,False,False,A,6.2,51.2,51.172512986346845,"{'gap': 0.0, 'volume': 0.857, 'trend': 1.0, 'position': 0.8, 'sector': 0.75, 'continuity': 0.3}",15.0,['昨日炸板'],竞价涨幅 7.77% 超出区间
301297,富乐德,20.0,47.64,47.63,-0.02,-0.001,11450000.0,1343830000.0,0.00852,0.73,-3.21,-0.02,-0.76,False,-3.19,0.5420932878270762,True,False,False,False,0,半导体,7,4,False,False,A,2.0,29.7,29.733333333333334,"{'gap': 0.0, 'volume': 0.0, 'trend': 0.437, 'position': 0.3, 'sector': 1.0, 'continuity': 0.3}",0.0,[],竞价涨幅 -0.02% 超出区间
300803,指南针,20.0,82.0,82.0,0.0,0.0,3580000.0,1338030000.0,0.00268,1.17,1.18,0.0,-1.17,False,1.18,0.35939582407818754,False,False,False,False,0,软件开发,2,2,False,False,B,0.6,19.3,19.322656597067972,"{'gap': 0.0, 'volume': 0.0, 'trend': 0.403, 'position': 0.102, 'sector': 0.55, 'continuity': 0.3}",0.0,[],竞价涨幅 0.00% 超出区间
300751,迈为股份,20.0,202.83,208.98,3.03,0.152,7860000.0,1335980000.0,0.00588,1.96,1.92,3.03,1.07,False,-1.11,0.3688750229399891,False,False,False,False,0,光伏设备,0,1,False,False,B,1.4,28.2,28.183853306417078,"{'gap': 0.687, 'volume': 0.0, 'trend': 0.589, 'position': 0.078, 'sector': 0.0, 'continuity': 0.3}",0.0,[],竞价量能 0.59%(量比≈1.4) 超出区间
301230,泓博医药,20.0,35.21,38.37,8.97,0.449,38190000.0,1331130000.0,0.02869,7.87,6.9,8.97,1.11,False,-2.07,0.6459183673469389,False,True,False,True,0,医疗服务,4,1,False,False,A,6.9,44.0,44.04635862931079,"{'gap': 0.0, 'volume': 0.958, 'trend': 0.593, 'position': 0.7, 'sector': 0.75, 'continuity': 0.3}",15.0,['昨日炸板'],竞价涨幅 8.97% 超出区间
600108,亚盛集团,10.0,4.16,4.12,-0.96,-0.096,9440000.0,1330860000.0,0.00709,-1.92,-1.92,-0.96,0.96,True,-0.96,0.46366782006920426,False,False,False,False,0,种植业与林业,0,0,False,False,A,1.7,17.7,17.700000000000003,"{'gap': 0.0, 'volume': 0.0, 'trend': 0.81, 'position': 0.0, 'sector': 0.0, 'continuity': 0.3}",0.0,[],竞价涨幅 -0.96% 超出区间
601218,吉鑫科技,10.0,5.55,5.43,-2.16,-0.216,17140000.0,1330030000.0,0.01289,-2.52,-2.7,-2.16,0.36,False,-0.54,0.8926553672316382,True,False,False,False,0,风电设备,0,1,False,False,A,3.1,25.3,25.26531333089605,"{'gap': 0.0, 'volume': 0.203, 'trend': 0.56, 'position': 0.5, 'sector': 0.0, 'continuity': 0.3}",0.0,[],竞价涨幅 -2.16% 超出区间
000792,盐湖股份,10.0,24.74,24.84,0.4,0.04,6680000.0,1329630000.0,0.00502,1.01,0.4,0.4,-0.61,False,0.0,0.04326123128119769,False,False,False,False,0,农化制品,0,0,False,False,B,1.2,22.8,22.844370493621753,"{'gap': 0.0, 'volume': 0.0, 'trend': 0.398, 'position': 0.892, 'sector': 0.0, 'continuity': 0.3}",0.0,[],竞价涨幅 0.40% 超出区间
002640,跨境通,10.0,3.7,3.75,1.35,0.135,19270000.0,1328970000.0,0.0145,-2.43,-2.43,1.35,3.78,True,-3.78,0.9285714285714287,True,False,False,False,0,互联网电商,0,0,False,False,A,3.5,36.8,36.84277624441403,"{'gap': 0.0, 'volume': 0.314, 'trend': 1.0, 'position': 0.5, 'sector': 0.0, 'continuity': 0.3}",0.0,[],竞价涨幅 1.35% 超出区间
002025,航天电器,10.0,74.2,74.0,-0.27,-0.027,3120000.0,1328690000.0,0.00235,2.04,0.01,-0.27,-2.3,False,0.28,0.4881122887424809,True,False,False,False,0,军工电子,3,1,False,False,A,0.6,15.8,15.833333333333332,"{'gap': 0.0, 'volume': 0.0, 'trend': 0.117, 'position': 0.3, 'sector': 0.5, 'continuity': 0.3}",0.0,[],竞价涨幅 -0.27% 超出区间
002552,宝鼎科技,10.0,54.24,54.27,0.06,0.006,6630000.0,1315590000.0,0.00504,-2.29,-2.29,0.06,2.34,True,-2.34,0.6676610978520288,False,False,False,False,0,元件,5,1,False,False,A,1.2,39.5,39.5,"{'gap': 0.0, 'volume': 0.0, 'trend': 1.0, 'position': 0.2, 'sector': 1.0, 'continuity': 0.3}",0.0,[],竞价涨幅 0.06% 超出区间
300300,海峡创新,20.0,9.45,9.62,1.8,0.09,11560000.0,1314410000.0,0.00879,-2.75,-2.75,1.8,4.55,True,-4.55,1.0,True,False,False,False,0,IT服务,0,0,False,False,A,2.1,26.0,26.0,"{'gap': 0.0, 'volume': 0.0, 'trend': 1.0, 'position': 0.3, 'sector': 0.0, 'continuity': 0.3}",0.0,[],竞价涨幅 1.80% 超出区间
002617,露笑科技,10.0,6.98,6.98,0.0,0.0,9350000.0,1305140000.0,0.00716,0.0,-0.43,0.0,0.0,False,-0.43,0.2725274725274726,True,False,False,False,0,电力,0,2,False,False,B,1.7,19.3,19.28021978021978,"{'gap': 0.0, 'volume': 0.0, 'trend': 0.5, 'position': 0.519, 'sector': 0.0, 'continuity': 0.3}",0.0,[],竞价涨幅 0.00% 超出区间
688261,东微半导,20.0,81.37,81.37,0.0,0.0,26080000.0,1304110000.0,0.02,-0.02,-0.02,0.0,0.02,True,-0.02,0.4774894655134176,False,False,False,True,0,半导体,7,4,False,False,A,4.8,30.0,29.964984918085605,"{'gap': 0.0, 'volume': 0.617, 'trend': 0.652, 'position': 0.0, 'sector': 1.0, 'continuity': 0.3}",15.0,['昨日炸板'],竞价涨幅 0.00% 超出区间
300499,高澜股份,20.0,37.72,37.35,-0.98,-0.049,4180000.0,1302720000.0,0.00321,0.0,-0.32,-0.98,-0.98,False,0.66,0.8436363636363637,True,False,False,False,0,专用设备,1,1,False,False,A,0.8,17.4,17.36666666666667,"{'gap': 0.0, 'volume': 0.0, 'trend': 0.418, 'position': 0.5, 'sector': 0.0, 'continuity': 0.3}",0.0,[],竞价涨幅 -0.98% 超出区间
603799,华友钴业,10.0,35.78,35.85,0.2,0.02,8450000.0,1299090000.0,0.0065,0.06,0.2,0.2,0.14,True,0.0,0.045871559633027637,False,False,False,False,0,能源金属,1,0,False,False,B,1.6,28.2,28.246483180428132,"{'gap': 0.0, 'volume': 0.0, 'trend': 0.673, 'position': 0.885, 'sector': 0.0, 'continuity': 0.3}",0.0,[],竞价涨幅 0.20% 超出区间
002639,雪人集团,10.0,14.1,14.08,-0.14,-0.014,8840000.0,1298360000.0,0.00681,0.0,-0.5,-0.14,-0.14,False,-0.35,0.8219895287958116,False,False,False,False,0,通用设备,1,3,False,False,A,1.6,14.0,14.033333333333337,"{'gap': 0.0, 'volume': 0.0, 'trend': 0.477, 'position': 0.2, 'sector': 0.0, 'continuity': 0.3}",0.0,[],竞价涨幅 -0.14% 超出区间
000980,众泰汽车,10.0,2.29,2.22,-3.06,-0.306,10380000.0,1294560000.0,0.00802,-3.06,-3.06,-3.06,0.0,True,0.0,0.9080459770114941,True,False,False,False,0,汽车整车,0,0,False,False,A,1.9,22.0,22.000000000000004,"{'gap': 0.0, 'volume': 0.0, 'trend': 0.65, 'position': 0.5, 'sector': 0.0, 'continuity': 0.3}",0.0,[],竞价涨幅 -3.06% 超出区间
600016,民生银行,10.0,3.46,3.46,0.0,0.0,6850000.0,1293960000.0,0.00529,0.0,0.0,0.0,0.0,True,0.0,0.4897959183673467,False,False,False,False,0,银行,0,0,False,False,A,1.3,14.5,14.500000000000002,"{'gap': 0.0, 'volume': 0.0, 'trend': 0.65, 'position': 0.0, 'sector': 0.0, 'continuity': 0.3}",0.0,[],竞价涨幅 0.00% 超出区间
688114,华大智造,20.0,71.97,72.03,0.08,0.004,4250000.0,1291770000.0,0.00329,-3.28,-0.67,0.08,3.36,True,-0.75,0.8981213872832368,False,False,False,False,0,医疗器械,0,0,False,False,A,0.8,23.1,23.100000000000005,"{'gap': 0.0, 'volume': 0.0, 'trend': 0.93, 'position': 0.2, 'sector': 0.0, 'continuity': 0.3}",0.0,[],竞价涨幅 0.08% 超出区间
603601,再升科技,10.0,10.21,10.23,0.2,0.02,6210000.0,1289400000.0,0.00482,0.2,0.2,0.2,0.0,True,0.0,0.5373443983402492,True,False,False,False,0,建筑材料,1,1,False,False,A,1.2,19.0,19.0,"{'gap': 0.0, 'volume': 0.0, 'trend': 0.65, 'position': 0.3, 'sector': 0.0, 'continuity': 0.3}",0.0,[],竞价涨幅 0.20% 超出区间
301520,万邦医药,20.0,72.08,73.9,2.52,0.126,19690000.0,1288630000.0,0.01528,3.77,4.05,2.52,-1.25,False,1.53,0.7252565375703408,False,False,False,False,0,医疗服务,4,1,False,False,A,3.7,27.2,27.179243843431486,"{'gap': 0.347, 'volume': 0.363, 'trend': 0.396, 'position': 0.2, 'sector': 0.75, 'continuity': 0.3}",12.5,['竞价尾段走弱'],
300442,润泽科技,20.0,63.29,63.14,-0.24,-0.012,4750000.0,1286460000.0,0.00369,-0.21,-0.25,-0.24,-0.03,False,-0.02,0.1675995024875622,False,False,False,False,0,通信服务,0,0,False,False,B,0.9,20.2,20.16501865671642,"{'gap': 0.0, 'volume': 0.0, 'trend': 0.497, 'position': 0.581, 'sector': 0.0, 'continuity': 0.3}",0.0,[],竞价涨幅 -0.24% 超出区间
002212,天融信,10.0,7.07,7.13,0.85,0.085,15020000.0,1283200000.0,0.01171,0.0,-0.85,0.85,0.85,False,-1.7,0.7200000000000003,True,False,False,False,0,软件开发,2,2,False,False,A,2.8,32.9,32.88299150988258,"{'gap': 0.0, 'volume': 0.112, 'trend': 0.642, 'position': 0.5, 'sector': 0.55, 'continuity': 0.3}",0.0,[],竞价涨幅 0.85% 超出区间
688123,聚辰股份,20.0,146.0,148.92,2.0,0.1,8770000.0,1280330000.0,0.00685,2.0,2.39,2.0,0.0,False,0.39,0.37679635471433576,True,False,False,False,0,半导体,7,4,False,False,B,1.6,30.4,30.370136698212413,"{'gap': 0.0, 'volume': 0.0, 'trend': 0.5, 'position': 0.258, 'sector': 1.0, 'continuity': 0.3}",0.0,[],竞价量能 0.69%(量比≈1.6) 超出区间
603938,三孚股份,10.0,50.33,50.83,0.99,0.099,8250000.0,1278420000.0,0.00645,0.02,0.02,0.99,0.97,True,-0.97,0.3986338131251524,True,False,False,False,0,化学原料,1,0,False,False,B,1.5,20.8,20.78456534114012,"{'gap': 0.0, 'volume': 0.0, 'trend': 0.812, 'position': 0.203, 'sector': 0.0, 'continuity': 0.3}",0.0,[],竞价涨幅 0.99% 超出区间
605058,澳弘电子,10.0,47.4,48.0,1.27,0.127,27640000.0,1267180000.0,0.02181,-4.26,-2.57,1.27,5.53,True,-3.84,0.9479126771351972,True,False,False,False,0,元件,5,1,False,False,A,5.2,61.5,61.476134207182135,"{'gap': 0.0, 'volume': 0.699, 'trend': 1.0, 'position': 0.5, 'sector': 1.0, 'continuity': 0.3}",0.0,[],竞价涨幅 1.27% 超出区间
603823,百合花,10.0,55.4,55.2,-0.36,-0.036,6750000.0,1263800000.0,0.00534,-2.35,-2.35,-0.36,1.99,True,-1.99,0.2172265723667593,False,False,False,False,0,化学制品,2,3,False,False,B,1.3,36.2,36.23733686957987,"{'gap': 0.0, 'volume': 0.0, 'trend': 0.982, 'position': 0.457, 'sector': 0.55, 'continuity': 0.3}",0.0,[],竞价涨幅 -0.36% 超出区间
001389,广合科技,10.0,169.03,174.0,2.94,0.294,16340000.0,1263780000.0,0.01293,-0.02,-0.02,2.94,2.96,True,-2.96,0.35550307038261686,False,False,False,False,0,元件,5,1,False,False,B,3.1,55.8,55.8403983946082,"{'gap': 0.627, 'volume': 0.206, 'trend': 1.0, 'position': 0.111, 'sector': 1.0, 'continuity': 0.3}",0.0,[],
002631,德尔未来,10.0,13.23,13.29,0.45,0.045,15480000.0,1262100000.0,0.01227,6.95,0.38,0.45,-6.5,False,-0.08,1.0,True,True,True,False,1,家居用品,0,6,False,False,A,2.9,20.2,20.15203812256903,"{'gap': 0.0, 'volume': 0.156, 'trend': 0.0, 'position': 0.8, 'sector': 0.0, 'continuity': 0.85}",0.0,[],竞价涨幅 0.45% 超出区间
688396,华润微,20.0,60.79,61.92,1.86,0.093,10080000.0,1259500000.0,0.008,1.56,1.56,1.86,0.3,True,-0.3,0.1957996062130824,False,False,False,False,0,半导体,7,4,False,False,B,1.9,37.7,37.65751476700942,"{'gap': 0.0, 'volume': 0.0, 'trend': 0.675, 'position': 0.511, 'sector': 1.0, 'continuity': 0.3}",0.0,[],竞价涨幅 1.86% 超出区间
601857,中国石油,10.0,10.56,10.52,-0.38,-0.038,6400000.0,1253590000.0,0.00511,0.0,0.0,-0.38,-0.38,False,0.38,0.6836363636363639,False,False,False,False,0,石油加工贸易,0,1,False,False,A,1.2,13.2,13.233333333333333,"{'gap': 0.0, 'volume': 0.0, 'trend': 0.437, 'position': 0.2, 'sector': 0.0, 'continuity': 0.3}",0.0,[],竞价涨幅 -0.38% 超出区间
000978,桂林旅游,10.0,8.36,8.42,0.72,0.072,24250000.0,1252680000.0,0.01936,-3.23,-2.99,0.72,3.95,True,-3.71,0.5567375886524822,True,False,False,False,0,旅游及酒店,0,1,False,False,A,4.6,43.7,43.66415464459219,"{'gap': 0.0, 'volume': 0.587, 'trend': 1.0, 'position': 0.5, 'sector': 0.0, 'continuity': 0.3}",0.0,[],竞价涨幅 0.72% 超出区间
002354,天娱数科,10.0,7.6,7.67,0.92,0.092,7250000.0,1250630000.0,0.0058,0.0,0.0,0.92,0.92,True,-0.92,0.3800904977375565,False,False,False,False,0,文化传媒,3,3,False,False,B,1.4,30.3,30.3132730015083,"{'gap': 0.0, 'volume': 0.0, 'trend': 0.803, 'position': 0.05, 'sector': 0.8, 'continuity': 0.3}",0.0,[],竞价涨幅 0.92% 超出区间
002119,康强电子,10.0,24.82,24.97,0.6,0.06,8820000.0,1249570000.0,0.00706,1.37,0.73,0.6,-0.77,False,0.12,0.26761904761904765,True,False,False,False,0,半导体,7,4,False,False,B,1.7,31.9,31.897619047619052,"{'gap': 0.0, 'volume': 0.0, 'trend': 0.372, 'position': 0.531, 'sector': 1.0, 'continuity': 0.3}",0.0,[],竞价涨幅 0.60% 超出区间
000560,我爱我家,10.0,2.9,2.81,-3.1,-0.31,21670000.0,1248440000.0,0.01736,-3.79,-2.76,-3.1,0.69,False,0.34,0.625,False,False,False,False,0,房地产,0,4,False,False,A,4.2,28.9,28.890970773386748,"{'gap': 0.0, 'volume': 0.484, 'trend': 0.615, 'position': 0.2, 'sector': 0.0, 'continuity': 0.3}",0.0,[],竞价涨幅 -3.10% 超出区间
300364,中文在线,20.0,24.4,24.7,1.23,0.061,13330000.0,1247440000.0,0.01069,1.76,1.76,1.23,-0.53,False,0.53,0.6010204081632652,False,False,False,False,0,文化传媒,3,3,False,False,A,2.6,26.3,26.265692945648105,"{'gap': 0.0, 'volume': 0.026, 'trend': 0.456, 'position': 0.2, 'sector': 0.8, 'continuity': 0.3}",0.0,[],竞价涨幅 1.23% 超出区间
000858,五 粮 液,10.0,70.0,69.96,-0.06,-0.006,8890000.0,1243430000.0,0.00715,0.0,-0.01,-0.06,-0.06,False,0.04,0.09225874867444368,False,False,False,False,0,白酒,0,0,False,False,B,1.7,22.8,22.840296924708365,"{'gap': 0.0, 'volume': 0.0, 'trend': 0.49, 'position': 0.769, 'sector': 0.0, 'continuity': 0.3}",0.0,[],竞价涨幅 -0.06% 超出区间
301150,中一科技,20.0,41.4,41.96,1.35,0.068,14200000.0,1242490000.0,0.01143,0.0,-1.88,1.35,1.35,False,-3.24,0.3046124279308135,True,False,False,False,0,电池,0,1,False,False,B,2.7,22.6,22.555569506445295,"{'gap': 0.0, 'volume': 0.089, 'trend': 0.613, 'position': 0.438, 'sector': 0.0, 'continuity': 0.3}",0.0,[],竞价涨幅 1.35% 超出区间
301021,英诺激光,20.0,93.0,94.01,1.09,0.054,8990000.0,1239540000.0,0.00725,0.0,0.05,1.09,1.09,True,-1.03,0.5925560411673481,True,False,False,False,0,自动化设备,3,0,False,False,A,1.7,31.3,31.31666666666667,"{'gap': 0.0, 'volume': 0.0, 'trend': 0.741, 'position': 0.5, 'sector': 0.5, 'continuity': 0.3}",0.0,[],竞价涨幅 1.09% 超出区间
300725,药石科技,20.0,47.22,48.0,1.65,0.083,9660000.0,1234980000.0,0.00782,1.65,1.65,1.65,0.0,True,0.0,0.605318039624609,False,False,False,False,0,医疗服务,4,1,False,False,A,1.9,28.7,28.749999999999996,"{'gap': 0.0, 'volume': 0.0, 'trend': 0.65, 'position': 0.2, 'sector': 0.75, 'continuity': 0.3}",0.0,[],竞价涨幅 1.65% 超出区间
688545,兴福电子,20.0,81.82,81.9,0.1,0.005,9500000.0,1229550000.0,0.00773,1.03,-1.37,0.1,-0.93,False,-1.47,0.25601309658733146,False,False,False,False,0,电子化学品,3,0,False,False,B,1.9,22.8,22.849508877975072,"{'gap': 0.0, 'volume': 0.0, 'trend': 0.422, 'position': 0.36, 'sector': 0.5, 'continuity': 0.3}",0.0,[],竞价涨幅 0.10% 超出区间
002709,天赐材料,10.0,33.36,33.37,0.03,0.003,5710000.0,1229340000.0,0.00464,0.0,0.0,0.03,0.03,True,-0.03,0.04660452729693729,False,False,False,False,0,电池,0,1,False,False,B,1.1,27.9,27.852330226364852,"{'gap': 0.0, 'volume': 0.0, 'trend': 0.655, 'position': 0.883, 'sector': 0.0, 'continuity': 0.3}",0.0,[],竞价涨幅 0.03% 超出区间
603308,应流股份,10.0,43.41,43.5,0.21,0.021,5250000.0,1228140000.0,0.00427,0.58,-0.28,0.21,-0.37,False,-0.48,0.10315985130111517,False,False,False,False,0,通用设备,1,3,False,False,B,1.0,21.4,21.398172242874846,"{'gap': 0.0, 'volume': 0.0, 'trend': 0.438, 'position': 0.742, 'sector': 0.0, 'continuity': 0.3}",0.0,[],竞价涨幅 0.21% 超出区间
688372,伟测科技,20.0,120.5,121.09,0.49,0.024,2780000.0,1220760000.0,0.00228,0.49,0.49,0.49,0.0,True,0.0,0.22638307500848517,False,False,False,False,0,半导体,7,4,False,False,B,0.5,36.0,36.010634687181806,"{'gap': 0.0, 'volume': 0.0, 'trend': 0.65, 'position': 0.434, 'sector': 1.0, 'continuity': 0.3}",0.0,[],竞价涨幅 0.49% 超出区间
600722,金牛化工,10.0,16.02,15.96,-0.37,-0.037,13910000.0,1217130000.0,0.01143,-1.37,-2.5,-0.37,1.0,False,-2.12,0.6751020408163265,False,False,False,False,0,化学原料,1,0,False,False,A,2.7,20.1,20.061868887184126,"{'gap': 0.0, 'volume': 0.089, 'trend': 0.667, 'position': 0.2, 'sector': 0.0, 'continuity': 0.3}",0.0,[],竞价涨幅 -0.37% 超出区间
601168,西部矿业,10.0,36.03,36.03,0.0,0.0,12550000.0,1214970000.0,0.01033,0.0,-0.36,0.0,0.0,False,-0.36,0.5748792270531401,False,False,False,False,0,工业金属,0,0,False,False,A,2.5,14.5,14.500000000000002,"{'gap': 0.0, 'volume': 0.0, 'trend': 0.5, 'position': 0.2, 'sector': 0.0, 'continuity': 0.3}",0.0,[],竞价涨幅 0.00% 超出区间
002518,科士达,10.0,39.31,40.67,3.46,0.346,18960000.0,1213820000.0,0.01562,1.5,1.5,3.46,1.96,True,-1.96,0.4015088013411568,True,True,False,False,0,其他电源设备,1,0,False,False,A,3.7,62.1,62.09858346208171,"{'gap': 0.973, 'volume': 0.384, 'trend': 0.977, 'position': 0.8, 'sector': 0.0, 'continuity': 0.3}",0.0,[],
300497,富祥股份,20.0,21.38,21.01,-1.73,-0.087,27410000.0,1211130000.0,0.02263,8.79,3.09,-1.73,-10.52,False,4.82,0.7365591397849461,True,False,False,False,0,化学制药,0,0,False,False,A,5.4,14.8,14.847102985038717,"{'gap': 0.0, 'volume': 0.734, 'trend': 0.0, 'position': 0.5, 'sector': 0.0, 'continuity': 0.3}",12.5,['竞价尾段走弱'],竞价涨幅 -1.73% 超出区间
603678,火炬电子,10.0,50.3,52.01,3.4,0.34,16060000.0,1203260000.0,0.01335,1.39,2.58,3.4,2.01,True,-0.82,0.2148585901224145,True,True,False,False,0,军工电子,3,1,False,False,A,3.2,65.3,65.25944947876286,"{'gap': 0.933, 'volume': 0.236, 'trend': 0.985, 'position': 0.8, 'sector': 0.5, 'continuity': 0.3}",0.0,[],
000776,广发证券,10.0,20.79,20.78,-0.05,-0.005,10610000.0,1202740000.0,0.00882,0.05,0.05,-0.05,-0.1,False,0.1,0.159090909090909,False,False,False,False,0,证券,0,1,False,False,B,2.1,20.2,20.20075757575758,"{'gap': 0.0, 'volume': 0.0, 'trend': 0.483, 'position': 0.602, 'sector': 0.0, 'continuity': 0.3}",0.0,[],竞价涨幅 -0.05% 超出区间
688729,屹唐股份,20.0,24.9,25.3,1.61,0.08,6300000.0,1201390000.0,0.00524,-0.08,0.2,1.61,1.69,True,-1.41,0.15804066543438072,False,False,False,False,0,半导体,7,4,False,False,B,1.3,41.4,41.390141712877394,"{'gap': 0.0, 'volume': 0.0, 'trend': 0.791, 'position': 0.605, 'sector': 1.0, 'continuity': 0.3}",0.0,[],竞价涨幅 1.61% 超出区间
002015,协鑫能科,10.0,15.92,15.88,-0.25,-0.025,3880000.0,1201300000.0,0.00323,0.0,0.0,-0.25,-0.25,False,0.25,0.6551724137931032,False,False,False,False,0,电力,0,2,False,False,A,0.8,13.7,13.666666666666666,"{'gap': 0.0, 'volume': 0.0, 'trend': 0.458, 'position': 0.2, 'sector': 0.0, 'continuity': 0.3}",0.0,[],竞价涨幅 -0.25% 超出区间
000510,新金路,10.0,18.6,18.6,0.0,0.0,8000000.0,1190380000.0,0.00672,4.57,2.42,0.0,-4.57,False,2.42,0.42105263157894746,True,False,False,False,0,化学原料,1,0,False,False,A,1.6,0.0,0.0,"{'gap': 0.0, 'volume': 0.0, 'trend': 0.0, 'position': 0.3, 'sector': 0.0, 'continuity': 0.3}",12.5,['竞价尾段走弱'],竞价涨幅 0.00% 超出区间
600707,彩虹股份,10.0,9.24,9.38,1.52,0.152,8060000.0,1187650000.0,0.00679,0.0,0.43,1.52,1.52,True,-1.08,0.15206445115810674,False,False,False,False,0,光学光电子,1,3,False,False,B,1.6,28.9,28.86424974823767,"{'gap': 0.0, 'volume': 0.0, 'trend': 0.903, 'position': 0.62, 'sector': 0.0, 'continuity': 0.3}",0.0,[],竞价涨幅 1.52% 超出区间
002558,巨人网络,10.0,24.97,24.83,-0.56,-0.056,7510000.0,1187320000.0,0.00633,0.0,-0.32,-0.56,-0.56,False,0.24,0.1295081967213113,False,False,False,False,0,游戏,0,0,False,False,B,1.5,19.8,19.77677595628416,"{'gap': 0.0, 'volume': 0.0, 'trend': 0.407, 'position': 0.676, 'sector': 0.0, 'continuity': 0.3}",0.0,[],竞价涨幅 -0.56% 超出区间
300243,瑞丰高材,20.0,21.95,22.33,1.73,0.087,14550000.0,1187210000.0,0.01226,-2.1,-4.33,1.73,3.83,False,-6.06,0.9405458089668617,True,False,False,False,0,塑料制品,0,1,False,False,A,2.9,29.3,29.26613097311963,"{'gap': 0.0, 'volume': 0.155, 'trend': 0.819, 'position': 0.5, 'sector': 0.0, 'continuity': 0.3}",0.0,[],竞价涨幅 1.73% 超出区间
600989,宝丰能源,10.0,23.59,23.3,-1.23,-0.123,5160000.0,1176980000.0,0.00438,-0.81,-0.81,-1.23,-0.42,False,0.42,0.7255717255717254,False,False,False,False,0,化学原料,1,0,False,False,A,1.1,13.1,13.100000000000001,"{'gap': 0.0, 'volume': 0.0, 'trend': 0.43, 'position': 0.2, 'sector': 0.0, 'continuity': 0.3}",0.0,[],竞价涨幅 -1.23% 超出区间
000975,山金国际,10.0,25.51,25.29,-0.86,-0.086,4180000.0,1172280000.0,0.00357,-1.76,-1.22,-0.86,0.9,True,-0.35,0.6995192307692307,False,False,False,False,0,贵金属,0,0,False,False,A,0.9,20.5,20.5,"{'gap': 0.0, 'volume': 0.0, 'trend': 0.8, 'position': 0.2, 'sector': 0.0, 'continuity': 0.3}",0.0,[],竞价涨幅 -0.86% 超出区间
002897,意华股份,10.0,70.11,70.0,-0.16,-0.016,7550000.0,1171960000.0,0.00644,-1.0,-0.86,-0.16,0.84,True,-0.7,0.5281473899692938,True,False,False,False,0,通信设备,2,2,False,False,A,1.5,30.1,30.050000000000004,"{'gap': 0.0, 'volume': 0.0, 'trend': 0.79, 'position': 0.3, 'sector': 0.55, 'continuity': 0.3}",0.0,[],竞价涨幅 -0.16% 超出区间
301047,义翘神州,20.0,113.07,116.0,2.59,0.13,14050000.0,1163160000.0,0.01208,2.59,4.27,2.59,0.0,False,1.68,0.6607500333644734,False,False,False,False,0,生物制品,3,0,False,False,A,2.9,20.9,20.90042580305046,"{'gap': 0.393, 'volume': 0.141, 'trend': 0.5, 'position': 0.2, 'sector': 0.5, 'continuity': 0.3}",12.5,['竞价尾段走弱'],
600059,古越龙山,10.0,10.7,10.87,1.59,0.159,23010000.0,1159480000.0,0.01985,1.59,0.0,1.59,0.0,False,-1.59,1.0,True,True,False,True,0,饮料制造,1,1,False,False,A,4.8,23.8,23.75399615981808,"{'gap': 0.0, 'volume': 0.61, 'trend': 0.5, 'position': 0.8, 'sector': 0.0, 'continuity': 0.3}",15.0,['昨日炸板'],竞价涨幅 1.59% 超出区间
600577,精达股份,10.0,8.72,8.86,1.61,0.161,40300000.0,1158220000.0,0.03479,2.98,2.06,1.61,-1.38,False,0.46,0.6214285714285718,False,False,True,False,1,电网设备,1,6,False,False,A,8.3,36.2,36.16867392498304,"{'gap': 0.0, 'volume': 0.941, 'trend': 0.27, 'position': 0.2, 'sector': 0.0, 'continuity': 0.85}",0.0,[],竞价涨幅 1.61% 超出区间
688652,京仪装备,20.0,152.42,153.23,0.53,0.027,2480000.0,1153510000.0,0.00215,1.71,2.02,0.53,-1.17,False,1.49,0.328837728717464,False,False,False,False,0,半导体,7,4,False,False,B,0.5,14.7,14.7185851730951,"{'gap': 0.0, 'volume': 0.0, 'trend': 0.403, 'position': 0.178, 'sector': 1.0, 'continuity': 0.3}",12.5,['竞价尾段走弱'],竞价涨幅 0.53% 超出区间
688777,中控技术,20.0,88.0,88.56,0.64,0.032,3300000.0,1151330000.0,0.00287,-0.03,-0.14,0.64,0.67,False,-0.77,0.22242083758937678,False,False,False,False,0,自动化设备,3,0,False,False,B,0.7,26.8,26.775885257065042,"{'gap': 0.0, 'volume': 0.0, 'trend': 0.556, 'position': 0.444, 'sector': 0.5, 'continuity': 0.3}",0.0,[],竞价涨幅 0.64% 超出区间
300990,同飞股份,20.0,101.16,103.36,2.17,0.109,7770000.0,1151120000.0,0.00675,0.06,0.06,2.17,2.12,True,-2.12,0.6796471958728574,False,False,False,False,0,通用设备,1,3,False,False,A,1.6,23.3,23.299999999999997,"{'gap': 0.113, 'volume': 0.0, 'trend': 0.827, 'position': 0.2, 'sector': 0.0, 'continuity': 0.3}",0.0,[],竞价量能 0.68%(量比≈1.6) 超出区间
601127,赛力斯,10.0,47.19,47.19,0.0,0.0,8110000.0,1149090000.0,0.00706,0.02,0.02,0.0,-0.02,False,0.02,0.10303752233472287,False,False,False,False,0,汽车整车,0,0,False,False,B,1.7,22.6,22.569426245781226,"{'gap': 0.0, 'volume': 0.0, 'trend': 0.497, 'position': 0.742, 'sector': 0.0, 'continuity': 0.3}",0.0,[],竞价涨幅 0.00% 超出区间
000651,格力电器,10.0,38.56,38.55,-0.03,-0.003,4820000.0,1146680000.0,0.0042,0.0,0.0,-0.03,-0.03,False,0.03,0.21956087824351334,False,False,False,False,0,白色家电,0,0,False,False,B,1.0,18.2,18.166467065868254,"{'gap': 0.0, 'volume': 0.0, 'trend': 0.495, 'position': 0.451, 'sector': 0.0, 'continuity': 0.3}",0.0,[],竞价涨幅 -0.03% 超出区间
688111,金山办公,20.0,223.61,224.5,0.4,0.02,4670000.0,1139410000.0,0.0041,0.0,0.14,0.4,0.4,True,-0.25,0.24125683060109326,False,False,False,False,0,软件开发,2,2,False,False,B,1.0,29.4,29.369535519125673,"{'gap': 0.0, 'volume': 0.0, 'trend': 0.683, 'position': 0.397, 'sector': 0.55, 'continuity': 0.3}",0.0,[],竞价涨幅 0.40% 超出区间
300450,先导智能,20.0,32.53,32.39,-0.43,-0.022,3930000.0,1138780000.0,0.00345,-0.09,-0.28,-0.43,-0.34,False,0.15,0.25882352941176473,False,False,False,False,0,电池,0,1,False,False,B,0.8,16.2,16.227450980392156,"{'gap': 0.0, 'volume': 0.0, 'trend': 0.472, 'position': 0.353, 'sector': 0.0, 'continuity': 0.3}",0.0,[],竞价涨幅 -0.43% 超出区间
688668,鼎通科技,20.0,269.6,272.51,1.08,0.054,2860000.0,1136420000.0,0.00252,0.44,0.15,1.08,0.64,False,-0.93,0.4810069566087784,False,False,False,False,0,通信设备,2,2,False,False,A,0.6,20.8,20.816666666666666,"{'gap': 0.0, 'volume': 0.0, 'trend': 0.553, 'position': 0.0, 'sector': 0.55, 'continuity': 0.3}",0.0,[],竞价涨幅 1.08% 超出区间
601991,大唐发电,10.0,5.58,5.58,0.0,0.0,4680000.0,1136340000.0,0.00412,0.0,0.0,0.0,0.0,True,0.0,0.03493449781659392,False,False,False,False,0,电力,0,2,False,False,B,1.0,28.2,28.18995633187773,"{'gap': 0.0, 'volume': 0.0, 'trend': 0.65, 'position': 0.913, 'sector': 0.0, 'continuity': 0.3}",0.0,[],竞价涨幅 0.00% 超出区间
688662,富信科技,20.0,95.9,100.31,4.6,0.23,15530000.0,1128310000.0,0.01376,0.5,2.72,4.6,4.1,True,-1.88,0.31541967337637683,True,True,False,False,0,其他电子,2,1,False,False,A,3.3,49.0,49.023289581848424,"{'gap': 0.267, 'volume': 0.264, 'trend': 0.992, 'position': 0.8, 'sector': 0.25, 'continuity': 0.3}",0.0,[],
688503,聚和材料,20.0,79.15,81.3,2.72,0.136,10310000.0,1126130000.0,0.00916,1.06,1.2,2.72,1.66,True,-1.52,0.279370205894227,False,False,False,False,0,光伏设备,0,1,False,False,B,2.2,31.4,31.390283945633158,"{'gap': 0.48, 'volume': 0.0, 'trend': 0.788, 'position': 0.302, 'sector': 0.0, 'continuity': 0.3}",0.0,[],竞价量能 0.92%(量比≈2.2) 超出区间
603738,泰晶科技,10.0,37.89,38.2,0.82,0.082,6050000.0,1125270000.0,0.00538,0.29,0.29,0.82,0.53,True,-0.53,0.2750900669068451,False,False,False,False,0,元件,5,1,False,False,B,1.3,36.0,35.950789157659976,"{'gap': 0.0, 'volume': 0.0, 'trend': 0.738, 'position': 0.312, 'sector': 1.0, 'continuity': 0.3}",0.0,[],竞价涨幅 0.82% 超出区间
920045,蘅东光,30.0,570.99,573.95,0.52,0.017,8796900.0,1124311800.0,0.00782,-1.05,0.35,0.52,1.57,True,-0.17,0.8570081025516991,True,False,False,False,0,通信设备,2,2,False,False,A,1.9,32.0,31.994444444444447,"{'gap': 0.0, 'volume': 0.0, 'trend': 0.737, 'position': 0.5, 'sector': 0.55, 'continuity': 0.3}",0.0,[],竞价涨幅 0.52% 超出区间
002824,和胜股份,10.0,28.37,28.77,1.41,0.141,14810000.0,1124250000.0,0.01317,-1.06,-1.3,1.41,2.47,False,-2.71,0.5953721075672295,True,False,False,False,0,工业金属,0,0,False,False,A,3.2,32.8,32.80577026471796,"{'gap': 0.0, 'volume': 0.223, 'trend': 0.912, 'position': 0.5, 'sector': 0.0, 'continuity': 0.3}",0.0,[],竞价涨幅 1.41% 超出区间
688233,神工股份,20.0,103.82,105.68,1.79,0.09,5240000.0,1123790000.0,0.00466,1.25,2.04,1.79,0.54,False,0.25,0.12642634854771784,False,False,False,False,0,半导体,7,4,False,False,B,1.1,37.7,37.65901192946058,"{'gap': 0.0, 'volume': 0.0, 'trend': 0.545, 'position': 0.684, 'sector': 1.0, 'continuity': 0.3}",0.0,[],竞价涨幅 1.79% 超出区间
600919,江苏银行,10.0,12.17,12.13,-0.33,-0.033,2980000.0,1122270000.0,0.00266,-0.08,-0.16,-0.33,-0.25,False,0.16,0.755434782608696,False,False,False,False,0,银行,0,0,False,False,A,0.6,13.7,13.666666666666666,"{'gap': 0.0, 'volume': 0.0, 'trend': 0.458, 'position': 0.2, 'sector': 0.0, 'continuity': 0.3}",0.0,[],竞价涨幅 -0.33% 超出区间
600160,巨化股份,10.0,34.74,34.75,0.03,0.003,5110000.0,1121690000.0,0.00456,0.03,0.03,0.03,0.0,True,0.0,0.0,False,False,False,False,0,化学制品,2,3,False,False,B,1.1,37.8,37.75000000000001,"{'gap': 0.0, 'volume': 0.0, 'trend': 0.65, 'position': 1.0, 'sector': 0.55, 'continuity': 0.3}",0.0,[],竞价涨幅 0.03% 超出区间
603663,三祥新材,10.0,45.29,47.07,3.93,0.393,15070000.0,1113510000.0,0.01353,1.57,1.57,3.93,2.36,True,-2.36,0.20718060304631641,True,True,False,False,0,非金属材料,2,0,False,False,A,3.2,57.7,57.72550488372323,"{'gap': 0.713, 'volume': 0.248, 'trend': 1.0, 'position': 0.8, 'sector': 0.25, 'continuity': 0.3}",0.0,[],
600938,中国海油,10.0,32.3,32.01,-0.9,-0.09,9750000.0,1110510000.0,0.00878,-0.87,-0.87,-0.9,-0.03,False,0.03,0.6972361809045222,False,False,False,False,0,油气开采及服务,0,0,False,False,A,2.1,14.4,14.400000000000002,"{'gap': 0.0, 'volume': 0.0, 'trend': 0.495, 'position': 0.2, 'sector': 0.0, 'continuity': 0.3}",0.0,[],竞价涨幅 -0.90% 超出区间
002466,天齐锂业,10.0,42.76,42.87,0.26,0.026,6870000.0,1109530000.0,0.00619,0.14,0.09,0.26,0.12,False,-0.16,0.03268945022288245,False,False,False,False,0,能源金属,1,0,False,False,B,1.5,25.7,25.67414561664191,"{'gap': 0.0, 'volume': 0.0, 'trend': 0.52, 'position': 0.918, 'sector': 0.0, 'continuity': 0.3}",0.0,[],竞价涨幅 0.26% 超出区间
301200,大族数控,20.0,271.17,271.0,-0.06,-0.003,3790000.0,1108400000.0,0.00342,-0.03,-0.06,-0.06,-0.04,False,0.0,0.36178197445675203,False,False,False,False,0,自动化设备,3,0,False,False,B,0.8,20.4,20.36650929120513,"{'gap': 0.0, 'volume': 0.0, 'trend': 0.497, 'position': 0.096, 'sector': 0.5, 'continuity': 0.3}",0.0,[],竞价涨幅 -0.06% 超出区间
002975,博杰股份,10.0,104.86,106.96,2.0,0.2,5600000.0,1106130000.0,0.00506,-0.91,0.12,2.0,2.91,True,-1.88,0.48885218827415355,False,False,False,False,0,自动化设备,3,0,False,False,A,1.2,29.0,29.000000000000004,"{'gap': 0.0, 'volume': 0.0, 'trend': 1.0, 'position': 0.0, 'sector': 0.5, 'continuity': 0.3}",0.0,[],竞价量能 0.51%(量比≈1.2) 超出区间
300939,秋田微,20.0,95.46,94.51,-1.0,-0.05,8690000.0,1104490000.0,0.00787,0.0,-0.61,-1.0,-1.0,False,0.39,1.0,True,False,False,False,0,光学光电子,1,3,False,False,A,1.9,14.3,14.333333333333337,"{'gap': 0.0, 'volume': 0.0, 'trend': 0.417, 'position': 0.3, 'sector': 0.0, 'continuity': 0.3}",0.0,[],竞价涨幅 -1.00% 超出区间
000737,北方铜业,10.0,14.4,14.54,0.97,0.097,11650000.0,1104070000.0,0.01055,-0.9,0.0,0.97,1.87,True,-0.97,0.5529157667386612,False,False,False,False,0,工业金属,0,0,False,False,A,2.5,24.1,24.071264418158833,"{'gap': 0.0, 'volume': 0.014, 'trend': 0.962, 'position': 0.2, 'sector': 0.0, 'continuity': 0.3}",0.0,[],竞价涨幅 0.97% 超出区间
601166,兴业银行,10.0,17.78,17.76,-0.11,-0.011,6260000.0,1103380000.0,0.00567,0.0,-0.06,-0.11,-0.11,False,0.06,0.4803149606299217,False,False,False,False,0,银行,0,0,False,False,A,1.4,11.1,11.133333333333335,"{'gap': 0.0, 'volume': 0.0, 'trend': 0.482, 'position': 0.0, 'sector': 0.0, 'continuity': 0.3}",0.0,[],竞价涨幅 -0.11% 超出区间
000703,恒逸石化,10.0,16.95,16.79,-0.94,-0.094,11440000.0,1100430000.0,0.0104,0.06,0.18,-0.94,-1.0,False,1.12,0.49208443271767793,False,False,False,False,0,化学纤维,0,0,False,False,A,2.5,8.2,8.166666666666668,"{'gap': 0.0, 'volume': 0.0, 'trend': 0.333, 'position': 0.0, 'sector': 0.0, 'continuity': 0.3}",0.0,[],竞价涨幅 -0.94% 超出区间
301251,威尔高,20.0,77.08,77.74,0.86,0.043,12030000.0,1096260000.0,0.01097,-1.53,-2.18,0.86,2.39,False,-3.04,0.914777878513146,True,False,False,False,0,元件,5,1,False,False,A,2.6,39.2,39.24251051986801,"{'gap': 0.0, 'volume': 0.05, 'trend': 0.699, 'position': 0.5, 'sector': 1.0, 'continuity': 0.3}",0.0,[],竞价涨幅 0.86% 超出区间
301086,鸿富瀚,20.0,165.79,168.77,1.8,0.09,10900000.0,1092000000.0,0.00998,0.01,-0.01,1.8,1.79,False,-1.81,0.6417332564461652,True,True,False,False,0,消费电子,0,1,False,False,A,2.4,29.5,29.483333333333334,"{'gap': 0.0, 'volume': 0.0, 'trend': 0.649, 'position': 1.0, 'sector': 0.0, 'continuity': 0.3}",0.0,[],竞价涨幅 1.80% 超出区间
601919,中远海控,10.0,16.1,16.1,0.0,0.0,5120000.0,1091690000.0,0.00469,-0.06,0.31,0.0,0.06,False,0.31,0.6901408450704226,False,False,False,False,0,港口航运,0,0,False,False,A,1.1,14.7,14.700000000000003,"{'gap': 0.0, 'volume': 0.0, 'trend': 0.51, 'position': 0.2, 'sector': 0.0, 'continuity': 0.3}",0.0,[],竞价涨幅 0.00% 超出区间
600103,青山纸业,10.0,3.73,3.77,1.07,0.107,15430000.0,1091350000.0,0.01414,0.0,-1.34,1.07,1.07,False,-2.41,0.7160493827160492,False,False,False,False,0,造纸,0,0,False,False,A,3.4,25.3,25.316154519442215,"{'gap': 0.0, 'volume': 0.29, 'trend': 0.678, 'position': 0.2, 'sector': 0.0, 'continuity': 0.3}",0.0,[],竞价涨幅 1.07% 超出区间
688257,新锐股份,20.0,58.2,57.7,-0.86,-0.043,5540000.0,1087930000.0,0.00509,1.86,-0.33,-0.86,-2.71,False,0.53,0.17076654499285834,False,False,False,False,0,通用设备,1,3,False,False,B,1.2,15.6,15.579587896101144,"{'gap': 0.0, 'volume': 0.0, 'trend': 0.274, 'position': 0.573, 'sector': 0.0, 'continuity': 0.3}",0.0,[],竞价涨幅 -0.86% 超出区间
603115,海星股份,10.0,93.68,93.5,-0.19,-0.019,5980000.0,1080780000.0,0.00553,0.0,0.0,-0.19,-0.19,False,0.19,0.5162970430107527,True,False,False,False,0,电子化学品,3,0,False,False,A,1.3,22.9,22.866666666666667,"{'gap': 0.0, 'volume': 0.0, 'trend': 0.468, 'position': 0.3, 'sector': 0.5, 'continuity': 0.3}",0.0,[],竞价涨幅 -0.19% 超出区间
002131,利欧股份,10.0,4.5,4.5,0.0,0.0,5390000.0,1080740000.0,0.00499,0.0,0.0,0.0,0.0,True,0.0,0.3709677419354839,False,False,False,False,0,通用设备,1,3,False,False,B,1.2,15.6,15.588709677419354,"{'gap': 0.0, 'volume': 0.0, 'trend': 0.65, 'position': 0.073, 'sector': 0.0, 'continuity': 0.3}",0.0,[],竞价涨幅 0.00% 超出区间
301319,唯特偶,20.0,99.09,100.03,0.95,0.047,13350000.0,1080210000.0,0.01236,1.66,-0.68,0.95,-0.71,False,-1.62,0.20147571223611396,False,False,False,False,0,电子化学品,3,0,False,False,B,3.0,29.3,29.33582762075524,"{'gap': 0.0, 'volume': 0.163, 'trend': 0.441, 'position': 0.496, 'sector': 0.5, 'continuity': 0.3}",0.0,[],竞价涨幅 0.95% 超出区间
000506,招金黄金,10.0,18.58,18.58,0.0,0.0,10070000.0,1078660000.0,0.00934,0.0,-1.56,0.0,0.0,False,-1.56,0.6639857015192134,False,False,False,False,0,贵金属,0,0,False,False,A,2.2,14.5,14.500000000000002,"{'gap': 0.0, 'volume': 0.0, 'trend': 0.5, 'position': 0.2, 'sector': 0.0, 'continuity': 0.3}",0.0,[],竞价涨幅 0.00% 超出区间
300434,金石亚药,20.0,12.25,12.27,0.16,0.008,21670000.0,1076290000.0,0.02013,-0.98,-2.04,0.16,1.14,False,-2.2,0.8151515151515153,False,False,False,False,0,化学制药,0,0,False,False,A,4.8,32.0,31.984545147610753,"{'gap': 0.0, 'volume': 0.623, 'trend': 0.595, 'position': 0.2, 'sector': 0.0, 'continuity': 0.3}",0.0,[],竞价涨幅 0.16% 超出区间
000759,中百集团,10.0,6.6,6.57,-0.45,-0.045,11430000.0,1074140000.0,0.01064,-1.36,-1.97,-0.45,0.91,False,-1.52,0.31023102310231015,False,False,False,False,0,零售,1,3,False,False,B,2.6,18.4,18.43806101836702,"{'gap': 0.0, 'volume': 0.022, 'trend': 0.652, 'position': 0.224, 'sector': 0.0, 'continuity': 0.3}",0.0,[],竞价涨幅 -0.45% 超出区间
300568,星源材质,20.0,15.9,15.9,0.0,0.0,4300000.0,1072310000.0,0.00401,0.63,0.63,0.0,-0.63,False,0.63,0.4733727810650887,True,False,False,False,0,电池,0,1,False,False,A,1.0,15.0,14.950000000000003,"{'gap': 0.0, 'volume': 0.0, 'trend': 0.448, 'position': 0.3, 'sector': 0.0, 'continuity': 0.3}",0.0,[],竞价涨幅 0.00% 超出区间
603936,博敏电子,10.0,21.34,21.35,0.05,0.005,2960000.0,1068430000.0,0.00277,-0.05,-0.84,0.05,0.09,False,-0.89,0.6364251861882193,True,False,False,False,0,元件,5,1,False,False,A,0.7,34.3,34.3,"{'gap': 0.0, 'volume': 0.0, 'trend': 0.515, 'position': 0.5, 'sector': 1.0, 'continuity': 0.3}",0.0,[],竞价涨幅 0.05% 超出区间
300740,水羊股份,20.0,22.7,22.9,0.88,0.044,12300000.0,1066940000.0,0.01153,0.0,0.44,0.88,0.88,True,-0.44,0.878048780487805,False,False,False,False,0,美容护理,0,0,False,False,A,2.8,21.4,21.40076493867518,"{'gap': 0.0, 'volume': 0.097, 'trend': 0.723, 'position': 0.2, 'sector': 0.0, 'continuity': 0.3}",0.0,[],竞价涨幅 0.88% 超出区间
301611,珂玛科技,20.0,98.94,99.01,0.07,0.004,4950000.0,1066890000.0,0.00464,-0.38,0.06,0.07,0.45,True,-0.01,0.20078482668410724,False,False,False,False,0,半导体,7,4,False,False,B,1.1,37.7,37.720568999345986,"{'gap': 0.0, 'volume': 0.0, 'trend': 0.688, 'position': 0.498, 'sector': 1.0, 'continuity': 0.3}",0.0,[],竞价涨幅 0.07% 超出区间
688137,近岸蛋白,20.0,99.03,103.98,5.0,0.25,26870000.0,1063470000.0,0.02527,4.04,5.0,5.0,0.96,True,0.0,0.9890477639184667,True,False,False,False,0,生物制品,3,0,False,False,A,6.1,49.1,49.050990544297306,"{'gap': 0.0, 'volume': 0.838, 'trend': 0.73, 'position': 0.3, 'sector': 0.5, 'continuity': 0.3}",0.0,[],
688090,瑞松科技,20.0,86.61,90.0,3.91,0.196,20290000.0,1062060000.0,0.0191,3.91,3.91,3.91,0.0,True,0.0,0.6712373490042441,True,True,False,False,0,自动化设备,3,0,False,False,A,4.6,65.9,65.8784192995363,"{'gap': 0.727, 'volume': 0.574, 'trend': 0.65, 'position': 1.0, 'sector': 0.5, 'continuity': 0.3}",0.0,[],
001896,豫能控股,10.0,12.11,11.98,-1.07,-0.107,5960000.0,1060660000.0,0.00562,0.0,-1.16,-1.07,-1.07,False,-0.08,0.09677419354838714,True,False,False,False,0,电力,0,2,False,False,B,1.3,22.3,22.304301075268818,"{'gap': 0.0, 'volume': 0.0, 'trend': 0.322, 'position': 0.958, 'sector': 0.0, 'continuity': 0.3}",0.0,[],竞价涨幅 -1.07% 超出区间
301550,斯菱智驱,20.0,94.89,95.51,0.65,0.033,4340000.0,1060200000.0,0.00409,1.98,1.76,0.65,-1.33,False,1.11,0.6883914856265086,False,False,False,False,0,汽车零部件,1,2,False,False,A,1.0,12.3,12.283333333333333,"{'gap': 0.0, 'volume': 0.0, 'trend': 0.389, 'position': 0.2, 'sector': 0.0, 'continuity': 0.3}",0.0,[],竞价涨幅 0.65% 超出区间
300811,铂科新材,20.0,84.69,86.5,2.14,0.107,9450000.0,1057880000.0,0.00893,1.5,1.55,2.14,0.64,True,-0.59,0.6493848857644989,True,True,False,False,0,金属新材料,0,0,False,False,A,2.1,32.4,32.43333333333334,"{'gap': 0.093, 'volume': 0.0, 'trend': 0.703, 'position': 1.0, 'sector': 0.0, 'continuity': 0.3}",0.0,[],竞价量能 0.89%(量比≈2.1) 超出区间
688603,天承科技,20.0,124.37,125.0,0.51,0.025,2350000.0,1055310000.0,0.00223,0.51,0.95,0.51,0.0,False,0.44,0.3416305632138638,True,False,False,False,0,电子化学品,3,0,False,False,B,0.5,24.2,24.18885387948011,"{'gap': 0.0, 'volume': 0.0, 'trend': 0.5, 'position': 0.346, 'sector': 0.5, 'continuity': 0.3}",0.0,[],竞价涨幅 0.51% 超出区间
600552,凯盛科技,10.0,17.87,18.19,1.79,0.179,9200000.0,1053470000.0,0.00873,0.0,0.0,1.79,1.79,True,-1.79,0.18141346688925997,False,False,False,False,0,光学光电子,1,3,False,False,B,2.1,28.7,28.663661658319416,"{'gap': 0.0, 'volume': 0.0, 'trend': 0.948, 'position': 0.546, 'sector': 0.0, 'continuity': 0.3}",0.0,[],竞价涨幅 1.79% 超出区间
603345,安井食品,10.0,79.48,78.99,-0.62,-0.062,4230000.0,1047310000.0,0.00404,-1.23,-1.23,-0.62,0.62,True,-0.62,0.31090909090909147,False,False,False,False,0,食品加工制造,0,0,False,False,B,1.0,19.9,19.907575757575735,"{'gap': 0.0, 'volume': 0.0, 'trend': 0.753, 'position': 0.223, 'sector': 0.0, 'continuity': 0.3}",0.0,[],竞价涨幅 -0.62% 超出区间
300739,明阳电路,20.0,31.41,31.88,1.5,0.075,6140000.0,1045150000.0,0.00587,-0.92,-0.67,1.5,2.42,True,-2.16,0.7312646370023419,True,True,False,False,0,元件,5,1,False,False,A,1.4,48.5,48.53333333333334,"{'gap': 0.0, 'volume': 0.0, 'trend': 0.852, 'position': 1.0, 'sector': 1.0, 'continuity': 0.3}",0.0,[],竞价涨幅 1.50% 超出区间
002971,和远气体,10.0,42.68,42.08,-1.41,-0.141,22820000.0,1038440000.0,0.02198,3.09,0.73,-1.41,-4.5,False,2.13,0.24315469225368597,False,False,True,False,1,化学制品,2,3,False,False,A,5.3,17.7,17.6593612816037,"{'gap': 0.0, 'volume': 0.706, 'trend': 0.0, 'position': 0.0, 'sector': 0.55, 'continuity': 0.85}",12.5,['竞价尾段走弱'],竞价涨幅 -1.41% 超出区间
600967,内蒙一机,10.0,13.56,13.66,0.74,0.074,12710000.0,1038220000.0,0.01224,-1.55,-1.55,0.74,2.29,True,-2.29,0.7053941908713693,False,False,False,False,0,军工装备,0,0,False,False,A,2.9,28.3,28.344269548247247,"{'gap': 0.0, 'volume': 0.154, 'trend': 1.0, 'position': 0.2, 'sector': 0.0, 'continuity': 0.3}",0.0,[],竞价涨幅 0.74% 超出区间
601975,招商南油,10.0,4.64,4.65,0.22,0.022,8180000.0,1035670000.0,0.0079,-0.22,0.86,0.22,0.43,False,0.65,0.8774193548387095,False,False,False,False,0,港口航运,0,0,False,False,A,1.9,15.9,15.933333333333334,"{'gap': 0.0, 'volume': 0.0, 'trend': 0.572, 'position': 0.2, 'sector': 0.0, 'continuity': 0.3}",0.0,[],竞价涨幅 0.22% 超出区间
600163,中闽能源,10.0,6.18,6.0,-2.91,-0.291,21180000.0,1035180000.0,0.02046,-2.75,-3.07,-2.91,-0.16,False,-0.16,0.9299363057324839,True,False,False,True,0,电力,0,2,False,False,A,4.9,19.4,19.4349349164712,"{'gap': 0.0, 'volume': 0.639, 'trend': 0.473, 'position': 0.5, 'sector': 0.0, 'continuity': 0.3}",15.0,['昨日炸板'],竞价涨幅 -2.91% 超出区间
301128,强瑞技术,20.0,123.95,125.42,1.19,0.059,4690000.0,1034100000.0,0.00454,-1.04,-0.77,1.19,2.23,True,-1.95,0.5555091819699499,False,False,False,False,0,专用设备,1,1,False,False,A,1.1,21.2,21.21666666666667,"{'gap': 0.0, 'volume': 0.0, 'trend': 0.836, 'position': 0.2, 'sector': 0.0, 'continuity': 0.3}",0.0,[],竞价涨幅 1.19% 超出区间
002460,赣锋锂业,10.0,46.2,46.21,0.02,0.002,11210000.0,1033380000.0,0.01085,0.04,0.04,0.02,-0.02,False,0.02,0.03048180924287141,False,False,False,False,0,能源金属,1,0,False,False,B,2.6,26.3,26.2898787274331,"{'gap': 0.0, 'volume': 0.04, 'trend': 0.497, 'position': 0.924, 'sector': 0.0, 'continuity': 0.3}",0.0,[],竞价涨幅 0.02% 超出区间
688535,华海诚科,20.0,112.3,113.43,1.01,0.05,7860000.0,1032520000.0,0.00761,2.88,2.4,1.01,-1.87,False,1.4,0.29086766660337954,True,False,False,False,0,半导体,7,4,False,False,B,1.8,18.0,17.9757958357066,"{'gap': 0.0, 'volume': 0.0, 'trend': 0.344, 'position': 0.473, 'sector': 1.0, 'continuity': 0.3}",12.5,['竞价尾段走弱'],竞价涨幅 1.01% 超出区间
300657,弘信电子,20.0,37.1,37.5,1.08,0.054,8070000.0,1031840000.0,0.00782,2.02,1.48,1.08,-0.94,False,0.4,0.5177700348432055,True,False,False,False,0,元件,5,1,False,False,A,1.9,29.4,29.433333333333334,"{'gap': 0.0, 'volume': 0.0, 'trend': 0.422, 'position': 0.3, 'sector': 1.0, 'continuity': 0.3}",0.0,[],竞价涨幅 1.08% 超出区间
002077,大港股份,10.0,14.5,14.51,0.07,0.007,11250000.0,1031260000.0,0.01091,0.0,0.0,0.07,0.07,True,-0.07,0.365990990990991,True,False,False,False,0,半导体,7,4,False,False,B,2.6,35.1,35.13842325727747,"{'gap': 0.0, 'volume': 0.045, 'trend': 0.662, 'position': 0.285, 'sector': 1.0, 'continuity': 0.3}",0.0,[],竞价涨幅 0.07% 超出区间
601939,建设银行,10.0,10.81,10.77,-0.37,-0.037,7310000.0,1026530000.0,0.00712,-0.28,-0.37,-0.37,-0.09,False,0.0,0.8,True,False,False,False,0,银行,0,0,False,False,A,1.7,18.7,18.7,"{'gap': 0.0, 'volume': 0.0, 'trend': 0.485, 'position': 0.5, 'sector': 0.0, 'continuity': 0.3}",0.0,[],竞价涨幅 -0.37% 超出区间
300741,华宝股份,20.0,25.15,24.5,-2.58,-0.129,13300000.0,1024960000.0,0.01298,-0.6,-1.15,-2.58,-1.99,False,1.43,0.8659588586595884,True,False,False,False,0,化学制品,2,3,False,False,A,3.1,16.7,16.662842191305067,"{'gap': 0.0, 'volume': 0.209, 'trend': 0.334, 'position': 0.5, 'sector': 0.55, 'continuity': 0.3}",12.5,['竞价尾段走弱'],竞价涨幅 -2.58% 超出区间
601231,环旭电子,10.0,26.99,27.01,0.07,0.007,2550000.0,1022680000.0,0.00249,0.0,-0.15,0.07,0.07,False,-0.22,0.5041246562786434,False,False,False,False,0,消费电子,0,1,False,False,A,0.6,11.7,11.733333333333334,"{'gap': 0.0, 'volume': 0.0, 'trend': 0.512, 'position': 0.0, 'sector': 0.0, 'continuity': 0.3}",0.0,[],竞价涨幅 0.07% 超出区间
601211,国泰海通,10.0,17.5,17.59,0.51,0.051,3180000.0,1022380000.0,0.00311,0.97,0.86,0.51,-0.46,False,0.34,0.07630522088353459,False,False,False,False,0,证券,0,1,False,False,B,0.7,22.1,22.10522088353412,"{'gap': 0.0, 'volume': 0.0, 'trend': 0.423, 'position': 0.809, 'sector': 0.0, 'continuity': 0.3}",0.0,[],竞价涨幅 0.51% 超出区间
605006,山东玻纤,10.0,16.89,16.59,-1.78,-0.178,8740000.0,1018290000.0,0.00858,-1.12,-1.72,-1.78,-0.65,False,0.06,0.460717749757517,True,False,False,False,0,建筑材料,1,1,False,False,A,2.1,13.8,13.833333333333334,"{'gap': 0.0, 'volume': 0.0, 'trend': 0.392, 'position': 0.3, 'sector': 0.0, 'continuity': 0.3}",0.0,[],竞价涨幅 -1.78% 超出区间
688807,优迅股份,20.0,369.9,378.0,2.19,0.109,7580000.0,1014890000.0,0.00747,1.92,2.19,2.19,0.27,True,0.0,0.8301128055149362,True,True,False,False,0,半导体,7,4,False,False,A,1.8,47.5,47.483333333333334,"{'gap': 0.127, 'volume': 0.0, 'trend': 0.672, 'position': 1.0, 'sector': 1.0, 'continuity': 0.3}",0.0,[],竞价量能 0.75%(量比≈1.8) 超出区间
002747,埃斯顿,10.0,29.79,29.97,0.6,0.06,8020000.0,1013510000.0,0.00791,-0.03,-0.03,0.6,0.64,True,-0.64,0.08741092636579571,False,False,False,False,0,自动化设备,3,0,False,False,B,1.9,35.9,35.855423594616,"{'gap': 0.0, 'volume': 0.0, 'trend': 0.757, 'position': 0.781, 'sector': 0.5, 'continuity': 0.3}",0.0,[],竞价涨幅 0.60% 超出区间
002437,誉衡药业,10.0,3.47,3.5,0.86,0.086,7530000.0,1011050000.0,0.00745,0.29,0.29,0.86,0.58,True,-0.58,0.34632034632034636,False,False,False,False,0,化学制药,0,0,False,False,B,1.8,18.4,18.446320346320345,"{'gap': 0.0, 'volume': 0.0, 'trend': 0.747, 'position': 0.134, 'sector': 0.0, 'continuity': 0.3}",0.0,[],竞价涨幅 0.86% 超出区间
603011,合锻智能,10.0,27.38,27.43,0.18,0.018,2720000.0,1008320000.0,0.0027,0.0,0.04,0.18,0.18,True,-0.15,0.6358854471069549,True,False,False,False,0,专用设备,1,1,False,False,A,0.6,22.6,22.600000000000005,"{'gap': 0.0, 'volume': 0.0, 'trend': 0.68, 'position': 0.5, 'sector': 0.0, 'continuity': 0.3}",0.0,[],竞价涨幅 0.18% 超出区间
002179,中航光电,10.0,35.52,35.52,0.0,0.0,4880000.0,1008160000.0,0.00484,-0.53,0.0,0.0,0.53,True,0.0,0.23330940416367552,True,False,False,False,0,军工电子,3,1,False,False,B,1.2,33.0,33.017564010528844,"{'gap': 0.0, 'volume': 0.0, 'trend': 0.738, 'position': 0.617, 'sector': 0.5, 'continuity': 0.3}",0.0,[],竞价涨幅 0.00% 超出区间
000880,潍柴重机,10.0,26.68,26.0,-2.55,-0.255,14960000.0,1006540000.0,0.01486,-1.99,-2.55,-2.55,-0.56,False,0.0,1.0,False,False,False,False,0,通用设备,1,3,False,False,A,3.6,18.1,18.05484718596287,"{'gap': 0.0, 'volume': 0.337, 'trend': 0.407, 'position': 0.0, 'sector': 0.0, 'continuity': 0.3}",0.0,[],竞价涨幅 -2.55% 超出区间
003006,百亚股份,10.0,21.25,21.3,0.24,0.024,7410000.0,1005860000.0,0.00737,2.54,1.65,0.24,-2.31,False,1.41,1.0,True,True,False,False,0,美容护理,0,0,False,False,A,1.8,3.3,3.299999999999997,"{'gap': 0.0, 'volume': 0.0, 'trend': 0.115, 'position': 0.8, 'sector': 0.0, 'continuity': 0.3}",12.5,['竞价尾段走弱'],竞价涨幅 0.24% 超出区间
000001,平安银行,10.0,11.7,11.7,0.0,0.0,2630000.0,999920000.0,0.00263,0.09,0.0,0.0,-0.09,False,0.0,0.8823529411764702,False,False,False,False,0,银行,0,0,False,False,A,0.6,14.2,14.200000000000001,"{'gap': 0.0, 'volume': 0.0, 'trend': 0.485, 'position': 0.2, 'sector': 0.0, 'continuity': 0.3}",0.0,[],竞价涨幅 0.00% 超出区间
300814,中富电路,20.0,145.81,146.68,0.6,0.03,7230000.0,998020000.0,0.00724,-0.56,-0.56,0.6,1.15,True,-1.15,0.4590284818877316,True,False,False,False,0,元件,5,1,False,False,A,1.7,35.9,35.916666666666664,"{'gap': 0.0, 'volume': 0.0, 'trend': 0.746, 'position': 0.3, 'sector': 1.0, 'continuity': 0.3}",0.0,[],竞价涨幅 0.60% 超出区间
603989,艾华集团,10.0,34.78,34.7,-0.23,-0.023,16400000.0,995250000.0,0.01648,-2.24,-2.24,-0.23,2.01,True,-2.01,0.36838646072954323,True,False,False,False,0,元件,5,1,False,False,B,4.0,51.2,51.24885912578804,"{'gap': 0.0, 'volume': 0.435, 'trend': 0.985, 'position': 0.279, 'sector': 1.0, 'continuity': 0.3}",0.0,[],竞价涨幅 -0.23% 超出区间
601601,中国太保,10.0,32.08,32.0,-0.25,-0.025,5310000.0,992090000.0,0.00535,0.06,-0.25,-0.25,-0.31,False,0.0,0.6256590509666077,False,False,False,False,0,保险,0,0,False,False,A,1.3,13.5,13.466666666666665,"{'gap': 0.0, 'volume': 0.0, 'trend': 0.448, 'position': 0.2, 'sector': 0.0, 'continuity': 0.3}",0.0,[],竞价涨幅 -0.25% 超出区间
300131,英唐智控,20.0,16.15,16.14,-0.06,-0.003,7690000.0,991740000.0,0.00775,-0.93,-0.93,-0.06,0.87,True,-0.87,0.4753363228699551,False,False,False,False,0,其他电子,2,1,False,False,A,1.9,19.7,19.7,"{'gap': 0.0, 'volume': 0.0, 'trend': 0.723, 'position': 0.0, 'sector': 0.25, 'continuity': 0.3}",0.0,[],竞价涨幅 -0.06% 超出区间
688260,昀冢科技,20.0,122.49,129.0,5.31,0.266,39660000.0,987490000.0,0.04016,4.5,5.0,5.31,0.82,True,-0.32,0.7272381435455236,True,True,False,False,0,消费电子,0,1,False,False,A,9.6,52.9,52.94992572945348,"{'gap': 0.0, 'volume': 0.883, 'trend': 0.718, 'position': 1.0, 'sector': 0.0, 'continuity': 0.3}",0.0,[],竞价涨幅 5.31% 超出区间
300852,四会富仕,20.0,68.28,68.37,0.13,0.007,16770000.0,982270000.0,0.01707,0.0,0.0,0.13,0.13,True,-0.13,0.6920357662715741,True,False,False,False,0,元件,5,1,False,False,A,4.1,48.9,48.91009386845978,"{'gap': 0.0, 'volume': 0.468, 'trend': 0.661, 'position': 0.5, 'sector': 1.0, 'continuity': 0.3}",0.0,[],竞价涨幅 0.13% 超出区间
003040,楚天龙,10.0,16.38,17.9,9.28,0.928,104920000.0,976230000.0,0.10747,3.79,9.28,9.28,5.49,True,0.0,0.49461538461538457,False,False,False,False,0,通信设备,2,2,False,False,A,25.8,29.8,29.750000000000004,"{'gap': 0.0, 'volume': 0.0, 'trend': 1.0, 'position': 0.0, 'sector': 0.55, 'continuity': 0.3}",0.0,[],竞价涨幅 9.28% 超出区间
301373,凌玮科技,20.0,118.44,118.0,-0.37,-0.019,5550000.0,975060000.0,0.00569,1.86,1.32,-0.37,-2.23,False,1.69,0.5045387375976357,True,False,False,False,0,化学制品,2,3,False,False,A,1.4,8.0,8.033333333333339,"{'gap': 0.0, 'volume': 0.0, 'trend': 0.314, 'position': 0.3, 'sector': 0.55, 'continuity': 0.3}",12.5,['竞价尾段走弱'],竞价涨幅 -0.37% 超出区间
603538,美诺华,10.0,26.61,27.07,1.73,0.173,9850000.0,972250000.0,0.01013,2.59,2.22,1.73,-0.86,False,0.49,0.13292744799594117,False,False,False,False,0,化学制药,0,0,False,False,B,2.4,18.6,18.648554033485542,"{'gap': 0.0, 'volume': 0.0, 'trend': 0.357, 'position': 0.668, 'sector': 0.0, 'continuity': 0.3}",0.0,[],竞价涨幅 1.73% 超出区间
002432,九安医疗,10.0,62.12,61.8,-0.52,-0.052,4800000.0,971320000.0,0.00494,0.0,-0.19,-0.52,-0.52,False,0.32,0.25722983257229826,False,False,False,False,0,医疗器械,0,0,False,False,B,1.2,15.1,15.120547945205482,"{'gap': 0.0, 'volume': 0.0, 'trend': 0.413, 'position': 0.357, 'sector': 0.0, 'continuity': 0.3}",0.0,[],竞价涨幅 -0.52% 超出区间
301626,苏州天脉,20.0,320.07,324.97,1.53,0.077,7830000.0,969010000.0,0.00808,1.54,1.47,1.53,-0.01,False,-0.06,0.6488788744779073,True,False,False,False,0,消费电子,0,1,False,False,A,1.9,19.0,18.983333333333334,"{'gap': 0.0, 'volume': 0.0, 'trend': 0.499, 'position': 0.5, 'sector': 0.0, 'continuity': 0.3}",0.0,[],竞价涨幅 1.53% 超出区间
300142,沃森生物,20.0,13.31,13.27,-0.3,-0.015,6330000.0,965080000.0,0.00656,-0.08,-0.08,-0.3,-0.23,False,0.23,0.3293269230769232,False,False,False,False,0,生物制品,3,0,False,False,B,1.6,21.3,21.266907051282047,"{'gap': 0.0, 'volume': 0.0, 'trend': 0.481, 'position': 0.177, 'sector': 0.5, 'continuity': 0.3}",0.0,[],竞价涨幅 -0.30% 超出区间
002600,领益智造,10.0,12.58,12.52,-0.48,-0.048,5870000.0,963310000.0,0.00609,-0.48,-0.64,-0.48,0.0,False,-0.16,0.17700453857791226,False,False,False,False,0,消费电子,0,1,False,False,B,1.5,19.9,19.862329803328294,"{'gap': 0.0, 'volume': 0.0, 'trend': 0.5, 'position': 0.557, 'sector': 0.0, 'continuity': 0.3}",0.0,[],竞价涨幅 -0.48% 超出区间
002422,科伦药业,10.0,39.77,39.88,0.28,0.028,1260000.0,958790000.0,0.00131,-0.65,-0.45,0.28,0.93,True,-0.73,0.09742790335151989,False,False,False,False,0,化学制药,0,0,False,False,B,0.3,28.9,28.946453624318007,"{'gap': 0.0, 'volume': 0.0, 'trend': 0.805, 'position': 0.756, 'sector': 0.0, 'continuity': 0.3}",0.0,[],竞价涨幅 0.28% 超出区间
000628,高新发展,10.0,60.48,60.0,-0.79,-0.079,6260000.0,958030000.0,0.00653,0.0,-0.02,-0.79,-0.79,False,0.78,1.0,True,False,False,False,0,建筑装饰,0,3,False,False,A,1.6,13.4,13.366666666666665,"{'gap': 0.0, 'volume': 0.0, 'trend': 0.368, 'position': 0.3, 'sector': 0.0, 'continuity': 0.3}",0.0,[],竞价涨幅 -0.79% 超出区间
002081,金 螳 螂,10.0,4.92,4.91,-0.2,-0.02,9060000.0,957930000.0,0.00946,-0.2,-0.41,-0.2,0.0,False,-0.2,0.5126353790613719,False,False,False,False,0,建筑装饰,0,3,False,False,A,2.3,11.5,11.5,"{'gap': 0.0, 'volume': 0.0, 'trend': 0.5, 'position': 0.0, 'sector': 0.0, 'continuity': 0.3}",0.0,[],竞价涨幅 -0.20% 超出区间
688485,九州一轨,20.0,113.0,112.99,-0.01,-0.0,12760000.0,957900000.0,0.01332,0.0,-0.01,-0.01,-0.01,False,0.0,1.0,True,False,False,False,0,环境治理,0,1,False,False,A,3.2,21.8,21.82302624491465,"{'gap': 0.0, 'volume': 0.234, 'trend': 0.499, 'position': 0.3, 'sector': 0.0, 'continuity': 0.3}",0.0,[],竞价涨幅 -0.01% 超出区间
301377,鼎泰高科,20.0,408.89,416.97,1.98,0.099,3880000.0,949870000.0,0.00408,0.0,0.5,1.98,1.98,True,-1.48,0.3413855150697256,True,False,False,False,0,通用设备,1,3,False,False,B,1.0,23.0,22.99804318488529,"{'gap': 0.0, 'volume': 0.0, 'trend': 0.815, 'position': 0.347, 'sector': 0.0, 'continuity': 0.3}",0.0,[],竞价涨幅 1.98% 超出区间
603306,华懋科技,10.0,83.52,83.55,0.04,0.004,6180000.0,947680000.0,0.00652,0.04,0.04,0.04,0.0,True,0.0,0.5377945334590007,True,False,False,False,0,汽车零部件,1,2,False,False,A,1.6,19.0,19.0,"{'gap': 0.0, 'volume': 0.0, 'trend': 0.65, 'position': 0.3, 'sector': 0.0, 'continuity': 0.3}",0.0,[],竞价涨幅 0.04% 超出区间
301489,思泉新材,20.0,128.39,129.48,0.85,0.042,4880000.0,947550000.0,0.00515,0.48,0.48,0.85,0.37,True,-0.37,0.47533485788957847,False,False,False,False,0,电子化学品,3,0,False,False,A,1.2,22.6,22.616666666666667,"{'gap': 0.0, 'volume': 0.0, 'trend': 0.681, 'position': 0.0, 'sector': 0.5, 'continuity': 0.3}",0.0,[],竞价涨幅 0.85% 超出区间
002046,国机精工,10.0,64.23,64.23,0.0,0.0,8670000.0,947250000.0,0.00915,1.03,1.01,0.0,-1.03,False,1.01,0.7102633969118984,True,False,False,False,0,通用设备,1,3,False,False,A,2.2,15.6,15.566666666666668,"{'gap': 0.0, 'volume': 0.0, 'trend': 0.328, 'position': 0.5, 'sector': 0.0, 'continuity': 0.3}",0.0,[],竞价涨幅 0.00% 超出区间
688213,思特威-W,20.0,94.25,94.2,-0.05,-0.003,2910000.0,944860000.0,0.00308,0.0,0.0,-0.05,-0.05,False,0.05,0.2529137529137532,False,False,False,False,0,半导体,7,4,False,False,B,0.7,31.9,31.932400932400927,"{'gap': 0.0, 'volume': 0.0, 'trend': 0.496, 'position': 0.368, 'sector': 1.0, 'continuity': 0.3}",0.0,[],竞价涨幅 -0.05% 超出区间
601628,中国人寿,10.0,37.8,37.61,-0.5,-0.05,6990000.0,942560000.0,0.00742,0.0,-0.5,-0.5,-0.5,False,0.0,0.3840125391849526,False,False,False,False,0,保险,0,0,False,False,B,1.8,10.4,10.432863113897612,"{'gap': 0.0, 'volume': 0.0, 'trend': 0.417, 'position': 0.04, 'sector': 0.0, 'continuity': 0.3}",0.0,[],竞价涨幅 -0.50% 超出区间
002859,洁美科技,10.0,68.5,70.5,2.92,0.292,18480000.0,941580000.0,0.01963,1.62,2.88,2.92,1.3,True,-0.04,0.22600881654798233,True,True,False,False,0,其他电子,2,1,False,False,A,4.7,61.8,61.840991452625325,"{'gap': 0.613, 'volume': 0.6, 'trend': 0.867, 'position': 0.8, 'sector': 0.25, 'continuity': 0.3}",0.0,[],
002361,神剑股份,10.0,10.49,10.59,0.95,0.095,4360000.0,940500000.0,0.00464,0.0,0.0,0.95,0.95,True,-0.95,0.2703999999999999,False,False,False,False,0,塑料制品,0,1,False,False,B,1.1,22.5,22.52666666666667,"{'gap': 0.0, 'volume': 0.0, 'trend': 0.808, 'position': 0.324, 'sector': 0.0, 'continuity': 0.3}",0.0,[],竞价涨幅 0.95% 超出区间
688469,芯联集成-U,20.0,8.72,8.77,0.57,0.029,4280000.0,937680000.0,0.00456,0.34,0.34,0.57,0.23,True,-0.23,0.48641304347826114,False,False,False,False,0,半导体,7,4,False,False,A,1.1,29.9,29.883333333333333,"{'gap': 0.0, 'volume': 0.0, 'trend': 0.669, 'position': 0.0, 'sector': 1.0, 'continuity': 0.3}",0.0,[],竞价涨幅 0.57% 超出区间
600028,中国石化,10.0,5.16,5.14,-0.39,-0.039,4190000.0,936660000.0,0.00447,-0.19,-0.19,-0.39,-0.19,False,0.19,0.608695652173913,False,False,False,False,0,石油加工贸易,0,1,False,False,A,1.1,13.9,13.866666666666665,"{'gap': 0.0, 'volume': 0.0, 'trend': 0.468, 'position': 0.2, 'sector': 0.0, 'continuity': 0.3}",0.0,[],竞价涨幅 -0.39% 超出区间
300726,宏达电子,20.0,58.47,61.1,4.5,0.225,23570000.0,936130000.0,0.02518,2.07,2.45,4.5,2.43,True,-2.05,0.30905182708383083,True,True,False,False,0,军工电子,3,1,False,False,A,6.0,65.6,65.58346046855152,"{'gap': 0.333, 'volume': 0.835, 'trend': 0.853, 'position': 0.8, 'sector': 0.5, 'continuity': 0.3}",0.0,[],
688001,华兴源创,20.0,75.37,73.99,-1.83,-0.092,5240000.0,935680000.0,0.0056,0.84,0.0,-1.83,-2.67,False,1.83,0.7636155606407323,True,False,False,False,0,专用设备,1,1,False,False,A,1.3,2.1,2.0500000000000025,"{'gap': 0.0, 'volume': 0.0, 'trend': 0.277, 'position': 0.5, 'sector': 0.0, 'continuity': 0.3}",12.5,['竞价尾段走弱'],竞价涨幅 -1.83% 超出区间
300913,兆龙互连,20.0,42.98,42.87,-0.26,-0.013,8050000.0,932530000.0,0.00863,0.74,0.16,-0.26,-1.0,False,0.42,0.708628841607565,True,False,False,False,0,通信设备,2,2,False,False,A,2.1,25.6,25.583333333333336,"{'gap': 0.0, 'volume': 0.0, 'trend': 0.417, 'position': 0.5, 'sector': 0.55, 'continuity': 0.3}",0.0,[],竞价涨幅 -0.26% 超出区间
300953,震裕科技,20.0,98.4,99.99,1.62,0.081,5060000.0,931350000.0,0.00543,0.05,0.05,1.62,1.57,True,-1.57,0.20573719925971626,False,False,False,False,0,电池,0,1,False,False,B,1.3,24.4,24.40152169442731,"{'gap': 0.0, 'volume': 0.0, 'trend': 0.781, 'position': 0.486, 'sector': 0.0, 'continuity': 0.3}",0.0,[],竞价涨幅 1.62% 超出区间
600184,光电股份,10.0,21.76,21.76,0.0,0.0,6310000.0,931110000.0,0.00678,0.14,0.05,0.0,-0.14,False,0.05,0.3799153055051423,True,False,False,False,0,军工装备,0,0,False,False,B,1.6,14.8,14.7865093768905,"{'gap': 0.0, 'volume': 0.0, 'trend': 0.477, 'position': 0.25, 'sector': 0.0, 'continuity': 0.3}",0.0,[],竞价涨幅 0.00% 超出区间
300037,新宙邦,20.0,73.13,73.06,-0.1,-0.005,3290000.0,929600000.0,0.00354,1.08,1.05,-0.1,-1.18,False,1.15,0.44146608315098457,True,False,False,False,0,电池,0,1,False,False,A,0.8,14.0,14.033333333333337,"{'gap': 0.0, 'volume': 0.0, 'trend': 0.402, 'position': 0.3, 'sector': 0.0, 'continuity': 0.3}",0.0,[],竞价涨幅 -0.10% 超出区间
000620,盈新发展,10.0,3.2,3.23,0.94,0.094,9120000.0,929100000.0,0.00982,1.25,1.25,0.94,-0.31,False,0.31,0.49612403100775204,False,False,False,False,0,房地产,0,4,False,False,A,2.4,10.5,10.466666666666667,"{'gap': 0.0, 'volume': 0.0, 'trend': 0.448, 'position': 0.0, 'sector': 0.0, 'continuity': 0.3}",0.0,[],竞价涨幅 0.94% 超出区间
300347,泰格医药,20.0,57.39,58.43,1.81,0.091,3320000.0,928170000.0,0.00358,-0.02,-0.02,1.81,1.83,True,-1.83,1.0,True,False,False,False,0,医疗服务,4,1,False,False,A,0.9,33.3,33.300000000000004,"{'gap': 0.0, 'volume': 0.0, 'trend': 0.802, 'position': 0.3, 'sector': 0.75, 'continuity': 0.3}",0.0,[],竞价涨幅 1.81% 超出区间
300199,翰宇药业,20.0,23.5,23.5,0.0,0.0,5770000.0,924290000.0,0.00624,0.0,0.0,0.0,0.0,True,0.0,0.5444947209653092,True,False,False,False,0,化学制药,0,0,False,False,A,1.5,19.0,19.0,"{'gap': 0.0, 'volume': 0.0, 'trend': 0.65, 'position': 0.3, 'sector': 0.0, 'continuity': 0.3}",0.0,[],竞价涨幅 0.00% 超出区间
300843,胜蓝股份,20.0,144.81,146.0,0.82,0.041,1500000.0,922680000.0,0.00163,0.0,0.0,0.82,0.82,True,-0.82,0.7705404561074665,True,False,False,False,0,消费电子,0,1,False,False,A,0.4,23.4,23.366666666666667,"{'gap': 0.0, 'volume': 0.0, 'trend': 0.718, 'position': 0.5, 'sector': 0.0, 'continuity': 0.3}",0.0,[],竞价涨幅 0.82% 超出区间
600397,江钨装备,10.0,17.18,17.1,-0.47,-0.047,5820000.0,921940000.0,0.00631,-1.34,-1.05,-0.47,0.87,True,-0.58,0.27484383872799545,False,False,False,False,0,专用设备,1,1,False,False,B,1.5,22.1,22.093356047700176,"{'gap': 0.0, 'volume': 0.0, 'trend': 0.795, 'position': 0.313, 'sector': 0.0, 'continuity': 0.3}",0.0,[],竞价涨幅 -0.47% 超出区间
601688,华泰证券,10.0,18.33,18.36,0.16,0.016,3150000.0,921830000.0,0.00342,0.38,0.38,0.16,-0.22,False,0.22,0.05698005698005675,False,False,False,False,0,证券,0,1,False,False,B,0.8,23.6,23.629914529914537,"{'gap': 0.0, 'volume': 0.0, 'trend': 0.463, 'position': 0.858, 'sector': 0.0, 'continuity': 0.3}",0.0,[],竞价涨幅 0.16% 超出区间
002842,翔鹭钨业,10.0,35.42,34.98,-1.24,-0.124,8330000.0,920350000.0,0.00905,-1.38,-1.38,-1.24,0.14,True,-0.14,0.3104254324450678,False,False,False,False,0,小金属,0,0,False,False,B,2.2,18.3,18.325712949976626,"{'gap': 0.0, 'volume': 0.0, 'trend': 0.673, 'position': 0.224, 'sector': 0.0, 'continuity': 0.3}",0.0,[],竞价涨幅 -1.24% 超出区间
300835,龙磁科技,20.0,187.0,190.0,1.6,0.08,3740000.0,918360000.0,0.00407,0.47,0.47,1.6,1.14,True,-1.14,0.6167237957784593,True,True,False,False,0,金属新材料,0,0,False,False,A,1.0,31.4,31.4,"{'gap': 0.0, 'volume': 0.0, 'trend': 0.745, 'position': 1.0, 'sector': 0.0, 'continuity': 0.3}",0.0,[],竞价涨幅 1.60% 超出区间
600360,华微电子,10.0,10.95,11.0,0.46,0.046,5920000.0,914010000.0,0.00648,0.09,0.09,0.46,0.37,True,-0.37,0.2393483709273183,True,False,False,False,0,半导体,7,4,False,False,B,1.6,39.8,39.7577694235589,"{'gap': 0.0, 'volume': 0.0, 'trend': 0.712, 'position': 0.602, 'sector': 1.0, 'continuity': 0.3}",0.0,[],竞价涨幅 0.46% 超出区间
603067,振华股份,10.0,35.14,35.41,0.77,0.077,1250000.0,908870000.0,0.00138,0.11,0.11,0.77,0.65,True,-0.65,0.322321849929212,False,False,False,False,0,化学原料,1,0,False,False,B,0.3,19.6,19.57959729432122,"{'gap': 0.0, 'volume': 0.0, 'trend': 0.758, 'position': 0.194, 'sector': 0.0, 'continuity': 0.3}",0.0,[],竞价涨幅 0.77% 超出区间
600233,圆通速递,10.0,18.33,18.38,0.27,0.027,4170000.0,908840000.0,0.00459,1.42,0.87,0.27,-1.15,False,0.6,0.7750611246943762,True,False,False,False,0,物流,0,1,False,False,A,1.1,15.2,15.166666666666668,"{'gap': 0.0, 'volume': 0.0, 'trend': 0.308, 'position': 0.5, 'sector': 0.0, 'continuity': 0.3}",0.0,[],竞价涨幅 0.27% 超出区间
688052,纳芯微,20.0,250.47,252.72,0.9,0.045,1840000.0,908560000.0,0.00203,1.0,1.0,0.9,-0.1,False,0.1,0.6459249555534762,False,False,False,False,0,半导体,7,4,False,False,A,0.5,29.3,29.333333333333332,"{'gap': 0.0, 'volume': 0.0, 'trend': 0.492, 'position': 0.2, 'sector': 1.0, 'continuity': 0.3}",0.0,[],竞价涨幅 0.90% 超出区间
002273,水晶光电,10.0,25.47,25.6,0.51,0.051,5830000.0,906270000.0,0.00643,0.51,0.51,0.51,0.0,True,0.0,0.10317460317460309,False,False,False,False,0,光学光电子,1,3,False,False,B,1.5,25.6,25.630952380952387,"{'gap': 0.0, 'volume': 0.0, 'trend': 0.65, 'position': 0.742, 'sector': 0.0, 'continuity': 0.3}",0.0,[],竞价涨幅 0.51% 超出区间
300747,锐科激光,20.0,41.31,41.25,-0.15,-0.007,2530000.0,902370000.0,0.0028,1.4,0.65,-0.15,-1.55,False,0.8,0.490484429065744,True,False,False,False,0,自动化设备,3,0,False,False,A,0.7,20.9,20.916666666666668,"{'gap': 0.0, 'volume': 0.0, 'trend': 0.371, 'position': 0.3, 'sector': 0.5, 'continuity': 0.3}",0.0,[],竞价涨幅 -0.15% 超出区间
002137,实益达,10.0,8.67,8.69,0.23,0.023,14180000.0,901870000.0,0.01572,-0.12,-1.04,0.23,0.35,False,-1.27,0.35495495495495494,True,False,False,False,0,光学光电子,1,3,False,False,B,3.8,27.1,27.105036196773884,"{'gap': 0.0, 'volume': 0.39, 'trend': 0.558, 'position': 0.313, 'sector': 0.0, 'continuity': 0.3}",0.0,[],竞价涨幅 0.23% 超出区间
300679,电连技术,20.0,45.39,45.57,0.4,0.02,3560000.0,897910000.0,0.00396,2.12,1.87,0.4,-1.72,False,1.48,0.3488926746166951,False,False,False,False,0,消费电子,0,1,False,False,B,1.0,0.0,0.0,"{'gap': 0.0, 'volume': 0.0, 'trend': 0.357, 'position': 0.128, 'sector': 0.0, 'continuity': 0.3}",12.5,['竞价尾段走弱'],竞价涨幅 0.40% 超出区间
688234,天岳先进,20.0,107.3,108.65,1.26,0.063,4530000.0,895910000.0,0.00506,0.56,0.88,1.26,0.7,True,-0.38,0.27626956244011497,False,False,False,False,0,半导体,7,4,False,False,B,1.2,35.3,35.30655807516236,"{'gap': 0.0, 'volume': 0.0, 'trend': 0.708, 'position': 0.309, 'sector': 1.0, 'continuity': 0.3}",0.0,[],竞价涨幅 1.26% 超出区间
601233,桐昆股份,10.0,23.81,23.8,-0.04,-0.004,1900000.0,895020000.0,0.00212,0.0,0.0,-0.04,-0.04,False,0.04,0.5389221556886227,False,False,False,False,0,化学纤维,0,0,False,False,A,0.5,11.4,11.366666666666667,"{'gap': 0.0, 'volume': 0.0, 'trend': 0.493, 'position': 0.0, 'sector': 0.0, 'continuity': 0.3}",0.0,[],竞价涨幅 -0.04% 超出区间
600188,兖矿能源,10.0,19.68,19.6,-0.41,-0.041,3410000.0,893870000.0,0.00381,0.0,-0.41,-0.41,-0.41,False,0.0,0.32649572649572645,False,False,False,False,0,煤炭开采加工,0,0,False,False,B,0.9,12.9,12.88974358974359,"{'gap': 0.0, 'volume': 0.0, 'trend': 0.432, 'position': 0.184, 'sector': 0.0, 'continuity': 0.3}",0.0,[],竞价涨幅 -0.41% 超出区间
688249,晶合集成,20.0,36.75,36.92,0.46,0.023,2200000.0,891380000.0,0.00247,0.03,0.16,0.46,0.44,True,-0.3,0.08193548387096773,False,False,False,False,0,半导体,7,4,False,False,B,0.6,42.2,42.160752688172046,"{'gap': 0.0, 'volume': 0.0, 'trend': 0.687, 'position': 0.795, 'sector': 1.0, 'continuity': 0.3}",0.0,[],竞价涨幅 0.46% 超出区间
002560,通达股份,10.0,7.37,7.34,-0.41,-0.041,12700000.0,887620000.0,0.01431,-1.49,-2.44,-0.41,1.09,False,-2.04,0.8478260869565218,True,False,False,False,0,电网设备,1,6,False,False,A,3.4,30.2,30.164844693189462,"{'gap': 0.0, 'volume': 0.301, 'trend': 0.682, 'position': 0.5, 'sector': 0.0, 'continuity': 0.3}",0.0,[],竞价涨幅 -0.41% 超出区间
000425,徐工机械,10.0,7.45,7.42,-0.4,-0.04,2750000.0,884550000.0,0.00311,-0.13,-0.4,-0.4,-0.27,False,0.0,0.0,False,False,False,False,0,工程机械,0,0,False,False,B,0.7,25.6,25.6,"{'gap': 0.0, 'volume': 0.0, 'trend': 0.455, 'position': 1.0, 'sector': 0.0, 'continuity': 0.3}",0.0,[],竞价涨幅 -0.40% 超出区间
002134,天津普林,10.0,27.1,27.57,1.73,0.173,22730000.0,883300000.0,0.02573,-0.04,-2.73,1.73,1.77,False,-4.46,0.7303005686433794,True,True,True,False,1,元件,5,1,False,False,A,6.2,71.5,71.52669963313878,"{'gap': 0.0, 'volume': 0.855, 'trend': 0.795, 'position': 1.0, 'sector': 1.0, 'continuity': 0.85}",0.0,[],竞价涨幅 1.73% 超出区间
000559,万向钱潮,10.0,11.02,11.01,-0.09,-0.009,9040000.0,880780000.0,0.01026,-1.91,-1.91,-0.09,1.81,True,-1.81,0.1836734693877548,False,False,False,False,0,汽车零部件,1,2,False,False,B,2.5,28.6,28.64557823129253,"{'gap': 0.0, 'volume': 0.0, 'trend': 0.952, 'position': 0.541, 'sector': 0.0, 'continuity': 0.3}",0.0,[],竞价涨幅 -0.09% 超出区间
688783,西安奕材-U,20.0,29.46,29.9,1.49,0.075,4670000.0,879140000.0,0.00531,1.49,1.49,1.49,0.0,True,0.0,0.14172395557905867,False,False,False,False,0,半导体,7,4,False,False,B,1.3,39.2,39.185351665785305,"{'gap': 0.0, 'volume': 0.0, 'trend': 0.65, 'position': 0.646, 'sector': 1.0, 'continuity': 0.3}",0.0,[],竞价涨幅 1.49% 超出区间
600893,航发动力,10.0,39.19,39.2,0.03,0.003,3320000.0,874390000.0,0.0038,0.48,0.08,0.03,-0.46,False,0.05,0.7313432835820893,False,False,False,False,0,军工装备,0,0,False,False,A,0.9,13.0,12.966666666666665,"{'gap': 0.0, 'volume': 0.0, 'trend': 0.423, 'position': 0.2, 'sector': 0.0, 'continuity': 0.3}",0.0,[],竞价涨幅 0.03% 超出区间
603688,石英股份,10.0,49.66,49.99,0.66,0.066,6160000.0,873150000.0,0.00705,0.04,0.66,0.66,0.62,True,0.0,0.20410990533364112,False,False,False,False,0,非金属材料,2,0,False,False,B,1.7,27.7,27.662545216655126,"{'gap': 0.0, 'volume': 0.0, 'trend': 0.753, 'position': 0.49, 'sector': 0.25, 'continuity': 0.3}",0.0,[],竞价涨幅 0.66% 超出区间
603459,红板科技,10.0,89.3,89.62,0.36,0.036,4760000.0,870600000.0,0.00547,1.23,0.78,0.36,-0.87,False,0.43,0.3991607658012064,True,False,False,False,0,元件,5,1,False,False,B,1.3,26.6,26.63147128245476,"{'gap': 0.0, 'volume': 0.0, 'trend': 0.355, 'position': 0.202, 'sector': 1.0, 'continuity': 0.3}",0.0,[],竞价涨幅 0.36% 超出区间
603230,内蒙新华,10.0,13.48,14.83,10.01,1.001,95750000.0,867120000.0,0.11042,10.01,10.01,10.01,0.0,True,0.0,1.0,True,True,True,False,3,文化传媒,3,3,False,True,A,26.5,10.0,10.0,"{'gap': 0.0, 'volume': 0.0, 'trend': 0.65, 'position': 0.8, 'sector': 0.8, 'continuity': 0.6}",30.0,"['高位极端放量', '3连板 高位']",一字板（买不进）
000572,海马汽车,10.0,4.31,4.31,0.0,0.0,8760000.0,866280000.0,0.01011,-2.09,-0.46,0.0,2.09,True,-0.46,0.948979591836734,True,False,False,False,0,汽车整车,0,0,False,False,A,2.4,29.0,28.96666666666667,"{'gap': 0.0, 'volume': 0.0, 'trend': 0.998, 'position': 0.5, 'sector': 0.0, 'continuity': 0.3}",0.0,[],竞价涨幅 0.00% 超出区间
301132,满坤科技,20.0,60.29,59.68,-1.01,-0.051,13130000.0,860710000.0,0.01525,-0.15,-2.9,-1.01,-0.86,False,-1.89,0.9523007856341189,True,False,False,False,0,元件,5,1,False,False,A,3.7,38.6,38.59953293049547,"{'gap': 0.0, 'volume': 0.361, 'trend': 0.428, 'position': 0.3, 'sector': 1.0, 'continuity': 0.3}",0.0,[],竞价涨幅 -1.01% 超出区间
688172,燕东微,20.0,46.91,47.01,0.21,0.011,2100000.0,859140000.0,0.00244,0.19,0.23,0.21,0.02,False,0.02,0.10372455608488522,False,False,False,False,0,半导体,7,4,False,False,B,0.6,37.6,37.64366248015014,"{'gap': 0.0, 'volume': 0.0, 'trend': 0.502, 'position': 0.741, 'sector': 1.0, 'continuity': 0.3}",0.0,[],竞价涨幅 0.21% 超出区间
600256,广汇能源,10.0,6.72,6.78,0.89,0.089,12410000.0,858020000.0,0.01446,0.45,0.45,0.89,0.45,True,-0.45,0.7297297297297296,False,False,False,False,0,煤炭开采加工,0,0,False,False,A,3.5,26.8,26.777587112280155,"{'gap': 0.0, 'volume': 0.311, 'trend': 0.725, 'position': 0.2, 'sector': 0.0, 'continuity': 0.3}",0.0,[],竞价涨幅 0.89% 超出区间
688268,华特气体,20.0,138.21,141.98,2.73,0.136,4290000.0,855070000.0,0.00502,-0.93,0.0,2.73,3.66,True,-2.73,0.10680728667305854,False,False,False,False,0,电子化学品,3,0,False,False,B,1.2,48.8,48.82806008309364,"{'gap': 0.487, 'volume': 0.0, 'trend': 0.955, 'position': 0.733, 'sector': 0.5, 'continuity': 0.3}",0.0,[],竞价量能 0.50%(量比≈1.2) 超出区间
601766,中国中车,10.0,6.0,6.0,0.0,0.0,1280000.0,854150000.0,0.0015,-0.17,0.0,0.0,0.17,True,0.0,0.7079646017699114,False,False,False,False,0,轨交设备,0,0,False,False,A,0.4,18.1,18.06666666666667,"{'gap': 0.0, 'volume': 0.0, 'trend': 0.678, 'position': 0.2, 'sector': 0.0, 'continuity': 0.3}",0.0,[],竞价涨幅 0.00% 超出区间
603888,新华网,10.0,18.47,18.21,-1.41,-0.141,22600000.0,852960000.0,0.0265,3.95,2.71,-1.41,-5.36,False,4.11,1.0,True,False,False,False,0,文化传媒,3,3,False,False,A,6.4,27.6,27.572549670557514,"{'gap': 0.0, 'volume': 0.883, 'trend': 0.0, 'position': 0.3, 'sector': 0.8, 'continuity': 0.3}",12.5,['竞价尾段走弱'],竞价涨幅 -1.41% 超出区间
300153,科泰电源,20.0,28.97,28.29,-2.35,-0.117,8050000.0,852130000.0,0.00945,-3.31,-5.04,-2.35,0.97,False,-2.69,1.0,True,False,False,False,0,其他电源设备,1,0,False,False,A,2.3,17.6,17.61666666666667,"{'gap': 0.0, 'volume': 0.0, 'trend': 0.581, 'position': 0.3, 'sector': 0.0, 'continuity': 0.3}",0.0,[],竞价涨幅 -2.35% 超出区间
000066,中国长城,10.0,14.12,14.15,0.21,0.021,8370000.0,851470000.0,0.00983,-0.28,-0.28,0.21,0.5,True,-0.5,0.14413075780089138,False,False,False,False,0,计算机设备,0,1,False,False,B,2.4,25.8,25.761763249133246,"{'gap': 0.0, 'volume': 0.0, 'trend': 0.733, 'position': 0.64, 'sector': 0.0, 'continuity': 0.3}",0.0,[],竞价涨幅 0.21% 超出区间
688018,乐鑫科技,20.0,112.11,113.0,0.79,0.04,3400000.0,849430000.0,0.004,0.31,1.17,0.79,0.48,False,0.37,0.5613207547169812,False,False,False,False,0,半导体,7,4,False,False,A,1.0,30.3,30.300000000000004,"{'gap': 0.0, 'volume': 0.0, 'trend': 0.54, 'position': 0.2, 'sector': 1.0, 'continuity': 0.3}",0.0,[],竞价涨幅 0.79% 超出区间
688655,迅捷兴,20.0,65.01,66.2,1.83,0.092,10850000.0,848050000.0,0.01279,1.0,1.83,1.83,0.83,True,0.0,1.0,True,False,False,False,0,元件,5,1,False,False,A,3.1,40.3,40.264857177406256,"{'gap': 0.0, 'volume': 0.195, 'trend': 0.719, 'position': 0.3, 'sector': 1.0, 'continuity': 0.3}",0.0,[],竞价涨幅 1.83% 超出区间
603124,江南新材,10.0,132.58,132.98,0.3,0.03,2070000.0,847770000.0,0.00244,2.26,1.06,0.3,-1.95,False,0.76,0.37871174052078593,True,False,False,False,0,金属新材料,0,0,False,False,B,0.6,8.8,8.798309730470528,"{'gap': 0.0, 'volume': 0.0, 'trend': 0.175, 'position': 0.253, 'sector': 0.0, 'continuity': 0.3}",0.0,[],竞价涨幅 0.30% 超出区间
600930,华电新能,10.0,3.97,3.98,0.25,0.025,4060000.0,841840000.0,0.00482,0.25,0.25,0.25,0.0,True,0.0,0.07920792079207926,True,False,False,False,0,电力,0,2,False,False,B,1.2,29.5,29.500000000000004,"{'gap': 0.0, 'volume': 0.0, 'trend': 0.65, 'position': 1.0, 'sector': 0.0, 'continuity': 0.3}",0.0,[],竞价涨幅 0.25% 超出区间
600088,中视传媒,10.0,15.76,15.2,-3.55,-0.355,11960000.0,841730000.0,0.01421,-0.63,-0.63,-3.55,-2.92,False,2.92,0.9204339963833635,True,False,False,False,0,影视院线,0,0,False,False,A,3.4,4.1,4.1326903159012005,"{'gap': 0.0, 'volume': 0.295, 'trend': 0.013, 'position': 0.5, 'sector': 0.0, 'continuity': 0.3}",12.5,['竞价尾段走弱'],竞价涨幅 -3.55% 超出区间
688678,福立旺,20.0,24.68,24.68,0.0,0.0,4050000.0,840490000.0,0.00482,0.0,0.0,0.0,0.0,True,0.0,1.0,True,False,False,False,0,消费电子,0,1,False,False,A,1.2,19.0,19.0,"{'gap': 0.0, 'volume': 0.0, 'trend': 0.65, 'position': 0.3, 'sector': 0.0, 'continuity': 0.3}",0.0,[],竞价涨幅 0.00% 超出区间
688809,强一股份,20.0,532.8,536.0,0.6,0.03,2780000.0,840380000.0,0.00331,2.95,-0.17,0.6,-2.35,False,-0.77,0.6596097965960978,True,False,False,False,0,半导体,7,4,False,False,A,0.8,30.1,30.083333333333336,"{'gap': 0.0, 'volume': 0.0, 'trend': 0.304, 'position': 0.5, 'sector': 1.0, 'continuity': 0.3}",0.0,[],竞价涨幅 0.60% 超出区间
000547,航天发展,10.0,14.93,14.96,0.2,0.02,8490000.0,840150000.0,0.01011,0.47,-0.27,0.2,-0.27,False,-0.47,0.28525641025641013,False,False,False,False,0,军工电子,3,1,False,False,B,2.4,22.4,22.40288461538462,"{'gap': 0.0, 'volume': 0.0, 'trend': 0.455, 'position': 0.287, 'sector': 0.5, 'continuity': 0.3}",0.0,[],竞价涨幅 0.20% 超出区间
002049,紫光国微,10.0,61.28,61.58,0.49,0.049,4690000.0,839980000.0,0.00558,0.34,0.49,0.49,0.15,True,0.0,0.07383681726230606,False,False,False,False,0,半导体,7,4,False,False,B,1.3,42.2,42.23111935266353,"{'gap': 0.0, 'volume': 0.0, 'trend': 0.675, 'position': 0.815, 'sector': 1.0, 'continuity': 0.3}",0.0,[],竞价涨幅 0.49% 超出区间
600613,神奇制药,10.0,8.41,8.46,0.59,0.059,5240000.0,839260000.0,0.00624,-0.59,-0.36,0.59,1.19,True,-0.95,0.4987437185929648,False,False,False,False,0,化学制药,0,0,False,False,A,1.5,18.5,18.46666666666667,"{'gap': 0.0, 'volume': 0.0, 'trend': 0.848, 'position': 0.0, 'sector': 0.0, 'continuity': 0.3}",0.0,[],竞价涨幅 0.59% 超出区间
600887,伊利股份,10.0,26.6,26.56,-0.15,-0.015,3800000.0,838610000.0,0.00453,0.0,0.0,-0.15,-0.15,False,0.15,0.707774798927614,False,False,False,False,0,饮料制造,1,1,False,False,A,1.1,14.0,14.000000000000002,"{'gap': 0.0, 'volume': 0.0, 'trend': 0.475, 'position': 0.2, 'sector': 0.0, 'continuity': 0.3}",0.0,[],竞价涨幅 -0.15% 超出区间
601012,隆基绿能,10.0,11.23,11.2,-0.27,-0.027,5330000.0,835350000.0,0.00638,0.0,0.0,-0.27,-0.27,False,0.27,0.10480349344978179,False,False,False,False,0,光伏设备,0,1,False,False,B,1.5,21.7,21.669868995633184,"{'gap': 0.0, 'volume': 0.0, 'trend': 0.455, 'position': 0.738, 'sector': 0.0, 'continuity': 0.3}",0.0,[],竞价涨幅 -0.27% 超出区间
603119,浙江荣泰,10.0,55.06,55.1,0.07,0.007,1820000.0,833230000.0,0.00218,0.0,0.02,0.07,0.07,True,-0.05,0.38683638621546107,True,False,False,False,0,汽车零部件,1,2,False,False,B,0.5,18.2,18.22696885025355,"{'gap': 0.0, 'volume': 0.0, 'trend': 0.662, 'position': 0.233, 'sector': 0.0, 'continuity': 0.3}",0.0,[],竞价涨幅 0.07% 超出区间
601126,四方股份,10.0,41.0,41.35,0.85,0.085,4970000.0,827390000.0,0.00601,0.37,0.51,0.85,0.49,True,-0.34,0.1597274791824375,False,False,False,False,0,电网设备,1,6,False,False,B,1.4,25.1,25.143552863991932,"{'gap': 0.0, 'volume': 0.0, 'trend': 0.732, 'position': 0.601, 'sector': 0.0, 'continuity': 0.3}",0.0,[],竞价涨幅 0.85% 超出区间
001979,招商蛇口,10.0,7.07,6.97,-1.41,-0.141,9450000.0,827100000.0,0.01143,-0.57,-0.99,-1.41,-0.85,False,0.42,0.5681818181818185,False,False,False,False,0,房地产,0,4,False,False,A,2.7,13.9,13.895202220517461,"{'gap': 0.0, 'volume': 0.089, 'trend': 0.358, 'position': 0.2, 'sector': 0.0, 'continuity': 0.3}",0.0,[],竞价涨幅 -1.41% 超出区间
002957,科瑞技术,10.0,42.44,42.77,0.78,0.078,5280000.0,826690000.0,0.00639,0.16,0.52,0.78,0.61,True,-0.26,0.48526359485263576,True,False,False,False,0,自动化设备,3,0,False,False,A,1.5,28.5,28.53333333333334,"{'gap': 0.0, 'volume': 0.0, 'trend': 0.752, 'position': 0.3, 'sector': 0.5, 'continuity': 0.3}",0.0,[],竞价涨幅 0.78% 超出区间
603042,华脉科技,10.0,17.3,17.25,-0.29,-0.029,5740000.0,825890000.0,0.00695,-0.58,-0.58,-0.29,0.29,True,-0.29,0.8296019900497511,False,False,False,False,0,通信设备,2,2,False,False,A,1.7,26.7,26.716666666666672,"{'gap': 0.0, 'volume': 0.0, 'trend': 0.698, 'position': 0.2, 'sector': 0.55, 'continuity': 0.3}",0.0,[],竞价涨幅 -0.29% 超出区间
002245,蔚蓝锂芯,10.0,18.25,18.29,0.22,0.022,1410000.0,823950000.0,0.00171,0.05,0.27,0.22,0.16,False,0.05,0.4317241379310345,True,False,False,False,0,电池,0,1,False,False,A,0.4,16.5,16.53333333333333,"{'gap': 0.0, 'volume': 0.0, 'trend': 0.527, 'position': 0.3, 'sector': 0.0, 'continuity': 0.3}",0.0,[],竞价涨幅 0.22% 超出区间
600792,云煤能源,10.0,5.3,5.2,-1.89,-0.189,9710000.0,819300000.0,0.01185,-1.89,-2.26,-1.89,0.0,False,-0.38,0.950892857142857,True,False,False,False,0,煤炭开采加工,0,0,False,False,A,2.8,19.1,19.080118448421302,"{'gap': 0.0, 'volume': 0.123, 'trend': 0.5, 'position': 0.3, 'sector': 0.0, 'continuity': 0.3}",0.0,[],竞价涨幅 -1.89% 超出区间
002886,沃特股份,10.0,26.4,26.0,-1.52,-0.152,13470000.0,818230000.0,0.01646,-1.52,-3.41,-1.52,0.0,False,-1.89,0.683535281539558,True,False,False,False,0,塑料制品,0,1,False,False,A,4.0,29.8,29.834695114468808,"{'gap': 0.0, 'volume': 0.433, 'trend': 0.5, 'position': 0.5, 'sector': 0.0, 'continuity': 0.3}",0.0,[],竞价涨幅 -1.52% 超出区间
603162,海通发展,10.0,14.06,13.9,-1.14,-0.114,5020000.0,816570000.0,0.00615,-1.14,-1.78,-1.14,0.0,False,-0.64,0.7770992366412215,False,False,False,False,0,港口航运,0,0,False,False,A,1.5,14.5,14.500000000000002,"{'gap': 0.0, 'volume': 0.0, 'trend': 0.5, 'position': 0.2, 'sector': 0.0, 'continuity': 0.3}",0.0,[],竞价涨幅 -1.14% 超出区间
002625,光启技术,10.0,27.6,27.6,0.0,0.0,4120000.0,811310000.0,0.00508,0.04,0.04,0.0,-0.04,False,0.04,0.20905923344947777,False,False,False,False,0,军工装备,0,0,False,False,B,1.2,18.5,18.526945412311253,"{'gap': 0.0, 'volume': 0.0, 'trend': 0.493, 'position': 0.477, 'sector': 0.0, 'continuity': 0.3}",0.0,[],竞价涨幅 0.00% 超出区间
002735,王子新材,10.0,12.95,12.95,0.0,0.0,15320000.0,810060000.0,0.01891,1.93,-1.78,0.0,-1.93,False,-1.78,0.45877659574468077,True,False,False,True,0,包装印刷,1,1,False,False,A,4.5,8.7,8.675828244445103,"{'gap': 0.0, 'volume': 0.564, 'trend': 0.178, 'position': 0.3, 'sector': 0.0, 'continuity': 0.3}",15.0,['昨日炸板'],竞价涨幅 0.00% 超出区间
688813,泰金新能,20.0,139.43,141.98,1.83,0.091,2730000.0,807970000.0,0.00338,2.09,2.09,1.83,-0.27,False,0.27,0.3920164609053498,True,False,False,False,0,专用设备,1,1,False,False,B,0.8,14.3,14.34938271604938,"{'gap': 0.0, 'volume': 0.0, 'trend': 0.477, 'position': 0.22, 'sector': 0.0, 'continuity': 0.3}",0.0,[],竞价涨幅 1.83% 超出区间
301392,汇成真空,20.0,178.5,178.02,-0.27,-0.013,2350000.0,807850000.0,0.00291,0.01,-0.28,-0.27,-0.28,False,-0.01,0.35341082540800756,False,False,False,False,0,专用设备,1,1,False,False,B,0.7,12.8,12.78042738053305,"{'gap': 0.0, 'volume': 0.0, 'trend': 0.477, 'position': 0.116, 'sector': 0.0, 'continuity': 0.3}",0.0,[],竞价涨幅 -0.27% 超出区间
688608,恒玄科技,20.0,103.25,103.99,0.72,0.036,1800000.0,807700000.0,0.00223,-1.11,0.73,0.72,1.83,False,0.01,0.178887890073199,False,False,False,False,0,半导体,7,4,False,False,B,0.5,37.8,37.84170412225504,"{'gap': 0.0, 'volume': 0.0, 'trend': 0.652, 'position': 0.553, 'sector': 1.0, 'continuity': 0.3}",0.0,[],竞价涨幅 0.72% 超出区间
002580,圣阳股份,10.0,19.52,19.42,-0.51,-0.051,2450000.0,806600000.0,0.00304,0.0,-0.2,-0.51,-0.51,False,0.31,0.6030341340075853,False,False,False,False,0,电池,0,1,False,False,A,0.7,12.8,12.8,"{'gap': 0.0, 'volume': 0.0, 'trend': 0.415, 'position': 0.2, 'sector': 0.0, 'continuity': 0.3}",0.0,[],竞价涨幅 -0.51% 超出区间
688020,方邦股份,20.0,150.2,150.0,-0.13,-0.007,9670000.0,805050000.0,0.01201,-1.46,-1.46,-0.13,1.33,True,-1.33,0.3214851709304958,True,False,False,False,0,电子化学品,3,0,False,False,B,2.9,33.6,33.55758816488169,"{'gap': 0.0, 'volume': 0.136, 'trend': 0.761, 'position': 0.396, 'sector': 0.5, 'continuity': 0.3}",0.0,[],竞价涨幅 -0.13% 超出区间
603328,依顿电子,10.0,13.22,13.01,-1.59,-0.159,6010000.0,802500000.0,0.00749,-0.91,-1.82,-1.59,-0.68,False,-0.23,0.8139931740614335,True,False,False,False,0,元件,5,1,False,False,A,1.8,31.7,31.733333333333334,"{'gap': 0.0, 'volume': 0.0, 'trend': 0.387, 'position': 0.5, 'sector': 1.0, 'continuity': 0.3}",0.0,[],竞价涨幅 -1.59% 超出区间
600089,特变电工,10.0,18.13,18.14,0.06,0.006,4720000.0,801810000.0,0.00589,0.06,0.06,0.06,0.0,True,0.0,0.0472103004291843,False,False,False,False,0,综合,0,1,False,False,B,1.4,27.7,27.729613733905587,"{'gap': 0.0, 'volume': 0.0, 'trend': 0.65, 'position': 0.882, 'sector': 0.0, 'continuity': 0.3}",0.0,[],竞价涨幅 0.06% 超出区间
688368,晶丰明源,20.0,149.0,149.59,0.4,0.02,6930000.0,800790000.0,0.00865,0.4,0.4,0.4,0.0,True,0.0,0.4370049195363962,False,False,False,False,0,半导体,7,4,False,False,A,2.1,29.5,29.500000000000004,"{'gap': 0.0, 'volume': 0.0, 'trend': 0.65, 'position': 0.0, 'sector': 1.0, 'continuity': 0.3}",0.0,[],竞价涨幅 0.40% 超出区间
688031,星环科技-U,20.0,111.85,111.98,0.12,0.006,2460000.0,799370000.0,0.00308,-0.38,-0.38,0.12,0.49,True,-0.49,0.7780794865465315,False,False,False,False,0,软件开发,2,2,False,False,A,0.7,26.6,26.566666666666666,"{'gap': 0.0, 'volume': 0.0, 'trend': 0.691, 'position': 0.2, 'sector': 0.55, 'continuity': 0.3}",0.0,[],竞价涨幅 0.12% 超出区间
688099,晶晨股份,20.0,88.5,88.99,0.55,0.028,2740000.0,798980000.0,0.00343,0.01,0.11,0.55,0.54,True,-0.44,0.23890063424947122,False,False,False,False,0,半导体,7,4,False,False,B,0.8,36.4,36.44122621564483,"{'gap': 0.0, 'volume': 0.0, 'trend': 0.695, 'position': 0.403, 'sector': 1.0, 'continuity': 0.3}",0.0,[],竞价涨幅 0.55% 超出区间
600875,东方电气,10.0,24.42,24.45,0.12,0.012,2510000.0,797940000.0,0.00315,0.04,0.04,0.12,0.08,True,-0.08,0.08075601374570487,False,False,False,False,0,其他电源设备,1,0,False,False,B,0.8,26.7,26.738316151202735,"{'gap': 0.0, 'volume': 0.0, 'trend': 0.663, 'position': 0.798, 'sector': 0.0, 'continuity': 0.3}",0.0,[],竞价涨幅 0.12% 超出区间
601360,三六零,10.0,8.77,8.79,0.23,0.023,4440000.0,796400000.0,0.00558,0.57,0.23,0.23,-0.34,False,0.0,0.28289473684210514,False,False,False,False,0,软件开发,2,2,False,False,B,1.3,23.0,23.00811403508773,"{'gap': 0.0, 'volume': 0.0, 'trend': 0.443, 'position': 0.293, 'sector': 0.55, 'continuity': 0.3}",0.0,[],竞价涨幅 0.23% 超出区间
000630,铜陵有色,10.0,6.09,6.1,0.16,0.016,5030000.0,795740000.0,0.00632,0.16,0.16,0.16,0.0,True,0.0,0.28099173553719,False,False,False,False,0,工业金属,0,0,False,False,B,1.5,19.0,18.96280991735538,"{'gap': 0.0, 'volume': 0.0, 'trend': 0.65, 'position': 0.298, 'sector': 0.0, 'continuity': 0.3}",0.0,[],竞价涨幅 0.16% 超出区间
002201,九鼎新材,10.0,10.64,10.51,-1.22,-0.122,9080000.0,793290000.0,0.01145,-1.03,-2.54,-1.22,-0.19,False,-1.32,0.8605769230769231,True,False,False,False,0,建筑材料,1,1,False,False,A,2.7,20.6,20.63645826393748,"{'gap': 0.0, 'volume': 0.091, 'trend': 0.468, 'position': 0.5, 'sector': 0.0, 'continuity': 0.3}",0.0,[],竞价涨幅 -1.22% 超出区间
000831,中国稀土,10.0,53.39,53.98,1.11,0.111,6120000.0,792880000.0,0.00772,1.14,1.14,1.11,-0.04,False,0.04,0.47220662549129716,False,False,False,False,0,小金属,0,0,False,False,A,1.9,11.4,11.366666666666667,"{'gap': 0.0, 'volume': 0.0, 'trend': 0.493, 'position': 0.0, 'sector': 0.0, 'continuity': 0.3}",0.0,[],竞价涨幅 1.11% 超出区间
002068,黑猫股份,10.0,9.98,9.58,-4.01,-0.401,10490000.0,791500000.0,0.01325,-4.31,-4.31,-4.01,0.3,True,-0.3,0.33458177278401996,True,False,False,False,0,橡胶制品,0,0,False,False,B,3.2,26.7,26.668533535705976,"{'gap': 0.0, 'volume': 0.229, 'trend': 0.7, 'position': 0.364, 'sector': 0.0, 'continuity': 0.3}",0.0,[],竞价涨幅 -4.01% 超出区间
002517,恺英网络,10.0,16.61,16.46,-0.9,-0.09,1800000.0,790740000.0,0.00228,-0.06,-0.3,-0.9,-0.84,False,0.6,0.4675675675675675,False,False,False,False,0,游戏,0,0,False,False,A,0.5,8.7,8.7,"{'gap': 0.0, 'volume': 0.0, 'trend': 0.36, 'position': 0.0, 'sector': 0.0, 'continuity': 0.3}",0.0,[],竞价涨幅 -0.90% 超出区间
600488,津药药业,10.0,6.1,6.05,-0.82,-0.082,6720000.0,790490000.0,0.0085,0.0,-0.33,-0.82,-0.82,False,0.49,0.5906976744186043,True,False,False,False,0,化学制药,0,0,False,False,A,2.0,16.3,16.26666666666667,"{'gap': 0.0, 'volume': 0.0, 'trend': 0.363, 'position': 0.5, 'sector': 0.0, 'continuity': 0.3}",0.0,[],竞价涨幅 -0.82% 超出区间
600961,株冶集团,10.0,25.5,25.59,0.35,0.035,4710000.0,788360000.0,0.00597,0.31,0.31,0.35,0.04,True,-0.04,0.28830791575889614,False,False,False,False,0,贵金属,0,0,False,False,B,1.4,18.8,18.82178649237473,"{'gap': 0.0, 'volume': 0.0, 'trend': 0.657, 'position': 0.279, 'sector': 0.0, 'continuity': 0.3}",0.0,[],竞价涨幅 0.35% 超出区间
300404,博济医药,20.0,13.4,13.53,0.97,0.049,6610000.0,788260000.0,0.00839,0.0,0.97,0.97,0.97,True,0.0,0.5248868778280543,False,False,False,False,0,医疗服务,4,1,False,False,A,2.0,27.4,27.366666666666667,"{'gap': 0.0, 'volume': 0.0, 'trend': 0.731, 'position': 0.0, 'sector': 0.75, 'continuity': 0.3}",0.0,[],竞价涨幅 0.97% 超出区间
601118,海南橡胶,10.0,6.15,6.14,-0.16,-0.016,2830000.0,786540000.0,0.0036,0.0,0.0,-0.16,-0.16,False,0.16,0.4334277620396601,False,False,False,False,0,种植业与林业,0,0,False,False,A,0.9,11.0,10.966666666666667,"{'gap': 0.0, 'volume': 0.0, 'trend': 0.473, 'position': 0.0, 'sector': 0.0, 'continuity': 0.3}",0.0,[],竞价涨幅 -0.16% 超出区间
600593,大连圣亚,10.0,44.15,44.19,0.09,0.009,17140000.0,785070000.0,0.02183,-1.9,-1.9,0.09,1.99,True,-1.99,1.0,False,False,False,False,0,旅游及酒店,0,1,False,False,A,5.2,38.6,38.631097652777534,"{'gap': 0.0, 'volume': 0.7, 'trend': 0.982, 'position': 0.0, 'sector': 0.0, 'continuity': 0.3}",0.0,[],竞价涨幅 0.09% 超出区间
688392,骄成超声,20.0,176.2,179.01,1.59,0.08,3210000.0,779920000.0,0.00412,-0.67,0.11,1.59,2.26,True,-1.48,0.47758222505375475,False,False,False,False,0,电池,0,1,False,False,A,1.0,18.3,18.26666666666667,"{'gap': 0.0, 'volume': 0.0, 'trend': 0.838, 'position': 0.0, 'sector': 0.0, 'continuity': 0.3}",0.0,[],竞价涨幅 1.59% 超出区间
601658,邮储银行,10.0,5.33,5.32,-0.19,-0.019,4080000.0,779260000.0,0.00524,0.19,0.0,-0.19,-0.38,False,0.19,0.6461538461538465,False,False,False,False,0,银行,0,0,False,False,A,1.3,13.2,13.233333333333333,"{'gap': 0.0, 'volume': 0.0, 'trend': 0.437, 'position': 0.2, 'sector': 0.0, 'continuity': 0.3}",0.0,[],竞价涨幅 -0.19% 超出区间
300760,迈瑞医疗,20.0,156.87,157.12,0.16,0.008,2860000.0,778960000.0,0.00367,0.64,0.21,0.16,-0.48,False,0.05,0.616647127784291,False,False,False,False,0,医疗器械,0,0,False,False,A,0.9,13.7,13.700000000000001,"{'gap': 0.0, 'volume': 0.0, 'trend': 0.46, 'position': 0.2, 'sector': 0.0, 'continuity': 0.3}",0.0,[],竞价涨幅 0.16% 超出区间
605577,龙版传媒,10.0,15.72,15.75,0.19,0.019,17980000.0,778420000.0,0.0231,0.06,0.06,0.19,0.13,True,-0.13,0.7008113590263692,False,False,False,False,0,文化传媒,3,3,False,False,A,5.5,48.8,48.7655297993239,"{'gap': 0.0, 'volume': 0.753, 'trend': 0.672, 'position': 0.2, 'sector': 0.8, 'continuity': 0.3}",0.0,[],竞价涨幅 0.19% 超出区间
688690,纳微科技,20.0,47.2,47.6,0.85,0.042,950000.0,777660000.0,0.00122,0.02,0.02,0.85,0.83,True,-0.83,1.0,True,False,False,False,0,化学制药,0,0,False,False,A,0.3,20.4,20.383333333333336,"{'gap': 0.0, 'volume': 0.0, 'trend': 0.719, 'position': 0.3, 'sector': 0.0, 'continuity': 0.3}",0.0,[],竞价涨幅 0.85% 超出区间
000933,神火股份,10.0,26.81,26.82,0.04,0.004,5300000.0,777120000.0,0.00682,0.52,0.52,0.04,-0.48,False,0.48,0.7307692307692306,False,False,False,False,0,工业金属,0,0,False,False,A,1.6,12.9,12.9,"{'gap': 0.0, 'volume': 0.0, 'trend': 0.42, 'position': 0.2, 'sector': 0.0, 'continuity': 0.3}",0.0,[],竞价涨幅 0.04% 超出区间
003001,中岩大地,10.0,20.0,19.82,-0.9,-0.09,18990000.0,774690000.0,0.02451,-7.7,-6.7,-0.9,6.8,True,-5.8,0.8600723763570567,True,False,False,False,0,建筑装饰,0,3,False,False,A,5.9,49.2,49.23037116790569,"{'gap': 0.0, 'volume': 0.809, 'trend': 1.0, 'position': 0.5, 'sector': 0.0, 'continuity': 0.3}",0.0,[],竞价涨幅 -0.90% 超出区间
603667,五洲新春,10.0,51.11,51.09,-0.04,-0.004,2560000.0,773110000.0,0.00331,-0.02,-0.02,-0.04,-0.02,False,0.02,0.13684936228886585,False,False,False,False,0,通用设备,1,3,False,False,B,0.8,21.3,21.301482247500864,"{'gap': 0.0, 'volume': 0.0, 'trend': 0.497, 'position': 0.658, 'sector': 0.0, 'continuity': 0.3}",0.0,[],竞价涨幅 -0.04% 超出区间
601319,中国人保,10.0,7.82,7.82,0.0,0.0,5700000.0,768280000.0,0.00742,-0.38,-0.38,0.0,0.38,True,-0.38,0.8281250000000008,False,False,False,False,0,保险,0,0,False,False,A,1.8,18.8,18.76666666666667,"{'gap': 0.0, 'volume': 0.0, 'trend': 0.713, 'position': 0.2, 'sector': 0.0, 'continuity': 0.3}",0.0,[],竞价涨幅 0.00% 超出区间
300491,通合科技,20.0,38.06,38.8,1.94,0.097,4610000.0,767070000.0,0.00601,0.03,0.03,1.94,1.92,True,-1.92,0.9920924574209249,True,False,False,False,0,其他电源设备,1,0,False,False,A,1.4,22.2,22.200000000000003,"{'gap': 0.0, 'volume': 0.0, 'trend': 0.81, 'position': 0.3, 'sector': 0.0, 'continuity': 0.3}",0.0,[],竞价涨幅 1.94% 超出区间
601169,北京银行,10.0,5.54,5.51,-0.54,-0.054,6980000.0,765580000.0,0.00912,-0.36,-0.36,-0.54,-0.18,False,0.18,0.8205128205128208,True,False,False,False,0,银行,0,0,False,False,A,2.2,18.4,18.4,"{'gap': 0.0, 'volume': 0.0, 'trend': 0.47, 'position': 0.5, 'sector': 0.0, 'continuity': 0.3}",0.0,[],竞价涨幅 -0.54% 超出区间
688185,康希诺,20.0,68.05,68.97,1.35,0.068,3020000.0,764490000.0,0.00395,1.35,0.37,1.35,0.0,False,-0.98,0.443394103083502,False,False,False,False,0,生物制品,3,0,False,False,A,0.9,19.0,19.0,"{'gap': 0.0, 'volume': 0.0, 'trend': 0.5, 'position': 0.0, 'sector': 0.5, 'continuity': 0.3}",0.0,[],竞价涨幅 1.35% 超出区间
601888,中国中免,10.0,52.0,51.98,-0.04,-0.004,6620000.0,762430000.0,0.00868,0.0,0.0,-0.04,-0.04,False,0.04,0.15202231520223197,False,False,False,False,0,零售,1,3,False,False,B,2.1,20.7,20.665829846582966,"{'gap': 0.0, 'volume': 0.0, 'trend': 0.493, 'position': 0.62, 'sector': 0.0, 'continuity': 0.3}",0.0,[],竞价涨幅 -0.04% 超出区间
300115,长盈精密,20.0,24.48,24.5,0.08,0.004,1440000.0,761590000.0,0.00189,-0.69,-0.33,0.08,0.78,True,-0.41,0.14705882352941177,False,False,False,False,0,消费电子,0,1,False,False,B,0.5,25.3,25.285294117647055,"{'gap': 0.0, 'volume': 0.0, 'trend': 0.715, 'position': 0.632, 'sector': 0.0, 'continuity': 0.3}",0.0,[],竞价涨幅 0.08% 超出区间
000920,沃顿科技,10.0,13.16,13.16,0.0,0.0,24580000.0,760920000.0,0.0323,-9.95,-8.81,0.0,9.95,True,-8.81,0.44630872483221473,True,False,False,True,0,塑料制品,0,1,False,False,A,7.8,35.3,35.26130151433544,"{'gap': 0.0, 'volume': 0.97, 'trend': 1.0, 'position': 0.3, 'sector': 0.0, 'continuity': 0.3}",15.0,['昨日炸板'],竞价涨幅 0.00% 超出区间
300731,科创新源,20.0,48.89,48.83,-0.12,-0.006,14920000.0,759440000.0,0.01965,-2.07,-3.87,-0.12,1.94,False,-3.74,0.6794177386594449,True,False,False,False,0,橡胶制品,0,0,False,False,A,4.7,37.2,37.24835579702285,"{'gap': 0.0, 'volume': 0.601, 'trend': 0.662, 'position': 0.5, 'sector': 0.0, 'continuity': 0.3}",0.0,[],竞价涨幅 -0.12% 超出区间
300676,华大基因,20.0,39.7,39.97,0.68,0.034,2920000.0,759230000.0,0.00385,-1.03,-0.58,0.68,1.71,True,-1.26,0.5696202531645573,False,False,False,False,0,医疗服务,4,1,False,False,A,0.9,31.6,31.6,"{'gap': 0.0, 'volume': 0.0, 'trend': 0.792, 'position': 0.2, 'sector': 0.75, 'continuity': 0.3}",0.0,[],竞价涨幅 0.68% 超出区间
601088,中国神华,10.0,46.23,46.18,-0.11,-0.011,4330000.0,758410000.0,0.00571,-0.28,-0.28,-0.11,0.17,True,-0.17,0.7381930184804925,False,False,False,False,0,煤炭开采加工,0,0,False,False,A,1.4,18.1,18.06666666666667,"{'gap': 0.0, 'volume': 0.0, 'trend': 0.678, 'position': 0.2, 'sector': 0.0, 'continuity': 0.3}",0.0,[],竞价涨幅 -0.11% 超出区间
002796,世嘉科技,10.0,31.77,31.77,0.0,0.0,5840000.0,757370000.0,0.00771,0.0,0.0,0.0,0.0,True,0.0,0.47798377752027804,False,False,False,False,0,通信设备,2,2,False,False,A,1.9,22.8,22.750000000000004,"{'gap': 0.0, 'volume': 0.0, 'trend': 0.65, 'position': 0.0, 'sector': 0.55, 'continuity': 0.3}",0.0,[],竞价涨幅 0.00% 超出区间
000533,顺钠股份,10.0,11.23,11.23,0.0,0.0,9710000.0,757280000.0,0.01282,-1.96,-2.23,0.0,1.96,False,-2.23,0.6746031746031748,False,False,False,False,0,电网设备,1,6,False,False,A,3.1,26.0,25.97014447522703,"{'gap': 0.0, 'volume': 0.197, 'trend': 0.827, 'position': 0.2, 'sector': 0.0, 'continuity': 0.3}",0.0,[],竞价涨幅 0.00% 超出区间
603009,北特科技,10.0,49.29,49.29,0.0,0.0,5940000.0,757110000.0,0.00785,1.24,-0.02,0.0,-1.24,False,-0.02,0.7724719101123594,False,False,False,False,0,汽车零部件,1,2,False,False,A,1.9,10.4,10.366666666666667,"{'gap': 0.0, 'volume': 0.0, 'trend': 0.293, 'position': 0.2, 'sector': 0.0, 'continuity': 0.3}",0.0,[],竞价涨幅 0.00% 超出区间
002192,融捷股份,10.0,60.79,61.05,0.43,0.043,4710000.0,756690000.0,0.00622,-0.02,-0.71,0.43,0.44,False,-1.14,0.11365278112208041,False,False,False,False,0,能源金属,1,0,False,False,B,1.5,23.7,23.70468737458865,"{'gap': 0.0, 'volume': 0.0, 'trend': 0.573, 'position': 0.716, 'sector': 0.0, 'continuity': 0.3}",0.0,[],竞价涨幅 0.43% 超出区间
300283,温州宏丰,20.0,14.31,14.32,0.07,0.003,5180000.0,755550000.0,0.00686,-0.91,-0.77,0.07,0.98,True,-0.84,0.21840354767184045,True,False,False,False,0,电网设备,1,6,False,False,B,1.6,25.9,25.94320029563932,"{'gap': 0.0, 'volume': 0.0, 'trend': 0.732, 'position': 0.654, 'sector': 0.0, 'continuity': 0.3}",0.0,[],竞价涨幅 0.07% 超出区间
300244,迪安诊断,20.0,19.01,19.21,1.05,0.053,6060000.0,754770000.0,0.00803,0.11,0.32,1.05,0.95,True,-0.74,0.6068840579710147,False,False,False,False,0,医疗服务,4,1,False,False,A,1.9,30.3,30.333333333333336,"{'gap': 0.0, 'volume': 0.0, 'trend': 0.729, 'position': 0.2, 'sector': 0.75, 'continuity': 0.3}",0.0,[],竞价涨幅 1.05% 超出区间
002142,宁波银行,10.0,34.65,34.52,-0.38,-0.038,3100000.0,754270000.0,0.00411,0.03,-0.29,-0.38,-0.4,False,0.09,0.8025889967637541,False,False,False,False,0,银行,0,0,False,False,A,1.0,13.2,13.166666666666666,"{'gap': 0.0, 'volume': 0.0, 'trend': 0.433, 'position': 0.2, 'sector': 0.0, 'continuity': 0.3}",0.0,[],竞价涨幅 -0.38% 超出区间
605162,新中港,10.0,12.35,12.09,-2.11,-0.211,8860000.0,753560000.0,0.01176,-2.83,-2.83,-2.11,0.73,True,-0.73,1.0,True,False,False,False,0,电力,0,2,False,False,A,2.8,24.3,24.333538959931545,"{'gap': 0.0, 'volume': 0.116, 'trend': 0.772, 'position': 0.3, 'sector': 0.0, 'continuity': 0.3}",0.0,[],竞价涨幅 -2.11% 超出区间
000408,藏格矿业,10.0,72.16,72.4,0.33,0.033,4810000.0,753150000.0,0.00639,0.47,0.47,0.33,-0.14,False,0.14,0.2123620309050773,False,False,False,False,0,农化制品,0,0,False,False,B,1.5,18.1,18.069757174392937,"{'gap': 0.0, 'volume': 0.0, 'trend': 0.477, 'position': 0.469, 'sector': 0.0, 'continuity': 0.3}",0.0,[],竞价涨幅 0.33% 超出区间
688235,百济神州,20.0,256.0,258.68,1.05,0.052,4960000.0,753140000.0,0.00659,0.78,0.78,1.05,0.27,True,-0.27,0.1641509433962262,False,False,False,False,0,化学制药,0,0,False,False,B,1.6,23.8,23.79433962264152,"{'gap': 0.0, 'volume': 0.0, 'trend': 0.672, 'position': 0.59, 'sector': 0.0, 'continuity': 0.3}",0.0,[],竞价涨幅 1.05% 超出区间
002167,东方锆业,10.0,16.25,16.57,1.97,0.197,5800000.0,750620000.0,0.00773,0.25,0.31,1.97,1.72,True,-1.66,0.17089678510998305,False,False,False,False,0,小金属,0,0,False,False,B,1.9,28.8,28.824703891708975,"{'gap': 0.0, 'volume': 0.0, 'trend': 0.937, 'position': 0.573, 'sector': 0.0, 'continuity': 0.3}",0.0,[],竞价涨幅 1.97% 超出区间
002141,贤丰控股,10.0,6.5,6.51,0.15,0.015,2980000.0,748940000.0,0.00398,0.77,0.77,0.15,-0.62,False,0.62,0.7322834645669293,True,False,False,False,0,元件,5,1,False,False,A,1.0,31.9,31.933333333333337,"{'gap': 0.0, 'volume': 0.0, 'trend': 0.397, 'position': 0.5, 'sector': 1.0, 'continuity': 0.3}",0.0,[],竞价涨幅 0.15% 超出区间
920438,戈碧迦,30.0,111.83,112.39,0.5,0.017,3382799.9999999995,747877000.0,0.00452,0.19,0.21,0.5,0.31,True,-0.3,0.32145433559370934,False,False,False,False,0,光学光电子,1,3,False,False,B,1.1,17.8,17.789906859680343,"{'gap': 0.0, 'volume': 0.0, 'trend': 0.667, 'position': 0.196, 'sector': 0.0, 'continuity': 0.3}",0.0,[],竞价涨幅 0.50% 超出区间
000700,模塑科技,10.0,11.91,11.92,0.08,0.008,2880000.0,746270000.0,0.00386,-1.09,-0.76,0.08,1.18,True,-0.84,0.2983970406905055,False,False,False,False,0,汽车零部件,1,2,False,False,B,0.9,22.2,22.24344430743938,"{'gap': 0.0, 'volume': 0.0, 'trend': 0.847, 'position': 0.254, 'sector': 0.0, 'continuity': 0.3}",0.0,[],竞价涨幅 0.08% 超出区间
600516,方大炭素,10.0,5.6,5.56,-0.71,-0.071,3820000.0,745330000.0,0.00513,0.18,-0.54,-0.71,-0.89,False,0.18,0.5121951219512193,True,False,False,False,0,钢铁,0,0,False,False,A,1.2,13.0,13.033333333333335,"{'gap': 0.0, 'volume': 0.0, 'trend': 0.352, 'position': 0.3, 'sector': 0.0, 'continuity': 0.3}",0.0,[],竞价涨幅 -0.71% 超出区间
688700,东威科技,20.0,65.18,65.84,1.01,0.051,2480000.0,745180000.0,0.00333,0.95,0.49,1.01,0.06,False,-0.52,0.4098440545808968,True,False,False,False,0,专用设备,1,1,False,False,A,0.8,16.1,16.1,"{'gap': 0.0, 'volume': 0.0, 'trend': 0.505, 'position': 0.3, 'sector': 0.0, 'continuity': 0.3}",0.0,[],竞价涨幅 1.01% 超出区间
001365,天海电子,10.0,38.32,37.37,-2.48,-0.248,12490000.0,744760000.0,0.01677,-2.14,-3.42,-2.48,-0.34,False,-0.94,0.32602423542989034,False,False,False,False,0,汽车零部件,1,2,False,False,B,4.0,24.4,24.415761829265996,"{'gap': 0.0, 'volume': 0.451, 'trend': 0.443, 'position': 0.185, 'sector': 0.0, 'continuity': 0.3}",0.0,[],竞价涨幅 -2.48% 超出区间
600673,东阳光,10.0,32.12,32.08,-0.12,-0.012,4300000.0,742830000.0,0.00579,0.03,0.0,-0.12,-0.16,False,0.12,0.4888203546646104,False,False,False,False,0,综合,0,1,False,False,A,1.4,11.0,10.966666666666667,"{'gap': 0.0, 'volume': 0.0, 'trend': 0.473, 'position': 0.0, 'sector': 0.0, 'continuity': 0.3}",0.0,[],竞价涨幅 -0.12% 超出区间
002738,中矿资源,10.0,44.04,44.12,0.18,0.018,2260000.0,739540000.0,0.00306,-0.09,-0.09,0.18,0.27,True,-0.27,0.006484483557202436,False,False,False,False,0,小金属,0,0,False,False,B,0.7,30.2,30.15683186660491,"{'gap': 0.0, 'volume': 0.0, 'trend': 0.695, 'position': 0.984, 'sector': 0.0, 'continuity': 0.3}",0.0,[],竞价涨幅 0.18% 超出区间
300438,鹏辉能源,20.0,52.42,52.42,0.0,0.0,3290000.0,738930000.0,0.00445,-0.1,0.0,0.0,0.1,True,0.0,0.052227795809973526,False,False,False,False,0,电池,0,1,False,False,B,1.1,27.7,27.70812432379266,"{'gap': 0.0, 'volume': 0.0, 'trend': 0.658, 'position': 0.869, 'sector': 0.0, 'continuity': 0.3}",0.0,[],竞价涨幅 0.00% 超出区间
600343,航天动力,10.0,21.67,21.36,-1.43,-0.143,13060000.0,737370000.0,0.01771,2.35,1.98,-1.43,-3.78,False,3.41,0.38321456848772784,True,False,True,False,1,通用设备,1,3,False,False,A,4.3,8.8,8.812013375194248,"{'gap': 0.0, 'volume': 0.502, 'trend': 0.0, 'position': 0.3, 'sector': 0.0, 'continuity': 0.85}",12.5,['竞价尾段走弱'],竞价涨幅 -1.43% 超出区间
300765,石药创新,20.0,43.88,44.8,2.1,0.105,4860000.0,737030000.0,0.00659,0.0,1.44,2.1,2.1,True,-0.66,0.6782077393075358,False,False,False,False,0,化学制药,0,0,False,False,A,1.6,22.3,22.33333333333334,"{'gap': 0.067, 'volume': 0.0, 'trend': 0.825, 'position': 0.2, 'sector': 0.0, 'continuity': 0.3}",0.0,[],竞价量能 0.66%(量比≈1.6) 超出区间
603078,江化微,10.0,33.11,33.26,0.45,0.045,1610000.0,736990000.0,0.00218,1.48,1.33,0.45,-1.03,False,0.88,0.20830650354153246,False,False,False,False,0,电子化学品,3,0,False,False,B,0.5,22.8,22.7551727838592,"{'gap': 0.0, 'volume': 0.0, 'trend': 0.328, 'position': 0.479, 'sector': 0.5, 'continuity': 0.3}",0.0,[],竞价涨幅 0.45% 超出区间
301123,奕东电子,20.0,80.41,81.0,0.73,0.037,2950000.0,735900000.0,0.00401,2.1,1.69,0.73,-1.37,False,0.96,0.39610486891385766,True,False,False,False,0,消费电子,0,1,False,False,B,1.0,12.4,12.362734082397004,"{'gap': 0.0, 'volume': 0.0, 'trend': 0.386, 'position': 0.21, 'sector': 0.0, 'continuity': 0.3}",0.0,[],竞价涨幅 0.73% 超出区间
688635,长进光子,20.0,295.03,294.13,-0.31,-0.015,2780000.0,734520000.0,0.00378,0.0,-0.08,-0.31,-0.31,False,0.22,0.37339882121807455,False,False,False,False,0,通信设备,2,2,False,False,B,0.9,20.2,20.23087753765554,"{'gap': 0.0, 'volume': 0.0, 'trend': 0.474, 'position': 0.067, 'sector': 0.55, 'continuity': 0.3}",0.0,[],竞价涨幅 -0.31% 超出区间
300534,陇神戎发,20.0,12.79,12.87,0.63,0.031,4020000.0,731350000.0,0.0055,0.0,0.55,0.63,0.63,True,-0.08,0.43422053231939156,False,False,False,False,0,中药,0,0,False,False,A,1.3,15.6,15.550000000000002,"{'gap': 0.0, 'volume': 0.0, 'trend': 0.703, 'position': 0.0, 'sector': 0.0, 'continuity': 0.3}",0.0,[],竞价涨幅 0.63% 超出区间
300164,通源石油,20.0,9.22,8.99,-2.49,-0.125,11230000.0,728440000.0,0.01542,-1.84,-2.39,-2.49,-0.65,False,0.11,0.33536585365853666,False,False,False,False,0,油气开采及服务,0,0,False,False,B,3.7,22.1,22.13492266029322,"{'gap': 0.0, 'volume': 0.372, 'trend': 0.446, 'position': 0.162, 'sector': 0.0, 'continuity': 0.3}",0.0,[],竞价涨幅 -2.49% 超出区间
601579,会稽山,10.0,32.84,33.5,2.01,0.201,30860000.0,727990000.0,0.04239,9.62,6.58,2.01,-7.61,False,4.57,1.0,True,True,True,False,1,饮料制造,1,1,False,False,A,10.2,0.0,0.0,"{'gap': 0.007, 'volume': 0.0, 'trend': 0.0, 'position': 0.8, 'sector': 0.0, 'continuity': 0.85}",42.5,"['竞价尾段走弱', '高位极端放量']",竞价量能 4.24%(量比≈10.2) 超出区间
300322,硕贝德,20.0,18.44,18.52,0.43,0.022,5370000.0,727120000.0,0.00739,1.52,0.87,0.43,-1.08,False,0.43,0.3144016227180529,False,False,False,False,0,消费电子,0,1,False,False,B,1.8,12.9,12.909939148073018,"{'gap': 0.0, 'volume': 0.0, 'trend': 0.41, 'position': 0.214, 'sector': 0.0, 'continuity': 0.3}",0.0,[],竞价涨幅 0.43% 超出区间
600744,华银电力,10.0,6.39,6.4,0.16,0.016,4040000.0,722820000.0,0.00559,0.63,0.16,0.16,-0.47,False,0.0,0.4038461538461537,True,False,False,False,0,电力,0,2,False,False,A,1.3,14.4,14.433333333333337,"{'gap': 0.0, 'volume': 0.0, 'trend': 0.422, 'position': 0.3, 'sector': 0.0, 'continuity': 0.3}",0.0,[],竞价涨幅 0.16% 超出区间
600345,长江通信,10.0,54.49,54.5,0.02,0.002,2960000.0,722140000.0,0.0041,0.0,-0.53,0.02,0.02,False,-0.55,0.5785850860420649,True,False,False,False,0,通信设备,2,2,False,False,A,1.0,27.3,27.316666666666666,"{'gap': 0.0, 'volume': 0.0, 'trend': 0.503, 'position': 0.5, 'sector': 0.55, 'continuity': 0.3}",0.0,[],竞价涨幅 0.02% 超出区间
603466,风语筑,10.0,12.59,12.72,1.03,0.103,3910000.0,721570000.0,0.00542,0.08,0.71,1.03,0.95,True,-0.32,0.7454954954954954,True,False,False,False,0,文化传媒,3,3,False,False,A,1.3,37.2,37.16666666666667,"{'gap': 0.0, 'volume': 0.0, 'trend': 0.808, 'position': 0.5, 'sector': 0.8, 'continuity': 0.3}",0.0,[],竞价涨幅 1.03% 超出区间
600693,东百集团,10.0,9.49,9.35,-1.48,-0.148,6240000.0,721410000.0,0.00865,-0.95,-0.95,-1.48,-0.53,False,0.53,0.4912280701754387,False,False,False,False,0,零售,1,3,False,False,A,2.1,9.7,9.733333333333334,"{'gap': 0.0, 'volume': 0.0, 'trend': 0.412, 'position': 0.0, 'sector': 0.0, 'continuity': 0.3}",0.0,[],竞价涨幅 -1.48% 超出区间
301176,逸豪新材,20.0,57.0,56.37,-1.11,-0.055,6760000.0,720830000.0,0.00938,-3.05,-3.04,-1.11,1.95,True,-1.93,0.6485623003194888,True,False,False,False,0,元件,5,1,False,False,A,2.3,40.2,40.25,"{'gap': 0.0, 'volume': 0.0, 'trend': 0.812, 'position': 0.5, 'sector': 1.0, 'continuity': 0.3}",0.0,[],竞价涨幅 -1.11% 超出区间
002106,莱宝高科,10.0,12.52,12.4,-0.96,-0.096,3300000.0,720390000.0,0.00458,0.0,0.0,-0.96,-0.96,False,0.96,0.36509758897818595,True,False,False,False,0,光学光电子,1,3,False,False,B,1.1,12.6,12.60884041331803,"{'gap': 0.0, 'volume': 0.0, 'trend': 0.34, 'position': 0.287, 'sector': 0.0, 'continuity': 0.3}",0.0,[],竞价涨幅 -0.96% 超出区间
300112,万讯自控,20.0,11.62,11.65,0.26,0.013,7000000.0,719980000.0,0.00972,0.09,2.24,0.26,0.17,False,1.98,1.0,True,False,False,False,0,通用设备,1,3,False,False,A,2.3,3.8,3.7833333333333314,"{'gap': 0.0, 'volume': 0.0, 'trend': 0.514, 'position': 0.3, 'sector': 0.0, 'continuity': 0.3}",12.5,['竞价尾段走弱'],竞价涨幅 0.26% 超出区间
301316,慧博云通,20.0,38.93,38.87,-0.15,-0.008,2760000.0,714600000.0,0.00386,-1.21,-1.21,-0.15,1.05,True,-1.05,0.5317965023847375,False,False,False,False,0,IT服务,0,0,False,False,A,0.9,16.3,16.250000000000004,"{'gap': 0.0, 'volume': 0.0, 'trend': 0.738, 'position': 0.0, 'sector': 0.0, 'continuity': 0.3}",0.0,[],竞价涨幅 -0.15% 超出区间
002285,世联行,10.0,2.89,2.87,-0.69,-0.069,22060000.0,711360000.0,0.03101,10.03,6.92,-0.69,-10.73,False,7.61,1.0,True,False,True,False,3,房地产,0,4,False,False,A,7.4,19.7,19.668876485497975,"{'gap': 0.0, 'volume': 0.987, 'trend': 0.0, 'position': 0.3, 'sector': 0.0, 'continuity': 0.6}",12.5,"['竞价尾段走弱', '3连板 高位']",竞价涨幅 -0.69% 超出区间
000670,盈方微,10.0,7.87,7.88,0.13,0.013,5320000.0,709150000.0,0.0075,0.25,0.13,0.13,-0.13,False,0.0,0.9642857142857143,True,False,False,False,0,其他电子,2,1,False,False,A,1.8,19.3,19.316666666666666,"{'gap': 0.0, 'volume': 0.0, 'trend': 0.478, 'position': 0.3, 'sector': 0.25, 'continuity': 0.3}",0.0,[],竞价涨幅 0.13% 超出区间
301419,阿莱德,20.0,47.87,46.93,-1.96,-0.098,10590000.0,709070000.0,0.01494,-0.56,-4.95,-1.96,-1.4,False,-2.99,0.8574166347259484,True,False,False,False,0,通信设备,2,2,False,False,A,3.6,33.5,33.4648839153575,"{'gap': 0.0, 'volume': 0.342, 'trend': 0.383, 'position': 0.5, 'sector': 0.55, 'continuity': 0.3}",0.0,[],竞价涨幅 -1.96% 超出区间
300607,拓斯达,20.0,33.6,33.6,0.0,0.0,2310000.0,707300000.0,0.00327,0.0,0.0,0.0,0.0,True,0.0,0.25937260902830916,False,False,False,False,0,自动化设备,3,0,False,False,B,0.8,27.3,27.27352716143841,"{'gap': 0.0, 'volume': 0.0, 'trend': 0.65, 'position': 0.352, 'sector': 0.5, 'continuity': 0.3}",0.0,[],竞价涨幅 0.00% 超出区间
002792,通宇通讯,10.0,31.4,32.51,3.54,0.354,10080000.0,705770000.0,0.01428,1.27,1.37,3.54,2.26,True,-2.17,0.550373134328358,False,False,False,False,0,通信设备,2,2,False,False,A,3.4,59.7,59.698653452573325,"{'gap': 0.973, 'volume': 0.299, 'trend': 1.0, 'position': 0.2, 'sector': 0.55, 'continuity': 0.3}",0.0,[],
300464,星徽股份,20.0,11.61,11.56,-0.43,-0.022,9090000.0,704050000.0,0.01291,-4.82,-2.93,-0.43,4.39,True,-2.5,1.0,True,False,False,True,0,互联网电商,0,0,False,False,A,3.1,16.1,16.101900083690964,"{'gap': 0.0, 'volume': 0.204, 'trend': 1.0, 'position': 0.3, 'sector': 0.0, 'continuity': 0.3}",15.0,['昨日炸板'],竞价涨幅 -0.43% 超出区间
002741,光华科技,10.0,25.38,25.5,0.47,0.047,2820000.0,700170000.0,0.00403,0.83,0.55,0.47,-0.35,False,0.08,0.3380191693290734,False,False,False,False,0,电子化学品,3,0,False,False,B,1.0,20.2,20.15761448349308,"{'gap': 0.0, 'volume': 0.0, 'trend': 0.442, 'position': 0.155, 'sector': 0.5, 'continuity': 0.3}",0.0,[],竞价涨幅 0.47% 超出区间
300196,长海股份,20.0,20.51,20.05,-2.24,-0.112,4340000.0,700150000.0,0.0062,-2.24,-2.24,-2.24,0.0,True,0.0,0.3528571428571429,True,False,False,False,0,建筑材料,1,1,False,False,B,1.5,19.3,19.267857142857142,"{'gap': 0.0, 'volume': 0.0, 'trend': 0.65, 'position': 0.318, 'sector': 0.0, 'continuity': 0.3}",0.0,[],竞价涨幅 -2.24% 超出区间
002912,中新赛克,10.0,24.55,24.23,-1.3,-0.13,19120000.0,700070000.0,0.02731,-2.12,-3.87,-1.3,0.81,False,-2.57,0.6560846560846562,True,False,False,False,0,计算机设备,0,1,False,False,A,6.6,44.5,44.483056606550605,"{'gap': 0.0, 'volume': 0.911, 'trend': 0.635, 'position': 0.5, 'sector': 0.0, 'continuity': 0.3}",0.0,[],竞价涨幅 -1.30% 超出区间
300788,中信出版,20.0,36.66,34.91,-4.77,-0.239,18110000.0,696720000.0,0.02599,0.0,-5.46,-4.77,-4.77,False,-0.68,1.0,True,False,False,False,0,文化传媒,3,3,False,False,A,6.2,41.7,41.6639637050864,"{'gap': 0.0, 'volume': 0.865, 'trend': 0.103, 'position': 0.3, 'sector': 0.8, 'continuity': 0.3}",0.0,[],竞价涨幅 -4.77% 超出区间
301188,力诺药包,20.0,34.26,34.88,1.81,0.09,5610000.0,695310000.0,0.00807,0.5,0.41,1.81,1.31,False,-1.4,0.07482993197278903,False,False,False,False,0,医疗器械,0,0,False,False,B,1.9,25.9,25.877210884353747,"{'gap': 0.0, 'volume': 0.0, 'trend': 0.609, 'position': 0.813, 'sector': 0.0, 'continuity': 0.3}",0.0,[],竞价涨幅 1.81% 超出区间
300820,英杰电气,20.0,71.43,72.41,1.37,0.069,3580000.0,691080000.0,0.00518,-0.01,-0.32,1.37,1.39,False,-1.69,0.602704987320372,True,True,False,False,0,其他电源设备,1,0,False,False,A,1.2,28.8,28.81666666666667,"{'gap': 0.0, 'volume': 0.0, 'trend': 0.616, 'position': 1.0, 'sector': 0.0, 'continuity': 0.3}",0.0,[],竞价涨幅 1.37% 超出区间
301013,利和兴,20.0,40.0,41.02,2.55,0.128,11320000.0,690540000.0,0.01639,2.55,2.55,2.55,0.0,True,0.0,0.11484662576687119,False,False,False,False,0,专用设备,1,1,False,False,B,3.9,43.3,43.26070804497997,"{'gap': 0.367, 'volume': 0.429, 'trend': 0.65, 'position': 0.713, 'sector': 0.0, 'continuity': 0.3}",0.0,[],
688625,呈和科技,20.0,70.7,73.98,4.64,0.232,5060000.0,686720000.0,0.00737,0.91,0.91,4.64,3.73,True,-3.73,0.6179994427417109,True,True,False,False,0,化学制品,2,3,False,False,A,1.8,48.8,48.76666666666667,"{'gap': 0.24, 'volume': 0.0, 'trend': 0.961, 'position': 1.0, 'sector': 0.55, 'continuity': 0.3}",0.0,[],竞价量能 0.74%(量比≈1.8) 超出区间
600845,宝信软件,10.0,17.97,17.99,0.11,0.011,5850000.0,685640000.0,0.00853,-0.06,-0.17,0.11,0.17,False,-0.28,0.4064171122994649,False,False,False,False,0,IT服务,0,0,False,False,A,2.0,12.1,12.066666666666666,"{'gap': 0.0, 'volume': 0.0, 'trend': 0.528, 'position': 0.0, 'sector': 0.0, 'continuity': 0.3}",0.0,[],竞价涨幅 0.11% 超出区间
688378,奥来德,20.0,51.7,53.0,2.51,0.126,3760000.0,683800000.0,0.0055,0.56,0.58,2.51,1.95,True,-1.93,0.6417391304347827,True,True,False,False,0,电子化学品,3,0,False,False,A,1.3,47.0,47.05,"{'gap': 0.34, 'volume': 0.0, 'trend': 0.812, 'position': 1.0, 'sector': 0.5, 'continuity': 0.3}",0.0,[],竞价量能 0.55%(量比≈1.3) 超出区间
688726,拉普拉斯,20.0,46.55,47.19,1.37,0.069,4140000.0,680270000.0,0.00609,1.37,1.37,1.37,0.0,True,0.0,0.6064959400374763,False,False,False,False,0,光伏设备,0,1,False,False,A,1.5,17.5,17.5,"{'gap': 0.0, 'volume': 0.0, 'trend': 0.65, 'position': 0.2, 'sector': 0.0, 'continuity': 0.3}",0.0,[],竞价涨幅 1.37% 超出区间
300369,绿盟科技,20.0,8.33,8.3,-0.36,-0.018,3100000.0,678640000.0,0.00457,0.72,0.96,-0.36,-1.08,False,1.32,0.9058823529411764,True,False,False,False,0,软件开发,2,2,False,False,A,1.1,12.9,12.95,"{'gap': 0.0, 'volume': 0.0, 'trend': 0.41, 'position': 0.5, 'sector': 0.55, 'continuity': 0.3}",12.5,['竞价尾段走弱'],竞价涨幅 -0.36% 超出区间
600121,郑州煤电,10.0,4.95,4.85,-2.02,-0.202,3450000.0,677820000.0,0.00509,-2.02,-2.02,-2.02,0.0,True,0.0,0.6710526315789475,False,False,False,False,0,煤炭开采加工,0,0,False,False,A,1.2,17.5,17.5,"{'gap': 0.0, 'volume': 0.0, 'trend': 0.65, 'position': 0.2, 'sector': 0.0, 'continuity': 0.3}",0.0,[],竞价涨幅 -2.02% 超出区间
300184,力源信息,20.0,12.28,12.39,0.9,0.045,4410000.0,677780000.0,0.00651,-1.38,0.24,0.9,2.28,True,-0.65,0.18294573643410844,False,False,False,False,0,其他电子,2,1,False,False,B,1.6,30.2,30.18953488372094,"{'gap': 0.0, 'volume': 0.0, 'trend': 0.84, 'position': 0.543, 'sector': 0.25, 'continuity': 0.3}",0.0,[],竞价涨幅 0.90% 超出区间
603269,海鸥股份,10.0,26.33,26.55,0.84,0.084,4960000.0,677340000.0,0.00732,2.01,2.16,0.84,-1.18,False,1.33,0.9007544979686594,False,False,False,False,0,通用设备,1,3,False,False,A,1.8,0.0,0.0,"{'gap': 0.0, 'volume': 0.0, 'trend': 0.303, 'position': 0.2, 'sector': 0.0, 'continuity': 0.3}",12.5,['竞价尾段走弱'],竞价涨幅 0.84% 超出区间
002522,浙江众成,10.0,6.09,6.02,-1.15,-0.115,4970000.0,674610000.0,0.00737,-0.99,-0.99,-1.15,-0.16,False,0.16,0.44360902255639084,True,False,False,False,0,塑料制品,0,1,False,False,A,1.8,15.5,15.466666666666667,"{'gap': 0.0, 'volume': 0.0, 'trend': 0.473, 'position': 0.3, 'sector': 0.0, 'continuity': 0.3}",0.0,[],竞价涨幅 -1.15% 超出区间
603082,北自科技,10.0,51.4,51.4,0.0,0.0,9990000.0,673870000.0,0.01482,-1.73,-1.75,0.0,1.73,False,-1.75,0.9299023957409052,True,False,False,False,0,通用设备,1,3,False,False,A,3.6,33.1,33.1245727966191,"{'gap': 0.0, 'volume': 0.334, 'trend': 0.788, 'position': 0.5, 'sector': 0.0, 'continuity': 0.3}",0.0,[],竞价涨幅 0.00% 超出区间
603316,诚邦股份,10.0,16.69,17.46,4.61,0.461,33100000.0,673290000.0,0.04916,10.01,8.87,4.61,-5.39,False,4.25,0.4952471482889735,True,True,True,False,1,半导体,7,4,False,False,A,11.8,23.9,23.949999999999996,"{'gap': 0.26, 'volume': 0.0, 'trend': 0.0, 'position': 0.8, 'sector': 1.0, 'continuity': 0.85}",12.5,['竞价尾段走弱'],竞价量能 4.92%(量比≈11.8) 超出区间
301282,金禄电子,20.0,45.35,45.39,0.09,0.004,2540000.0,672480000.0,0.00378,-0.49,-0.49,0.09,0.57,True,-0.57,0.9530132788559756,True,False,False,False,0,元件,5,1,False,False,A,0.9,35.0,34.95,"{'gap': 0.0, 'volume': 0.0, 'trend': 0.698, 'position': 0.3, 'sector': 1.0, 'continuity': 0.3}",0.0,[],竞价涨幅 0.09% 超出区间
603122,合富中国,10.0,13.64,13.66,0.15,0.015,23160000.0,667440000.0,0.0347,9.82,1.76,0.15,-9.68,False,1.61,0.9709443099273609,False,False,True,False,1,医药商业,0,2,False,False,A,8.3,0.0,0.0,"{'gap': 0.0, 'volume': 0.942, 'trend': 0.0, 'position': 0.0, 'sector': 0.0, 'continuity': 0.85}",42.5,"['竞价尾段走弱', '高位极端放量']",竞价涨幅 0.15% 超出区间
002708,光洋股份,10.0,17.03,16.88,-0.88,-0.088,5390000.0,666920000.0,0.00808,-3.82,-2.52,-0.88,2.94,True,-1.64,0.9717444717444716,True,False,False,False,0,汽车零部件,1,2,False,False,A,1.9,26.0,26.0,"{'gap': 0.0, 'volume': 0.0, 'trend': 1.0, 'position': 0.3, 'sector': 0.0, 'continuity': 0.3}",0.0,[],竞价涨幅 -0.88% 超出区间
000523,红棉股份,10.0,3.39,3.37,-0.59,-0.059,3240000.0,662700000.0,0.00489,-0.29,-0.88,-0.59,-0.29,False,-0.29,0.4308510638297873,False,False,False,False,0,饮料制造,1,1,False,False,A,1.2,10.5,10.533333333333333,"{'gap': 0.0, 'volume': 0.0, 'trend': 0.452, 'position': 0.0, 'sector': 0.0, 'continuity': 0.3}",0.0,[],竞价涨幅 -0.59% 超出区间
301196,唯科科技,20.0,92.18,91.77,-0.44,-0.022,2480000.0,661260000.0,0.00375,0.0,0.0,-0.44,-0.44,False,0.44,0.486957863867881,False,False,False,False,0,塑料制品,0,1,False,False,A,0.9,10.8,10.766666666666667,"{'gap': 0.0, 'volume': 0.0, 'trend': 0.463, 'position': 0.0, 'sector': 0.0, 'continuity': 0.3}",0.0,[],竞价涨幅 -0.44% 超出区间
688135,利扬芯片,20.0,41.69,41.5,-0.46,-0.023,2730000.0,658640000.0,0.00414,0.67,0.67,-0.46,-1.13,False,1.13,0.9293015332197614,True,False,False,False,0,半导体,7,4,False,False,A,1.0,32.1,32.116666666666674,"{'gap': 0.0, 'volume': 0.0, 'trend': 0.406, 'position': 0.5, 'sector': 1.0, 'continuity': 0.3}",0.0,[],竞价涨幅 -0.46% 超出区间
301566,达利凯普,20.0,26.79,27.81,3.81,0.19,16510000.0,657630000.0,0.02511,3.81,3.81,3.81,0.0,True,0.0,0.4280155642023346,True,True,False,False,0,元件,5,1,False,False,A,6.0,78.2,78.16776579268641,"{'gap': 0.793, 'volume': 0.832, 'trend': 0.65, 'position': 0.8, 'sector': 1.0, 'continuity': 0.3}",0.0,[],
002565,顺灏股份,10.0,8.82,8.95,1.47,0.147,3210000.0,657040000.0,0.00489,0.91,0.91,1.47,0.57,True,-0.57,0.14978902953586515,True,False,False,False,0,包装印刷,1,1,False,False,B,1.2,28.8,28.782911392405058,"{'gap': 0.0, 'volume': 0.0, 'trend': 0.745, 'position': 0.826, 'sector': 0.0, 'continuity': 0.3}",0.0,[],竞价涨幅 1.47% 超出区间
300323,华灿光电,20.0,11.45,11.62,1.48,0.074,1930000.0,655070000.0,0.00295,-1.4,-0.17,1.48,2.88,True,-1.66,0.12016460905349786,False,False,False,False,0,光学光电子,1,3,False,False,B,0.7,29.8,29.793827160493834,"{'gap': 0.0, 'volume': 0.0, 'trend': 0.89, 'position': 0.7, 'sector': 0.0, 'continuity': 0.3}",0.0,[],竞价涨幅 1.48% 超出区间
002300,太阳电缆,10.0,8.67,8.6,-0.81,-0.081,28720000.0,649260000.0,0.04423,4.04,3.46,-0.81,-4.84,False,4.27,1.0,False,False,True,False,1,电网设备,1,6,False,False,A,10.6,0.0,0.0,"{'gap': 0.0, 'volume': 0.0, 'trend': 0.0, 'position': 0.0, 'sector': 0.0, 'continuity': 0.85}",42.5,"['竞价尾段走弱', '高位极端放量']",竞价涨幅 -0.81% 超出区间
300302,同有科技,20.0,28.67,28.97,1.05,0.052,4880000.0,648780000.0,0.00752,0.98,1.05,1.05,0.07,True,0.0,0.09602249899558057,False,False,False,False,0,计算机设备,0,1,False,False,B,1.8,26.0,26.015822954332396,"{'gap': 0.0, 'volume': 0.0, 'trend': 0.656, 'position': 0.76, 'sector': 0.0, 'continuity': 0.3}",0.0,[],竞价涨幅 1.05% 超出区间
601890,亚星锚链,10.0,9.85,9.79,-0.61,-0.061,5050000.0,639180000.0,0.0079,-0.1,-0.71,-0.61,-0.51,False,-0.1,0.7836734693877547,False,False,False,False,0,军工装备,0,0,False,False,A,1.9,12.8,12.8,"{'gap': 0.0, 'volume': 0.0, 'trend': 0.415, 'position': 0.2, 'sector': 0.0, 'continuity': 0.3}",0.0,[],竞价涨幅 -0.61% 超出区间
688416,恒烁股份,20.0,81.13,83.0,2.3,0.115,2380000.0,638170000.0,0.00373,0.49,0.52,2.3,1.81,True,-1.79,0.2681501740427647,True,False,False,False,0,半导体,7,4,False,False,B,0.9,44.5,44.46103514006299,"{'gap': 0.2, 'volume': 0.0, 'trend': 0.801, 'position': 0.53, 'sector': 1.0, 'continuity': 0.3}",0.0,[],竞价量能 0.37%(量比≈0.9) 超出区间
300553,集智股份,20.0,68.68,69.5,1.19,0.06,4620000.0,634850000.0,0.00728,-0.01,1.92,1.19,1.21,False,0.73,0.7780979827089339,True,True,False,False,0,通用设备,1,3,False,False,A,1.7,28.5,28.51666666666667,"{'gap': 0.0, 'volume': 0.0, 'trend': 0.601, 'position': 1.0, 'sector': 0.0, 'continuity': 0.3}",0.0,[],竞价涨幅 1.19% 超出区间
300802,矩子科技,20.0,28.55,28.0,-1.93,-0.096,3720000.0,630860000.0,0.0059,1.05,-1.58,-1.93,-2.98,False,0.35,1.0,True,False,False,False,0,自动化设备,3,0,False,False,A,1.4,18.5,18.533333333333335,"{'gap': 0.0, 'volume': 0.0, 'trend': 0.252, 'position': 0.3, 'sector': 0.5, 'continuity': 0.3}",0.0,[],竞价涨幅 -1.93% 超出区间
600865,百大集团,10.0,10.86,10.91,0.46,0.046,6910000.0,630180000.0,0.01097,-3.22,-2.49,0.46,3.68,True,-2.95,0.4279946164199192,False,False,False,False,0,零售,1,3,False,False,A,2.6,22.8,22.759177186534675,"{'gap': 0.0, 'volume': 0.05, 'trend': 1.0, 'position': 0.0, 'sector': 0.0, 'continuity': 0.3}",0.0,[],竞价涨幅 0.46% 超出区间
600666,奥瑞德,10.0,3.54,3.49,-1.41,-0.141,5770000.0,629960000.0,0.00916,-1.13,-1.41,-1.41,-0.28,False,0.0,0.5212765957446809,False,False,False,False,0,IT服务,0,0,False,False,A,2.2,10.6,10.566666666666666,"{'gap': 0.0, 'volume': 0.0, 'trend': 0.453, 'position': 0.0, 'sector': 0.0, 'continuity': 0.3}",0.0,[],竞价涨幅 -1.41% 超出区间
300863,卡倍亿,20.0,44.04,44.91,1.98,0.099,2700000.0,623710000.0,0.00433,0.0,0.0,1.98,1.98,True,-1.98,0.26648660814764796,True,True,False,False,0,汽车零部件,1,2,False,False,A,1.0,29.8,29.800000000000004,"{'gap': 0.0, 'volume': 0.0, 'trend': 0.815, 'position': 0.8, 'sector': 0.0, 'continuity': 0.3}",0.0,[],竞价涨幅 1.98% 超出区间
300846,首都在线,20.0,20.17,20.3,0.64,0.032,2520000.0,623560000.0,0.00404,0.0,0.0,0.64,0.64,True,-0.64,0.6221294363256787,True,False,False,False,0,通信服务,0,0,False,False,A,1.0,23.1,23.06666666666667,"{'gap': 0.0, 'volume': 0.0, 'trend': 0.703, 'position': 0.5, 'sector': 0.0, 'continuity': 0.3}",0.0,[],竞价涨幅 0.64% 超出区间
603778,国晟科技,10.0,9.1,9.01,-0.99,-0.099,3250000.0,622530000.0,0.00522,-1.1,-1.1,-0.99,0.11,True,-0.11,0.15590200445434282,False,False,False,False,0,光伏设备,0,1,False,False,B,1.3,24.0,24.020341499628817,"{'gap': 0.0, 'volume': 0.0, 'trend': 0.668, 'position': 0.61, 'sector': 0.0, 'continuity': 0.3}",0.0,[],竞价涨幅 -0.99% 超出区间
688433,华曙高科,20.0,94.31,93.86,-0.48,-0.024,920000.0,621210000.0,0.00148,0.03,0.03,-0.48,-0.51,False,0.51,0.5772117352740505,False,False,False,False,0,通用设备,1,3,False,False,A,0.4,13.7,13.65,"{'gap': 0.0, 'volume': 0.0, 'trend': 0.458, 'position': 0.2, 'sector': 0.0, 'continuity': 0.3}",0.0,[],竞价涨幅 -0.48% 超出区间
603439,三力制药,10.0,13.6,13.51,-0.66,-0.066,5220000.0,620980000.0,0.00841,-1.03,-2.21,-0.66,0.37,False,-1.54,0.8789237668161433,True,False,False,False,0,中药,0,0,False,False,A,2.0,20.2,20.233333333333338,"{'gap': 0.0, 'volume': 0.0, 'trend': 0.562, 'position': 0.5, 'sector': 0.0, 'continuity': 0.3}",0.0,[],竞价涨幅 -0.66% 超出区间
603580,艾艾精工,10.0,65.03,65.95,1.41,0.141,4990000.0,619870000.0,0.00805,0.03,0.03,1.41,1.38,True,-1.38,0.6677846989298835,False,False,False,False,0,塑料制品,0,1,False,False,A,1.9,22.1,22.1,"{'gap': 0.0, 'volume': 0.0, 'trend': 0.88, 'position': 0.2, 'sector': 0.0, 'continuity': 0.3}",0.0,[],竞价涨幅 1.41% 超出区间
301307,美利信,20.0,60.94,60.94,0.0,0.0,1460000.0,619850000.0,0.00236,0.0,0.0,0.0,0.0,True,0.0,0.3592721641502128,True,False,False,False,0,通信设备,2,2,False,False,B,0.6,27.3,27.277293844367023,"{'gap': 0.0, 'volume': 0.0, 'trend': 0.65, 'position': 0.302, 'sector': 0.55, 'continuity': 0.3}",0.0,[],竞价涨幅 0.00% 超出区间
301628,强达电路,20.0,115.0,115.66,0.57,0.029,2790000.0,619170000.0,0.00451,-0.86,0.0,0.57,1.43,True,-0.57,0.7367576243980738,True,False,False,False,0,元件,5,1,False,False,A,1.1,39.4,39.38333333333334,"{'gap': 0.0, 'volume': 0.0, 'trend': 0.769, 'position': 0.5, 'sector': 1.0, 'continuity': 0.3}",0.0,[],竞价涨幅 0.57% 超出区间
603619,中曼石油,10.0,21.39,21.03,-1.68,-0.168,7200000.0,617890000.0,0.01165,-1.78,-1.82,-1.68,0.09,False,-0.14,0.5097765363128495,False,False,False,False,0,油气开采及服务,0,0,False,False,A,2.8,14.5,14.478432991342821,"{'gap': 0.0, 'volume': 0.107, 'trend': 0.515, 'position': 0.0, 'sector': 0.0, 'continuity': 0.3}",0.0,[],竞价涨幅 -1.68% 超出区间
002339,积成电子,10.0,8.04,8.0,-0.5,-0.05,14060000.0,616040000.0,0.02282,-1.99,-2.61,-0.5,1.49,False,-2.11,0.8972972972972967,True,False,False,False,0,电网设备,1,6,False,False,A,5.5,42.5,42.511073580246176,"{'gap': 0.0, 'volume': 0.742, 'trend': 0.748, 'position': 0.5, 'sector': 0.0, 'continuity': 0.3}",0.0,[],竞价涨幅 -0.50% 超出区间
000048,京基智农,10.0,18.47,18.09,-2.06,-0.206,3780000.0,613320000.0,0.00616,0.16,-1.57,-2.06,-2.22,False,0.49,0.19322990126939316,False,False,False,False,0,养殖业,0,0,False,False,B,1.5,11.9,11.853878702397754,"{'gap': 0.0, 'volume': 0.0, 'trend': 0.13, 'position': 0.517, 'sector': 0.0, 'continuity': 0.3}",0.0,[],竞价涨幅 -2.06% 超出区间
002439,启明星辰,10.0,13.88,14.0,0.86,0.086,3760000.0,610860000.0,0.00616,0.14,0.14,0.86,0.72,True,-0.72,0.6506550218340614,True,False,False,False,0,软件开发,2,2,False,False,A,1.5,32.7,32.650000000000006,"{'gap': 0.0, 'volume': 0.0, 'trend': 0.77, 'position': 0.5, 'sector': 0.55, 'continuity': 0.3}",0.0,[],竞价涨幅 0.86% 超出区间
300938,信测标准,20.0,32.5,32.5,0.0,0.0,1980000.0,608090000.0,0.00326,1.51,1.51,0.0,-1.51,False,1.51,0.2951826705463951,True,False,False,False,0,其他社会服务,0,0,False,False,B,0.8,3.4,3.413983187843522,"{'gap': 0.0, 'volume': 0.0, 'trend': 0.374, 'position': 0.462, 'sector': 0.0, 'continuity': 0.3}",12.5,['竞价尾段走弱'],竞价涨幅 0.00% 超出区间
605088,冠盛股份,10.0,24.2,24.17,-0.12,-0.012,16700000.0,607530000.0,0.02749,-0.83,-2.23,-0.12,0.7,False,-2.11,0.40280065897858325,True,False,False,False,0,汽车零部件,1,2,False,False,A,6.6,41.3,41.271416816710584,"{'gap': 0.0, 'volume': 0.918, 'trend': 0.617, 'position': 0.3, 'sector': 0.0, 'continuity': 0.3}",0.0,[],竞价涨幅 -0.12% 超出区间
688411,海博思创,20.0,170.78,170.8,0.01,0.001,2950000.0,607140000.0,0.00486,0.01,0.01,0.01,0.0,True,0.0,0.07390602168730304,False,False,False,False,0,其他电源设备,1,0,False,False,B,1.2,26.7,26.728524186726137,"{'gap': 0.0, 'volume': 0.0, 'trend': 0.65, 'position': 0.815, 'sector': 0.0, 'continuity': 0.3}",0.0,[],竞价涨幅 0.01% 超出区间
300468,四方精创,20.0,21.99,22.58,2.68,0.134,10610000.0,605410000.0,0.01753,1.41,1.86,2.68,1.27,True,-0.82,0.3891352549889133,False,False,False,False,0,软件开发,2,2,False,False,B,4.2,46.7,46.66169870489089,"{'gap': 0.453, 'volume': 0.493, 'trend': 0.756, 'position': 0.027, 'sector': 0.55, 'continuity': 0.3}",0.0,[],
688758,赛分科技,20.0,32.8,33.13,1.01,0.05,2680000.0,604270000.0,0.00444,0.91,1.52,1.01,0.09,False,0.52,1.0,True,False,False,False,0,化学制药,0,0,False,False,A,1.1,16.1,16.15,"{'gap': 0.0, 'volume': 0.0, 'trend': 0.507, 'position': 0.3, 'sector': 0.0, 'continuity': 0.3}",0.0,[],竞价涨幅 1.01% 超出区间
301093,华兰股份,20.0,64.23,65.0,1.2,0.06,5460000.0,603790000.0,0.00904,5.5,4.31,1.2,-4.3,False,3.11,0.10795657879040924,False,False,False,False,0,医疗器械,0,0,False,False,B,2.2,2.8,2.7849616286929884,"{'gap': 0.0, 'volume': 0.0, 'trend': 0.142, 'position': 0.73, 'sector': 0.0, 'continuity': 0.3}",12.5,['竞价尾段走弱'],竞价涨幅 1.20% 超出区间
301338,凯格精机,20.0,103.14,104.5,1.32,0.066,1880000.0,596870000.0,0.00315,0.45,0.8,1.32,0.87,True,-0.51,0.30885344181565144,True,True,False,False,0,专用设备,1,1,False,False,A,0.8,28.0,27.950000000000003,"{'gap': 0.0, 'volume': 0.0, 'trend': 0.723, 'position': 0.8, 'sector': 0.0, 'continuity': 0.3}",0.0,[],竞价涨幅 1.32% 超出区间
300964,本川智能,20.0,72.85,72.91,0.08,0.004,3780000.0,596520000.0,0.00634,0.27,-0.41,0.08,-0.19,False,-0.49,0.681872462383568,True,False,False,False,0,元件,5,1,False,False,A,1.5,33.7,33.68333333333333,"{'gap': 0.0, 'volume': 0.0, 'trend': 0.484, 'position': 0.5, 'sector': 1.0, 'continuity': 0.3}",0.0,[],竞价涨幅 0.08% 超出区间
000712,锦龙股份,10.0,10.0,9.99,-0.1,-0.01,4760000.0,596260000.0,0.00798,0.0,0.0,-0.1,-0.1,False,0.1,0.3307839388145316,False,False,False,False,0,证券,0,1,False,False,B,1.9,13.8,13.762268961121732,"{'gap': 0.0, 'volume': 0.0, 'trend': 0.483, 'position': 0.173, 'sector': 0.0, 'continuity': 0.3}",0.0,[],竞价涨幅 -0.10% 超出区间
002881,美格智能,10.0,45.3,46.11,1.79,0.179,3620000.0,595940000.0,0.00607,-0.02,-0.07,1.79,1.81,False,-1.85,0.837260677466863,False,False,False,False,0,通信设备,2,2,False,False,A,1.5,28.8,28.78333333333334,"{'gap': 0.0, 'volume': 0.0, 'trend': 0.802, 'position': 0.2, 'sector': 0.55, 'continuity': 0.3}",0.0,[],竞价涨幅 1.79% 超出区间
301189,奥尼电子,20.0,67.85,68.88,1.52,0.076,2360000.0,595620000.0,0.00396,0.19,1.11,1.52,1.33,True,-0.41,1.0,True,False,False,False,0,消费电子,0,1,False,False,A,1.0,21.2,21.21666666666667,"{'gap': 0.0, 'volume': 0.0, 'trend': 0.761, 'position': 0.3, 'sector': 0.0, 'continuity': 0.3}",0.0,[],竞价涨幅 1.52% 超出区间
688530,欧莱新材,20.0,63.17,63.37,0.32,0.016,4610000.0,595290000.0,0.00774,-1.39,-0.02,0.32,1.71,True,-0.33,0.40714285714285714,False,False,False,False,0,半导体,7,4,False,False,A,1.9,32.4,32.35,"{'gap': 0.0, 'volume': 0.0, 'trend': 0.792, 'position': 0.0, 'sector': 1.0, 'continuity': 0.3}",0.0,[],竞价涨幅 0.32% 超出区间
688381,帝奥微,20.0,42.19,42.1,-0.21,-0.011,3120000.0,586410000.0,0.00532,0.26,-0.73,-0.21,-0.47,False,-0.52,0.6143879986362085,True,False,False,False,0,半导体,7,4,False,False,A,1.3,33.2,33.21666666666667,"{'gap': 0.0, 'volume': 0.0, 'trend': 0.461, 'position': 0.5, 'sector': 1.0, 'continuity': 0.3}",0.0,[],竞价涨幅 -0.21% 超出区间
688170,德龙激光,20.0,70.32,71.7,1.96,0.098,6660000.0,586020000.0,0.01136,0.95,2.32,1.96,1.01,False,0.36,0.5307762557077624,True,False,False,False,0,自动化设备,3,0,False,False,A,2.7,27.3,27.26690208133785,"{'gap': 0.0, 'volume': 0.083, 'trend': 0.584, 'position': 0.3, 'sector': 0.5, 'continuity': 0.3}",0.0,[],竞价涨幅 1.96% 超出区间
600621,华鑫股份,10.0,14.1,14.49,2.77,0.277,42020000.0,584160000.0,0.07193,10.0,6.24,2.77,-7.23,False,3.48,1.0,False,True,True,False,1,证券,0,1,False,False,A,17.3,0.0,0.0,"{'gap': 0.513, 'volume': 0.0, 'trend': 0.0, 'position': 0.5, 'sector': 0.0, 'continuity': 0.85}",42.5,"['竞价尾段走弱', '高位极端放量']",竞价量能 7.19%(量比≈17.3) 超出区间
603353,和顺石油,10.0,48.55,49.28,1.5,0.15,15750000.0,583460000.0,0.02699,5.01,2.99,1.5,-3.5,False,1.48,1.0,True,True,True,False,1,石油加工贸易,0,1,False,False,A,6.5,26.3,26.25491326635148,"{'gap': 0.0, 'volume': 0.9, 'trend': 0.0, 'position': 0.8, 'sector': 0.0, 'continuity': 0.85}",12.5,['竞价尾段走弱'],竞价涨幅 1.50% 超出区间
002292,奥飞娱乐,10.0,8.88,8.89,0.11,0.011,2990000.0,580910000.0,0.00515,-0.9,-1.13,0.11,1.01,False,-1.24,1.0,False,False,False,False,0,影视院线,0,0,False,False,A,1.2,14.9,14.866666666666667,"{'gap': 0.0, 'volume': 0.0, 'trend': 0.668, 'position': 0.0, 'sector': 0.0, 'continuity': 0.3}",0.0,[],竞价涨幅 0.11% 超出区间
688356,键凯科技,20.0,85.51,85.63,0.14,0.007,3750000.0,580600000.0,0.00646,0.4,0.4,0.14,-0.26,False,0.26,0.32554210081667145,False,False,False,False,0,化学制药,0,0,False,False,B,1.6,13.9,13.858837886041487,"{'gap': 0.0, 'volume': 0.0, 'trend': 0.478, 'position': 0.186, 'sector': 0.0, 'continuity': 0.3}",0.0,[],竞价涨幅 0.14% 超出区间
688661,和林微纳,20.0,109.77,111.0,1.12,0.056,2310000.0,579950000.0,0.00398,2.49,2.94,1.12,-1.37,False,1.82,0.3901057401812688,True,False,False,False,0,半导体,7,4,False,False,B,1.0,15.1,15.087701409869087,"{'gap': 0.0, 'volume': 0.0, 'trend': 0.386, 'position': 0.225, 'sector': 1.0, 'continuity': 0.3}",12.5,['竞价尾段走弱'],竞价涨幅 1.12% 超出区间
603533,掌阅科技,10.0,23.23,23.52,1.25,0.125,2290000.0,578220000.0,0.00396,0.04,1.46,1.25,1.21,False,0.22,0.7464985994397761,False,False,False,False,0,文化传媒,3,3,False,False,A,1.0,30.5,30.533333333333335,"{'gap': 0.0, 'volume': 0.0, 'trend': 0.702, 'position': 0.2, 'sector': 0.8, 'continuity': 0.3}",0.0,[],竞价涨幅 1.25% 超出区间
600313,农发种业,10.0,7.06,7.0,-0.85,-0.085,2540000.0,575980000.0,0.00441,-0.71,-0.85,-0.85,-0.14,False,0.0,0.5993883792048931,False,False,False,False,0,种植业与林业,0,0,False,False,A,1.1,14.0,14.033333333333337,"{'gap': 0.0, 'volume': 0.0, 'trend': 0.477, 'position': 0.2, 'sector': 0.0, 'continuity': 0.3}",0.0,[],竞价涨幅 -0.85% 超出区间
300687,赛意信息,20.0,29.07,28.98,-0.31,-0.015,2700000.0,570920000.0,0.00473,0.0,0.0,-0.31,-0.31,False,0.31,0.8216266173752311,False,False,False,False,0,IT服务,0,0,False,False,A,1.1,14.0,13.983333333333334,"{'gap': 0.0, 'volume': 0.0, 'trend': 0.474, 'position': 0.2, 'sector': 0.0, 'continuity': 0.3}",0.0,[],竞价涨幅 -0.31% 超出区间
300401,花园生物,20.0,16.45,16.45,0.0,0.0,1830000.0,569230000.0,0.00321,0.3,0.36,0.0,-0.3,False,0.36,0.4329210275927687,True,False,False,False,0,化学制药,0,0,False,False,A,0.8,15.5,15.500000000000004,"{'gap': 0.0, 'volume': 0.0, 'trend': 0.475, 'position': 0.3, 'sector': 0.0, 'continuity': 0.3}",0.0,[],竞价涨幅 0.00% 超出区间
688035,德邦科技,20.0,78.49,78.8,0.39,0.02,2390000.0,568010000.0,0.00421,0.38,0.9,0.39,0.01,False,0.51,0.5694535878867675,True,False,False,False,0,电子化学品,3,0,False,False,A,1.0,26.5,26.516666666666673,"{'gap': 0.0, 'volume': 0.0, 'trend': 0.501, 'position': 0.5, 'sector': 0.5, 'continuity': 0.3}",0.0,[],竞价涨幅 0.39% 超出区间
301099,雅创电子,20.0,53.26,53.5,0.45,0.023,7360000.0,567150000.0,0.01298,1.6,1.88,0.45,-1.15,False,1.43,0.19897172236503854,True,False,False,False,0,其他电子,2,1,False,False,B,3.1,16.6,16.601402602616123,"{'gap': 0.0, 'volume': 0.209, 'trend': 0.404, 'position': 0.703, 'sector': 0.25, 'continuity': 0.3}",12.5,['竞价尾段走弱'],竞价涨幅 0.45% 超出区间
600545,卓郎智能,10.0,4.55,4.54,-0.22,-0.022,2480000.0,566490000.0,0.00438,0.0,0.0,-0.22,-0.22,False,0.22,0.20993227990970645,True,False,False,False,0,专用设备,1,1,False,False,B,1.1,20.9,20.894206170052676,"{'gap': 0.0, 'volume': 0.0, 'trend': 0.463, 'position': 0.675, 'sector': 0.0, 'continuity': 0.3}",0.0,[],竞价涨幅 -0.22% 超出区间
603248,锡华科技,10.0,24.57,25.68,4.52,0.452,48960000.0,564540000.0,0.08673,9.89,8.06,4.52,-5.37,False,3.54,1.0,True,True,True,False,4,风电设备,0,1,False,False,A,20.8,0.0,0.0,"{'gap': 0.32, 'volume': 0.0, 'trend': 0.0, 'position': 0.8, 'sector': 0.0, 'continuity': 0.6}",42.5,"['竞价尾段走弱', '高位极端放量', '4连板 高位']",竞价量能 8.67%(量比≈20.8) 超出区间
002471,中超控股,10.0,5.96,5.86,-1.68,-0.168,14060000.0,564310000.0,0.02492,3.69,0.0,-1.68,-5.37,False,1.68,0.6875000000000001,False,False,True,False,1,电网设备,1,6,False,False,A,6.0,15.4,15.371857582434917,"{'gap': 0.0, 'volume': 0.825, 'trend': 0.0, 'position': 0.2, 'sector': 0.0, 'continuity': 0.85}",12.5,['竞价尾段走弱'],竞价涨幅 -1.68% 超出区间
603980,吉华集团,10.0,8.82,8.82,0.0,0.0,8250000.0,563020000.0,0.01465,1.93,1.81,0.0,-1.93,False,1.81,1.0,True,False,False,False,0,化学制品,2,3,False,False,A,3.5,13.4,13.40231075792822,"{'gap': 0.0, 'volume': 0.323, 'trend': 0.178, 'position': 0.3, 'sector': 0.55, 'continuity': 0.3}",12.5,['竞价尾段走弱'],竞价涨幅 0.00% 超出区间
600479,千金药业,10.0,11.62,11.69,0.6,0.06,2610000.0,560970000.0,0.00465,1.03,1.03,0.6,-0.43,False,0.43,0.4210526315789471,False,False,False,False,0,中药,0,0,False,False,A,1.1,10.1,10.066666666666666,"{'gap': 0.0, 'volume': 0.0, 'trend': 0.428, 'position': 0.0, 'sector': 0.0, 'continuity': 0.3}",0.0,[],竞价涨幅 0.60% 超出区间
300378,鼎捷数智,20.0,36.87,38.5,4.42,0.221,9470000.0,556410000.0,0.01702,1.11,2.79,4.42,3.31,True,-1.63,0.7846961740435106,False,False,False,False,0,软件开发,2,2,False,False,A,4.1,50.6,50.624203183759576,"{'gap': 0.387, 'volume': 0.465, 'trend': 0.926, 'position': 0.2, 'sector': 0.55, 'continuity': 0.3}",0.0,[],
301529,福赛科技,20.0,127.11,127.1,-0.01,-0.0,4500000.0,556310000.0,0.00809,-0.01,-0.87,-0.01,0.0,False,-0.87,1.0,False,False,False,False,0,汽车零部件,1,2,False,False,A,1.9,11.5,11.5,"{'gap': 0.0, 'volume': 0.0, 'trend': 0.5, 'position': 0.0, 'sector': 0.0, 'continuity': 0.3}",0.0,[],竞价涨幅 -0.01% 超出区间
600359,新农开发,10.0,7.89,7.89,0.0,0.0,4330000.0,553750000.0,0.00782,0.13,0.13,0.0,-0.13,False,0.13,0.5763888888888887,False,False,False,False,0,种植业与林业,0,0,False,False,A,1.9,14.1,14.066666666666666,"{'gap': 0.0, 'volume': 0.0, 'trend': 0.478, 'position': 0.2, 'sector': 0.0, 'continuity': 0.3}",0.0,[],竞价涨幅 0.00% 超出区间
688507,索辰科技,20.0,145.34,147.0,1.14,0.057,3530000.0,553100000.0,0.00638,1.82,1.83,1.14,-0.68,False,0.69,0.11267411391532206,False,False,False,False,0,软件开发,2,2,False,False,B,1.5,29.4,29.391387394842095,"{'gap': 0.0, 'volume': 0.0, 'trend': 0.443, 'position': 0.718, 'sector': 0.55, 'continuity': 0.3}",0.0,[],竞价涨幅 1.14% 超出区间
600363,联创光电,10.0,16.06,16.0,-0.37,-0.037,3360000.0,552300000.0,0.00608,0.06,0.06,-0.37,-0.44,False,0.44,0.050655811849841664,False,False,False,False,0,消费电子,0,1,False,False,B,1.5,23.1,23.133740388964274,"{'gap': 0.0, 'volume': 0.0, 'trend': 0.427, 'position': 0.873, 'sector': 0.0, 'continuity': 0.3}",0.0,[],竞价涨幅 -0.37% 超出区间
688796,百奥赛图,20.0,134.27,135.0,0.54,0.027,4560000.0,551670000.0,0.00827,-0.95,-0.93,0.54,1.49,True,-1.47,0.6861086375779164,True,False,False,False,0,医疗服务,4,1,False,False,A,2.0,35.7,35.733333333333334,"{'gap': 0.0, 'volume': 0.0, 'trend': 0.774, 'position': 0.5, 'sector': 0.75, 'continuity': 0.3}",0.0,[],竞价涨幅 0.54% 超出区间
002041,登海种业,10.0,10.29,10.2,-0.87,-0.087,2700000.0,551620000.0,0.00489,-1.36,-1.36,-0.87,0.49,True,-0.49,0.5831325301204817,False,False,False,False,0,种植业与林业,0,0,False,False,A,1.2,19.1,19.133333333333336,"{'gap': 0.0, 'volume': 0.0, 'trend': 0.732, 'position': 0.2, 'sector': 0.0, 'continuity': 0.3}",0.0,[],竞价涨幅 -0.87% 超出区间
002213,大为股份,10.0,29.38,29.5,0.41,0.041,2870000.0,551580000.0,0.0052,0.65,0.58,0.41,-0.24,False,0.17,0.4746970776906628,False,False,False,False,0,半导体,7,4,False,False,A,1.2,25.7,25.7,"{'gap': 0.0, 'volume': 0.0, 'trend': 0.46, 'position': 0.0, 'sector': 1.0, 'continuity': 0.3}",0.0,[],竞价涨幅 0.41% 超出区间
002787,华源控股,10.0,26.04,26.1,0.23,0.023,4500000.0,550800000.0,0.00817,-0.5,-0.73,0.23,0.73,False,-0.96,0.510718789407314,True,False,False,False,0,包装印刷,1,1,False,False,A,2.0,18.4,18.433333333333334,"{'gap': 0.0, 'volume': 0.0, 'trend': 0.622, 'position': 0.3, 'sector': 0.0, 'continuity': 0.3}",0.0,[],竞价涨幅 0.23% 超出区间
002272,川润股份,10.0,16.73,16.65,-0.48,-0.048,2250000.0,549390000.0,0.0041,-0.06,-0.3,-0.48,-0.42,False,0.18,0.3532338308457711,False,False,False,False,0,通用设备,1,3,False,False,B,1.0,11.9,11.853731343283586,"{'gap': 0.0, 'volume': 0.0, 'trend': 0.43, 'position': 0.117, 'sector': 0.0, 'continuity': 0.3}",0.0,[],竞价涨幅 -0.48% 超出区间
600732,爱旭股份,10.0,10.84,10.83,-0.09,-0.009,8070000.0,547520000.0,0.01474,-0.09,-1.66,-0.09,0.0,False,-1.57,0.20526315789473673,False,False,False,False,0,光伏设备,0,1,False,False,B,3.5,27.0,27.032805592847254,"{'gap': 0.0, 'volume': 0.329, 'trend': 0.5, 'position': 0.487, 'sector': 0.0, 'continuity': 0.3}",0.0,[],竞价涨幅 -0.09% 超出区间
002849,威星智能,10.0,20.32,20.99,3.3,0.33,15830000.0,544780000.0,0.02906,9.99,9.99,3.3,-6.69,False,6.69,1.0,False,True,True,False,1,通用设备,1,3,False,False,A,7.0,40.8,40.83208317579484,"{'gap': 0.867, 'volume': 0.97, 'trend': 0.0, 'position': 0.5, 'sector': 0.0, 'continuity': 0.85}",12.5,['竞价尾段走弱'],假涨停撤单
603375,盛景微,10.0,51.69,53.01,2.55,0.255,8460000.0,544660000.0,0.01553,9.46,4.95,2.55,-6.91,False,2.4,1.0,True,True,True,False,1,半导体,7,4,False,False,A,3.7,35.5,35.5455529762074,"{'gap': 0.367, 'volume': 0.378, 'trend': 0.0, 'position': 0.8, 'sector': 1.0, 'continuity': 0.85}",12.5,['竞价尾段走弱'],假涨停撤单
603045,福达合金,10.0,52.07,52.07,0.0,0.0,4060000.0,541960000.0,0.00749,-2.59,-2.44,0.0,2.59,True,-2.44,0.21430926475436857,False,False,False,False,0,电网设备,1,6,False,False,B,1.8,28.5,28.463402571711182,"{'gap': 0.0, 'volume': 0.0, 'trend': 1.0, 'position': 0.464, 'sector': 0.0, 'continuity': 0.3}",0.0,[],竞价涨幅 0.00% 超出区间
002349,精华制药,10.0,7.92,7.98,0.76,0.076,4090000.0,541700000.0,0.00755,2.9,0.0,0.76,-2.15,False,-0.76,0.5606557377049181,False,False,False,False,0,中药,0,0,False,False,A,1.8,7.3,7.333333333333333,"{'gap': 0.0, 'volume': 0.0, 'trend': 0.142, 'position': 0.2, 'sector': 0.0, 'continuity': 0.3}",0.0,[],竞价涨幅 0.76% 超出区间
300656,民德电子,20.0,31.72,31.58,-0.44,-0.022,6120000.0,540960000.0,0.01131,0.03,-2.27,-0.44,-0.47,False,-1.83,0.6096813725490194,True,False,False,False,0,其他电子,2,1,False,False,A,2.7,23.9,23.946139741576168,"{'gap': 0.0, 'volume': 0.079, 'trend': 0.461, 'position': 0.5, 'sector': 0.25, 'continuity': 0.3}",0.0,[],竞价涨幅 -0.44% 超出区间
002965,祥鑫科技,10.0,31.11,33.0,6.08,0.608,24810000.0,534720000.0,0.0464,4.66,4.66,6.08,1.41,True,-1.41,0.14327917282127026,False,True,True,False,1,汽车零部件,1,2,False,False,A,11.1,29.4,29.45,"{'gap': 0.0, 'volume': 0.0, 'trend': 0.885, 'position': 0.5, 'sector': 0.0, 'continuity': 0.85}",0.0,[],竞价涨幅 6.08% 超出区间
600929,雪天盐业,10.0,6.1,6.04,-0.98,-0.098,8190000.0,531160000.0,0.01542,-0.49,-2.46,-0.98,-0.49,False,-1.48,0.861878453038674,True,False,False,False,0,化学原料,1,0,False,False,A,3.7,26.7,26.66114217248835,"{'gap': 0.0, 'volume': 0.372, 'trend': 0.418, 'position': 0.5, 'sector': 0.0, 'continuity': 0.3}",0.0,[],竞价涨幅 -0.98% 超出区间
688456,有研粉材,20.0,76.35,77.01,0.86,0.043,3230000.0,530950000.0,0.00608,0.33,1.74,0.86,0.54,False,0.88,0.1655672823218997,False,False,False,False,0,金属新材料,0,0,False,False,B,1.5,21.2,21.191226912928762,"{'gap': 0.0, 'volume': 0.0, 'trend': 0.545, 'position': 0.586, 'sector': 0.0, 'continuity': 0.3}",0.0,[],竞价涨幅 0.86% 超出区间
300911,亿田智能,20.0,31.95,31.65,-0.94,-0.047,3390000.0,530900000.0,0.00639,0.0,-2.69,-0.94,-0.94,False,-1.75,0.9603891591382903,True,False,False,False,0,厨卫电器,0,0,False,False,A,1.5,14.4,14.433333333333337,"{'gap': 0.0, 'volume': 0.0, 'trend': 0.422, 'position': 0.3, 'sector': 0.0, 'continuity': 0.3}",0.0,[],竞价涨幅 -0.94% 超出区间
688790,昂瑞微-UW,20.0,102.95,103.5,0.53,0.027,4520000.0,527580000.0,0.00857,-2.82,-2.38,0.53,3.35,True,-2.91,0.3463569165786695,False,False,False,False,0,半导体,7,4,False,False,B,2.1,37.1,37.09494896163323,"{'gap': 0.0, 'volume': 0.0, 'trend': 0.929, 'position': 0.134, 'sector': 1.0, 'continuity': 0.3}",0.0,[],竞价涨幅 0.53% 超出区间
300345,华民股份,20.0,7.86,7.9,0.51,0.025,1600000.0,526860000.0,0.00304,-2.04,0.0,0.51,2.54,True,-0.51,0.6150537634408603,False,False,False,False,0,光伏设备,0,1,False,False,A,0.7,21.7,21.73333333333333,"{'gap': 0.0, 'volume': 0.0, 'trend': 0.862, 'position': 0.2, 'sector': 0.0, 'continuity': 0.3}",0.0,[],竞价涨幅 0.51% 超出区间
600400,红豆股份,10.0,3.46,3.4,-1.73,-0.173,3030000.0,525000000.0,0.00577,-1.45,-1.73,-1.73,-0.29,False,0.0,1.0,True,False,False,False,0,服装家纺,0,4,False,False,A,1.4,15.0,15.033333333333331,"{'gap': 0.0, 'volume': 0.0, 'trend': 0.452, 'position': 0.3, 'sector': 0.0, 'continuity': 0.3}",0.0,[],竞价涨幅 -1.73% 超出区间
688004,博汇科技,20.0,35.27,35.0,-0.77,-0.038,6970000.0,524060000.0,0.0133,6.89,4.05,-0.77,-7.66,False,4.82,0.9090457256461234,True,False,False,False,0,IT服务,0,0,False,False,A,3.2,2.3,2.304233174141812,"{'gap': 0.0, 'volume': 0.232, 'trend': 0.0, 'position': 0.5, 'sector': 0.0, 'continuity': 0.3}",12.5,['竞价尾段走弱'],竞价涨幅 -0.77% 超出区间
688515,裕太微-U,20.0,153.22,154.27,0.69,0.034,1090000.0,522440000.0,0.00209,0.49,-0.39,0.69,0.2,False,-1.08,0.2161142106990483,False,False,False,False,0,半导体,7,4,False,False,B,0.5,33.7,33.729050432119024,"{'gap': 0.0, 'volume': 0.0, 'trend': 0.517, 'position': 0.46, 'sector': 1.0, 'continuity': 0.3}",0.0,[],竞价涨幅 0.69% 超出区间
002685,华东重机,10.0,5.66,5.63,-0.53,-0.053,10780000.0,522180000.0,0.02064,-1.94,-2.83,-0.53,1.41,False,-2.3,0.5121951219512195,False,False,False,True,0,工程机械,0,0,False,False,A,5.0,17.4,17.37497133042949,"{'gap': 0.0, 'volume': 0.647, 'trend': 0.735, 'position': 0.0, 'sector': 0.0, 'continuity': 0.3}",15.0,['昨日炸板'],竞价涨幅 -0.53% 超出区间
301382,蜂助手,20.0,37.41,37.35,-0.16,-0.008,970000.0,519490000.0,0.00187,-0.29,-0.64,-0.16,0.13,False,-0.48,0.43010113027959523,False,False,False,False,0,通信服务,0,0,False,False,A,0.4,11.7,11.716666666666669,"{'gap': 0.0, 'volume': 0.0, 'trend': 0.511, 'position': 0.0, 'sector': 0.0, 'continuity': 0.3}",0.0,[],竞价涨幅 -0.16% 超出区间
000892,欢瑞世纪,10.0,4.49,4.57,1.78,0.178,2850000.0,518930000.0,0.00549,0.0,0.0,1.78,1.78,True,-1.78,0.5226480836236934,False,False,False,False,0,影视院线,0,0,False,False,A,1.3,20.4,20.433333333333337,"{'gap': 0.0, 'volume': 0.0, 'trend': 0.947, 'position': 0.0, 'sector': 0.0, 'continuity': 0.3}",0.0,[],竞价涨幅 1.78% 超出区间
002303,美盈森,10.0,5.7,5.98,4.91,0.491,6680000.0,518530000.0,0.01288,1.75,1.75,4.91,3.16,True,-3.16,0.9485714285714286,True,True,False,False,0,包装印刷,1,1,False,False,A,3.1,42.7,42.74699866111704,"{'gap': 0.06, 'volume': 0.202, 'trend': 1.0, 'position': 1.0, 'sector': 0.0, 'continuity': 0.3}",0.0,[],
002194,武汉凡谷,10.0,11.0,10.94,-0.55,-0.055,4550000.0,517370000.0,0.00879,0.0,-1.36,-0.55,-0.55,False,-0.82,0.864705882352941,True,False,False,False,0,通信设备,2,2,False,False,A,2.1,25.4,25.41666666666667,"{'gap': 0.0, 'volume': 0.0, 'trend': 0.408, 'position': 0.5, 'sector': 0.55, 'continuity': 0.3}",0.0,[],竞价涨幅 -0.55% 超出区间
002412,汉森制药,10.0,9.04,9.15,1.22,0.122,5060000.0,516980000.0,0.00979,-0.44,-0.66,1.22,1.66,False,-1.88,0.4154929577464788,False,False,False,False,0,中药,0,0,False,False,A,2.3,17.0,17.033333333333335,"{'gap': 0.0, 'volume': 0.0, 'trend': 0.777, 'position': 0.0, 'sector': 0.0, 'continuity': 0.3}",0.0,[],竞价涨幅 1.22% 超出区间
603950,长源东谷,10.0,60.61,59.0,-2.66,-0.266,3550000.0,516650000.0,0.00687,-0.1,-3.0,-2.66,-2.56,False,-0.35,0.3096182449181954,False,False,False,False,0,汽车零部件,1,2,False,False,B,1.6,6.4,6.3559824822343405,"{'gap': 0.0, 'volume': 0.0, 'trend': 0.073, 'position': 0.226, 'sector': 0.0, 'continuity': 0.3}",0.0,[],竞价涨幅 -2.66% 超出区间
605289,罗曼股份,10.0,105.12,105.12,0.0,0.0,1180000.0,515060000.0,0.00229,1.79,0.08,0.0,-1.79,False,0.08,0.3331698344573881,False,False,False,False,0,建筑装饰,0,3,False,False,B,0.5,8.0,8.039464541181278,"{'gap': 0.0, 'volume': 0.0, 'trend': 0.202, 'position': 0.167, 'sector': 0.0, 'continuity': 0.3}",0.0,[],竞价涨幅 0.00% 超出区间
300638,广和通,20.0,19.79,20.19,2.02,0.101,1860000.0,514080000.0,0.00362,0.81,0.81,2.02,1.21,True,-1.21,0.6119047619047615,False,False,False,False,0,通信设备,2,2,False,False,A,0.9,28.0,28.03333333333333,"{'gap': 0.013, 'volume': 0.0, 'trend': 0.751, 'position': 0.2, 'sector': 0.55, 'continuity': 0.3}",0.0,[],竞价量能 0.36%(量比≈0.9) 超出区间
600880,博瑞传播,10.0,5.08,5.19,2.17,0.217,40480000.0,513850000.0,0.07878,9.84,0.39,2.17,-7.68,False,-1.77,1.0,True,False,False,False,0,软件开发,2,2,False,False,A,18.9,0.0,0.0,"{'gap': 0.113, 'volume': 0.0, 'trend': 0.0, 'position': 0.3, 'sector': 0.55, 'continuity': 0.3}",30.0,['高位极端放量'],竞价量能 7.88%(量比≈18.9) 超出区间
688605,先锋精科,20.0,90.06,90.0,-0.07,-0.003,2770000.0,513050000.0,0.0054,1.38,1.38,-0.07,-1.44,False,1.44,0.5181328545780969,True,False,False,False,0,半导体,7,4,False,False,A,1.3,16.1,16.1,"{'gap': 0.0, 'volume': 0.0, 'trend': 0.38, 'position': 0.3, 'sector': 1.0, 'continuity': 0.3}",12.5,['竞价尾段走弱'],竞价涨幅 -0.07% 超出区间
002885,京泉华,10.0,28.5,28.54,0.14,0.014,1220000.0,512310000.0,0.00238,0.0,0.35,0.14,0.14,False,0.21,0.3322528363047001,False,False,False,False,0,其他电子,2,1,False,False,B,0.6,18.3,18.257185305240416,"{'gap': 0.0, 'volume': 0.0, 'trend': 0.523, 'position': 0.169, 'sector': 0.25, 'continuity': 0.3}",0.0,[],竞价涨幅 0.14% 超出区间
603068,博通集成,10.0,39.81,40.79,2.46,0.246,13680000.0,510320000.0,0.02681,4.92,2.99,2.46,-2.46,False,0.53,0.688888888888889,False,False,True,False,1,半导体,7,4,False,False,A,6.4,52.5,52.53033816108898,"{'gap': 0.307, 'volume': 0.894, 'trend': 0.09, 'position': 0.2, 'sector': 1.0, 'continuity': 0.85}",0.0,[],
600644,乐山电力,10.0,9.78,9.7,-0.82,-0.082,6230000.0,507300000.0,0.01228,-0.82,-0.82,-0.82,0.0,True,0.0,0.7210884353741495,True,False,False,False,0,电力,0,2,False,False,A,2.9,25.9,25.92126293082231,"{'gap': 0.0, 'volume': 0.157, 'trend': 0.65, 'position': 0.5, 'sector': 0.0, 'continuity': 0.3}",0.0,[],竞价涨幅 -0.82% 超出区间
300829,金丹科技,20.0,21.43,21.45,0.09,0.005,8810000.0,505820000.0,0.01742,0.0,-1.31,0.09,0.09,False,-1.4,1.0,True,False,False,False,0,化学制品,2,3,False,False,A,4.2,36.6,36.57239161606421,"{'gap': 0.0, 'volume': 0.487, 'trend': 0.507, 'position': 0.3, 'sector': 0.55, 'continuity': 0.3}",0.0,[],竞价涨幅 0.09% 超出区间
300316,晶盛机电,20.0,42.72,42.71,-0.02,-0.001,1880000.0,505230000.0,0.00372,0.0,0.0,-0.02,-0.02,False,0.02,0.2624378109452736,False,False,False,False,0,光伏设备,0,1,False,False,B,0.9,16.6,16.62524875621891,"{'gap': 0.0, 'volume': 0.0, 'trend': 0.498, 'position': 0.344, 'sector': 0.0, 'continuity': 0.3}",0.0,[],竞价涨幅 -0.02% 超出区间
603221,爱丽家居,10.0,31.23,31.65,1.34,0.134,8960000.0,504900000.0,0.01775,0.0,-1.34,1.34,1.34,False,-2.69,0.910121797564049,False,False,False,False,0,家居用品,0,6,False,False,A,4.3,31.6,31.581919660214176,"{'gap': 0.0, 'volume': 0.505, 'trend': 0.723, 'position': 0.2, 'sector': 0.0, 'continuity': 0.3}",0.0,[],竞价涨幅 1.34% 超出区间
600606,绿地控股,10.0,1.45,1.54,6.21,0.621,40460000.0,502160000.0,0.08057,10.34,10.34,6.21,-4.14,False,4.14,1.0,True,True,True,False,1,房地产,0,4,False,False,A,19.3,0.0,0.0,"{'gap': 0.0, 'volume': 0.0, 'trend': 0.0, 'position': 0.8, 'sector': 0.0, 'continuity': 0.85}",42.5,"['竞价尾段走弱', '高位极端放量']",竞价涨幅 6.21% 超出区间
000859,国风新材,10.0,9.44,9.61,1.8,0.18,4710000.0,501810000.0,0.00939,0.11,0.21,1.8,1.69,True,-1.59,0.7028571428571426,True,False,False,False,0,塑料制品,0,1,False,False,A,2.3,27.6,27.633333333333336,"{'gap': 0.0, 'volume': 0.0, 'trend': 0.932, 'position': 0.5, 'sector': 0.0, 'continuity': 0.3}",0.0,[],竞价涨幅 1.80% 超出区间
300171,东富龙,20.0,15.45,15.52,0.45,0.023,1970000.0,500140000.0,0.00394,-0.97,-0.06,0.45,1.42,True,-0.52,1.0,False,False,False,False,0,医疗器械,0,0,False,False,A,0.9,16.9,16.866666666666667,"{'gap': 0.0, 'volume': 0.0, 'trend': 0.768, 'position': 0.0, 'sector': 0.0, 'continuity': 0.3}",0.0,[],竞价涨幅 0.45% 超出区间
300836,佰奥智能,20.0,62.6,61.8,-1.28,-0.064,6650000.0,499240000.0,0.01332,0.0,-4.15,-1.28,-1.28,False,-2.88,0.5962424672102092,True,False,False,True,0,专用设备,1,1,False,False,A,3.2,7.7,7.70635957824798,"{'gap': 0.0, 'volume': 0.234, 'trend': 0.393, 'position': 0.5, 'sector': 0.0, 'continuity': 0.3}",15.0,['昨日炸板'],竞价涨幅 -1.28% 超出区间
301041,金百泽,20.0,35.97,35.73,-0.67,-0.033,2100000.0,496560000.0,0.00423,0.03,-0.28,-0.67,-0.7,False,0.39,1.0,True,False,False,False,0,元件,5,1,False,False,A,1.0,29.8,29.833333333333336,"{'gap': 0.0, 'volume': 0.0, 'trend': 0.442, 'position': 0.3, 'sector': 1.0, 'continuity': 0.3}",0.0,[],竞价涨幅 -0.67% 超出区间
001216,华瓷股份,10.0,21.87,24.06,10.01,1.001,17470000.0,496120000.0,0.03521,10.01,10.01,10.01,0.0,True,0.0,1.0,True,True,True,False,4,家居用品,0,6,False,True,A,8.5,21.4,21.398672484951945,"{'gap': 0.0, 'volume': 0.936, 'trend': 0.65, 'position': 0.8, 'sector': 0.0, 'continuity': 0.6}",30.0,"['高位极端放量', '4连板 高位']",一字板（买不进）
603690,至纯科技,10.0,24.38,24.5,0.49,0.049,2050000.0,495820000.0,0.00413,0.08,0.08,0.49,0.41,True,-0.41,0.23667905824039648,False,False,False,False,0,半导体,7,4,False,False,B,1.0,37.0,36.9912019826518,"{'gap': 0.0, 'volume': 0.0, 'trend': 0.718, 'position': 0.408, 'sector': 1.0, 'continuity': 0.3}",0.0,[],竞价涨幅 0.49% 超出区间
002084,海鸥住工,10.0,5.56,5.62,1.08,0.108,8580000.0,493450000.0,0.01739,0.9,2.52,1.08,0.18,False,1.44,0.5806451612903225,False,False,False,False,0,家居用品,0,6,False,False,A,4.2,14.7,14.731716310114951,"{'gap': 0.0, 'volume': 0.485, 'trend': 0.53, 'position': 0.2, 'sector': 0.0, 'continuity': 0.3}",12.5,['竞价尾段走弱'],竞价涨幅 1.08% 超出区间
300400,劲拓股份,20.0,36.88,36.56,-0.87,-0.043,690000.0,492370000.0,0.0014,-0.22,0.0,-0.87,-0.65,False,0.87,0.9565707839819517,True,False,False,False,0,自动化设备,3,0,False,False,A,0.3,22.4,22.416666666666668,"{'gap': 0.0, 'volume': 0.0, 'trend': 0.446, 'position': 0.3, 'sector': 0.5, 'continuity': 0.3}",0.0,[],竞价涨幅 -0.87% 超出区间
688293,奥浦迈,20.0,70.7,72.98,3.22,0.161,6310000.0,491520000.0,0.01284,0.2,2.76,3.22,3.03,True,-0.47,0.990660440293529,True,False,False,False,0,医疗服务,4,1,False,False,A,3.1,56.5,56.54026417739036,"{'gap': 0.813, 'volume': 0.199, 'trend': 0.902, 'position': 0.3, 'sector': 0.75, 'continuity': 0.3}",0.0,[],
300522,世名科技,20.0,14.62,14.59,-0.21,-0.01,3090000.0,490670000.0,0.0063,0.48,0.48,-0.21,-0.68,False,0.68,0.29411764705882343,True,False,False,False,0,化学制品,2,3,False,False,B,1.5,25.6,25.587254901960794,"{'gap': 0.0, 'volume': 0.0, 'trend': 0.443, 'position': 0.465, 'sector': 0.55, 'continuity': 0.3}",0.0,[],竞价涨幅 -0.21% 超出区间
300151,昌红科技,20.0,20.7,20.73,0.14,0.007,1810000.0,489630000.0,0.0037,0.39,0.39,0.14,-0.24,False,0.24,0.5592972181551976,True,False,False,False,0,专用设备,1,1,False,False,A,0.9,18.6,18.6,"{'gap': 0.0, 'volume': 0.0, 'trend': 0.48, 'position': 0.5, 'sector': 0.0, 'continuity': 0.3}",0.0,[],竞价涨幅 0.14% 超出区间
300576,容大感光,20.0,29.99,30.16,0.57,0.028,2030000.0,489570000.0,0.00415,1.97,1.87,0.57,-1.4,False,1.3,0.2163159837578442,False,False,False,False,0,电子化学品,3,0,False,False,B,1.0,11.1,11.054817275747514,"{'gap': 0.0, 'volume': 0.0, 'trend': 0.383, 'position': 0.459, 'sector': 0.5, 'continuity': 0.3}",12.5,['竞价尾段走弱'],竞价涨幅 0.57% 超出区间
688352,颀中科技,20.0,19.47,19.8,1.69,0.085,2130000.0,487390000.0,0.00437,0.15,0.15,1.69,1.54,True,-1.54,0.5970915312232676,True,False,False,False,0,半导体,7,4,False,False,A,1.0,39.6,39.56666666666667,"{'gap': 0.0, 'volume': 0.0, 'trend': 0.778, 'position': 0.5, 'sector': 1.0, 'continuity': 0.3}",0.0,[],竞价涨幅 1.69% 超出区间
301095,广立微,20.0,78.75,78.75,0.0,0.0,2370000.0,486430000.0,0.00487,1.55,0.01,0.0,-1.55,False,0.01,0.26935086277732134,True,False,False,False,0,软件开发,2,2,False,False,B,1.2,25.1,25.066009312517117,"{'gap': 0.0, 'volume': 0.0, 'trend': 0.371, 'position': 0.527, 'sector': 0.55, 'continuity': 0.3}",0.0,[],竞价涨幅 0.00% 超出区间
603232,格尔软件,10.0,16.31,16.32,0.06,0.006,7620000.0,483170000.0,0.01577,3.31,2.88,0.06,-3.25,False,2.82,0.667322834645669,False,False,True,False,1,软件开发,2,2,False,False,A,3.8,12.8,12.824119911122345,"{'gap': 0.0, 'volume': 0.393, 'trend': 0.0, 'position': 0.2, 'sector': 0.55, 'continuity': 0.85}",12.5,['竞价尾段走弱'],竞价涨幅 0.06% 超出区间
688711,宏微科技,20.0,29.32,29.32,0.0,0.0,1580000.0,482480000.0,0.00327,0.48,0.95,0.0,-0.48,False,0.95,0.3429735234215886,True,False,False,False,0,半导体,7,4,False,False,B,0.8,30.8,30.838492871690427,"{'gap': 0.0, 'volume': 0.0, 'trend': 0.46, 'position': 0.343, 'sector': 1.0, 'continuity': 0.3}",0.0,[],竞价涨幅 0.00% 超出区间
301312,智立方,20.0,87.37,87.37,0.0,0.0,3420000.0,482080000.0,0.00709,0.0,0.0,0.0,0.0,True,0.0,0.5200656422497391,True,False,False,False,0,自动化设备,3,0,False,False,A,1.7,26.5,26.5,"{'gap': 0.0, 'volume': 0.0, 'trend': 0.65, 'position': 0.3, 'sector': 0.5, 'continuity': 0.3}",0.0,[],竞价涨幅 0.00% 超出区间
600540,新赛股份,10.0,5.48,5.46,-0.36,-0.036,2620000.0,479930000.0,0.00546,-3.47,-3.28,-0.36,3.1,True,-2.92,0.5717821782178218,False,False,False,False,0,种植业与林业,0,0,False,False,A,1.3,24.5,24.5,"{'gap': 0.0, 'volume': 0.0, 'trend': 1.0, 'position': 0.2, 'sector': 0.0, 'continuity': 0.3}",0.0,[],竞价涨幅 -0.36% 超出区间
300137,先河环保,20.0,11.5,11.35,-1.3,-0.065,2530000.0,477830000.0,0.00529,0.0,-0.09,-1.3,-1.3,False,1.22,0.2574850299401198,False,False,False,False,0,环保设备,0,0,False,False,B,1.3,2.2,2.177644710578841,"{'gap': 0.0, 'volume': 0.0, 'trend': 0.392, 'position': 0.356, 'sector': 0.0, 'continuity': 0.3}",12.5,['竞价尾段走弱'],竞价涨幅 -1.30% 超出区间
002903,宇环数控,10.0,30.76,30.9,0.46,0.046,3420000.0,477690000.0,0.00716,-3.02,-2.44,0.46,3.48,True,-2.89,0.36646499567847884,False,False,False,False,0,通用设备,1,3,False,False,B,1.7,22.8,22.757562662057047,"{'gap': 0.0, 'volume': 0.0, 'trend': 1.0, 'position': 0.084, 'sector': 0.0, 'continuity': 0.3}",0.0,[],竞价涨幅 0.46% 超出区间
001330,博纳影业,10.0,5.47,5.51,0.73,0.073,4070000.0,477300000.0,0.00853,1.46,0.55,0.73,-0.73,False,-0.18,0.5319148936170213,False,False,False,False,0,影视院线,0,0,False,False,A,2.0,9.1,9.066666666666666,"{'gap': 0.0, 'volume': 0.0, 'trend': 0.378, 'position': 0.0, 'sector': 0.0, 'continuity': 0.3}",0.0,[],竞价涨幅 0.73% 超出区间
600293,三峡新材,10.0,3.34,3.29,-1.5,-0.15,8590000.0,476590000.0,0.01802,-3.59,-3.59,-1.5,2.1,True,-2.1,0.9354838709677419,True,False,False,False,0,建筑材料,1,1,False,False,A,4.3,42.0,41.971512581779336,"{'gap': 0.0, 'volume': 0.519, 'trend': 1.0, 'position': 0.5, 'sector': 0.0, 'continuity': 0.3}",0.0,[],竞价涨幅 -1.50% 超出区间
601595,上海电影,10.0,24.51,24.51,0.0,0.0,5810000.0,476260000.0,0.0122,0.0,-0.24,0.0,0.0,False,-0.24,1.0,True,False,False,False,0,影视院线,0,0,False,False,A,2.9,19.8,19.76702414105731,"{'gap': 0.0, 'volume': 0.151, 'trend': 0.5, 'position': 0.3, 'sector': 0.0, 'continuity': 0.3}",0.0,[],竞价涨幅 0.00% 超出区间
002163,海南发展,10.0,7.73,7.7,-0.39,-0.039,1610000.0,474220000.0,0.0034,0.0,0.0,-0.39,-0.39,False,0.39,0.25405405405405446,False,False,False,False,0,建筑装饰,0,3,False,False,B,0.8,15.7,15.672972972972959,"{'gap': 0.0, 'volume': 0.0, 'trend': 0.435, 'position': 0.365, 'sector': 0.0, 'continuity': 0.3}",0.0,[],竞价涨幅 -0.39% 超出区间
601155,新城控股,10.0,12.24,12.0,-1.96,-0.196,6580000.0,472950000.0,0.01391,-0.49,-1.88,-1.96,-1.47,False,0.08,0.9952606635071091,False,False,True,False,1,房地产,0,4,False,False,A,3.3,16.2,16.21248141171749,"{'gap': 0.0, 'volume': 0.274, 'trend': 0.255, 'position': 0.0, 'sector': 0.0, 'continuity': 0.85}",0.0,[],竞价涨幅 -1.96% 超出区间
300688,创业黑马,20.0,36.6,36.9,0.82,0.041,2630000.0,469480000.0,0.0056,-2.02,-2.02,0.82,2.84,True,-2.84,1.0,True,False,False,False,0,教育,0,0,False,False,A,1.3,23.7,23.733333333333334,"{'gap': 0.0, 'volume': 0.0, 'trend': 0.887, 'position': 0.3, 'sector': 0.0, 'continuity': 0.3}",0.0,[],竞价涨幅 0.82% 超出区间
001326,联域股份,10.0,92.95,93.3,0.38,0.038,2300000.0,469200000.0,0.0049,0.01,0.41,0.38,0.37,False,0.03,1.0,True,False,False,False,0,光学光电子,1,3,False,False,A,1.2,17.2,17.233333333333334,"{'gap': 0.0, 'volume': 0.0, 'trend': 0.562, 'position': 0.3, 'sector': 0.0, 'continuity': 0.3}",0.0,[],竞价涨幅 0.38% 超出区间
300981,中红医疗,20.0,18.15,18.15,0.0,0.0,5330000.0,469100000.0,0.01136,3.86,0.99,0.0,-3.86,False,0.99,1.0,False,False,False,False,0,医疗器械,0,0,False,False,A,2.7,7.2,7.150235414671181,"{'gap': 0.0, 'volume': 0.083, 'trend': 0.178, 'position': 0.0, 'sector': 0.0, 'continuity': 0.3}",0.0,[],竞价涨幅 0.00% 超出区间
688328,深科达,20.0,85.0,85.43,0.51,0.025,2580000.0,468190000.0,0.00551,3.53,2.35,0.51,-3.02,False,1.85,0.4539030402629416,False,False,False,False,0,专用设备,1,1,False,False,A,1.3,0.0,0.0,"{'gap': 0.0, 'volume': 0.0, 'trend': 0.248, 'position': 0.0, 'sector': 0.0, 'continuity': 0.3}",12.5,['竞价尾段走弱'],竞价涨幅 0.51% 超出区间
300566,激智科技,20.0,25.64,25.66,0.08,0.004,2390000.0,468110000.0,0.00511,0.08,-0.23,0.08,0.0,False,-0.31,0.21040076335877864,False,False,False,False,0,光学光电子,1,3,False,False,B,1.2,18.6,18.609971374045802,"{'gap': 0.0, 'volume': 0.0, 'trend': 0.5, 'position': 0.474, 'sector': 0.0, 'continuity': 0.3}",0.0,[],竞价涨幅 0.08% 超出区间
600227,赤天化,10.0,3.9,3.9,0.0,0.0,4090000.0,468060000.0,0.00874,0.0,0.0,0.0,0.0,True,0.0,0.5415162454873647,False,False,False,False,0,农化制品,0,0,False,False,A,2.1,14.5,14.500000000000002,"{'gap': 0.0, 'volume': 0.0, 'trend': 0.65, 'position': 0.0, 'sector': 0.0, 'continuity': 0.3}",0.0,[],竞价涨幅 0.00% 超出区间
300042,朗科科技,20.0,40.12,40.6,1.2,0.06,3860000.0,467730000.0,0.00825,2.17,1.42,1.2,-0.97,False,0.22,0.0689566115702478,False,False,False,False,0,计算机设备,0,1,False,False,B,2.0,22.3,22.297460399449044,"{'gap': 0.0, 'volume': 0.0, 'trend': 0.419, 'position': 0.828, 'sector': 0.0, 'continuity': 0.3}",0.0,[],竞价涨幅 1.20% 超出区间
601700,风范股份,10.0,6.35,6.31,-0.63,-0.063,3180000.0,467530000.0,0.0068,0.16,-0.47,-0.63,-0.79,False,0.16,0.5036319612590798,False,False,False,False,0,电网设备,1,6,False,False,A,1.6,8.9,8.866666666666665,"{'gap': 0.0, 'volume': 0.0, 'trend': 0.368, 'position': 0.0, 'sector': 0.0, 'continuity': 0.3}",0.0,[],竞价涨幅 -0.63% 超出区间
920725,惠丰钻石,30.0,91.65,91.0,-0.71,-0.024,0.0,464025500.0,0.0,0.0,0.0,-0.71,-0.71,False,0.71,0.5509359251259901,True,False,False,False,0,通用设备,1,3,False,False,A,0.0,18.2,18.211111111111112,"{'gap': 0.0, 'volume': 0.0, 'trend': 0.461, 'position': 0.5, 'sector': 0.0, 'continuity': 0.3}",0.0,[],竞价涨幅 -0.71% 超出区间
688620,安凯微,20.0,17.99,18.1,0.61,0.031,1860000.0,462230000.0,0.00402,0.0,-0.44,0.61,0.61,False,-1.06,1.0,False,False,False,False,0,半导体,7,4,False,False,A,1.0,27.5,27.516666666666666,"{'gap': 0.0, 'volume': 0.0, 'trend': 0.551, 'position': 0.0, 'sector': 1.0, 'continuity': 0.3}",0.0,[],竞价涨幅 0.61% 超出区间
688112,鼎阳科技,20.0,76.49,81.8,6.94,0.347,5530000.0,458860000.0,0.01205,2.0,2.0,6.94,4.94,True,-4.94,0.7962738930558916,True,True,False,False,0,通用设备,1,3,False,False,A,2.9,40.0,39.97508081980391,"{'gap': 0.0, 'volume': 0.139, 'trend': 1.0, 'position': 1.0, 'sector': 0.0, 'continuity': 0.3}",0.0,[],竞价涨幅 6.94% 超出区间
300827,上能电气,20.0,25.66,25.66,0.0,0.0,3100000.0,456980000.0,0.00678,0.0,-0.47,0.0,0.0,False,-0.47,0.32499999999999996,False,False,False,False,0,光伏设备,0,1,False,False,B,1.6,14.3,14.3125,"{'gap': 0.0, 'volume': 0.0, 'trend': 0.5, 'position': 0.188, 'sector': 0.0, 'continuity': 0.3}",0.0,[],竞价涨幅 0.00% 超出区间
688598,金博股份,20.0,35.07,35.24,0.48,0.024,2130000.0,456060000.0,0.00467,1.23,1.11,0.48,-0.74,False,0.63,0.4078895463510848,False,False,False,False,0,非金属材料,2,0,False,False,A,1.1,14.0,14.016666666666666,"{'gap': 0.0, 'volume': 0.0, 'trend': 0.438, 'position': 0.0, 'sector': 0.25, 'continuity': 0.3}",0.0,[],竞价涨幅 0.48% 超出区间
002734,利民股份,10.0,18.62,18.91,1.56,0.156,7940000.0,452880000.0,0.01753,1.56,1.5,1.56,0.0,False,-0.05,1.0,True,True,False,False,0,农化制品,0,0,False,False,A,4.2,35.8,35.820937433641795,"{'gap': 0.0, 'volume': 0.493, 'trend': 0.5, 'position': 0.8, 'sector': 0.0, 'continuity': 0.3}",0.0,[],竞价涨幅 1.56% 超出区间
605198,安德利,10.0,85.88,80.62,-6.12,-0.612,8990000.0,452880000.0,0.01985,9.98,4.8,-6.12,-16.1,False,10.92,1.0,True,False,False,False,0,饮料制造,1,1,False,False,A,4.8,8.8,8.75399615981808,"{'gap': 0.0, 'volume': 0.61, 'trend': 0.0, 'position': 0.3, 'sector': 0.0, 'continuity': 0.3}",12.5,['竞价尾段走弱'],竞价涨幅 -6.12% 超出区间
300850,新强联,20.0,28.85,28.84,-0.03,-0.002,2540000.0,452840000.0,0.00561,-0.03,-0.94,-0.03,0.0,False,-0.9,0.7714617169373551,True,False,False,False,0,风电设备,0,1,False,False,A,1.3,19.0,19.0,"{'gap': 0.0, 'volume': 0.0, 'trend': 0.5, 'position': 0.5, 'sector': 0.0, 'continuity': 0.3}",0.0,[],竞价涨幅 -0.03% 超出区间
002264,新 华 都,10.0,7.35,7.35,0.0,0.0,18310000.0,452700000.0,0.04045,6.67,4.22,0.0,-6.67,False,4.22,0.826086956521739,False,False,False,False,0,文化传媒,3,3,False,False,A,9.7,26.0,26.011307381576543,"{'gap': 0.0, 'volume': 0.88, 'trend': 0.0, 'position': 0.2, 'sector': 0.8, 'continuity': 0.3}",12.5,['竞价尾段走弱'],竞价涨幅 0.00% 超出区间
002613,北玻股份,10.0,3.62,3.61,-0.28,-0.028,1650000.0,452300000.0,0.00365,0.0,0.0,-0.28,-0.28,False,0.28,0.6842105263157896,True,False,False,False,0,专用设备,1,1,False,False,A,0.9,18.1,18.06666666666667,"{'gap': 0.0, 'volume': 0.0, 'trend': 0.453, 'position': 0.5, 'sector': 0.0, 'continuity': 0.3}",0.0,[],竞价涨幅 -0.28% 超出区间
301580,爱迪特,20.0,57.0,57.73,1.28,0.064,1660000.0,452050000.0,0.00367,0.72,0.0,1.28,0.56,False,-1.28,0.4651162790697673,True,False,False,False,0,医疗器械,0,0,False,False,A,0.9,16.9,16.933333333333334,"{'gap': 0.0, 'volume': 0.0, 'trend': 0.547, 'position': 0.3, 'sector': 0.0, 'continuity': 0.3}",0.0,[],竞价涨幅 1.28% 超出区间
002882,金龙羽,10.0,23.32,23.09,-0.99,-0.099,6320000.0,451720000.0,0.01399,-2.23,-2.66,-0.99,1.24,False,-1.67,0.8629441624365484,False,False,False,False,0,电网设备,1,6,False,False,A,3.4,25.6,25.63114673358517,"{'gap': 0.0, 'volume': 0.28, 'trend': 0.707, 'position': 0.2, 'sector': 0.0, 'continuity': 0.3}",0.0,[],竞价涨幅 -0.99% 超出区间
688073,毕得医药,20.0,68.16,69.2,1.53,0.076,3910000.0,449520000.0,0.0087,2.08,2.08,1.53,-0.56,False,0.56,0.5795712484237073,True,False,False,False,0,医疗服务,4,1,False,False,A,2.1,29.3,29.31666666666667,"{'gap': 0.0, 'volume': 0.0, 'trend': 0.453, 'position': 0.5, 'sector': 0.75, 'continuity': 0.3}",0.0,[],竞价涨幅 1.53% 超出区间
002443,金洲管道,10.0,12.5,12.72,1.76,0.176,2800000.0,448530000.0,0.00624,0.08,0.64,1.76,1.68,True,-1.12,1.0,True,False,False,False,0,钢铁,0,0,False,False,A,1.5,24.6,24.600000000000005,"{'gap': 0.0, 'volume': 0.0, 'trend': 0.93, 'position': 0.3, 'sector': 0.0, 'continuity': 0.3}",0.0,[],竞价涨幅 1.76% 超出区间
002453,华软科技,10.0,5.34,5.85,9.55,0.955,58510000.0,446860000.0,0.13094,9.93,9.93,9.55,-0.37,False,0.37,1.0,True,True,True,False,2,化学制品,2,3,False,False,A,31.4,4.0,4.016666666666666,"{'gap': 0.0, 'volume': 0.0, 'trend': 0.438, 'position': 0.8, 'sector': 0.55, 'continuity': 1.0}",30.0,['高位极端放量'],竞价涨幅 9.55% 超出区间
002173,创新医疗,10.0,17.89,18.45,3.13,0.313,8540000.0,445990000.0,0.01915,7.88,1.84,3.13,-4.75,False,-1.29,0.2952243125904487,False,False,False,False,0,医疗服务,4,1,False,False,B,4.6,46.2,46.15253624214483,"{'gap': 0.753, 'volume': 0.576, 'trend': 0.0, 'position': 0.262, 'sector': 0.75, 'continuity': 0.3}",0.0,[],
002577,雷柏科技,10.0,21.9,22.05,0.68,0.068,3610000.0,445960000.0,0.00809,0.68,0.68,0.68,0.0,True,0.0,1.0,False,False,False,False,0,计算机设备,0,1,False,False,A,1.9,14.5,14.500000000000002,"{'gap': 0.0, 'volume': 0.0, 'trend': 0.65, 'position': 0.0, 'sector': 0.0, 'continuity': 0.3}",0.0,[],竞价涨幅 0.68% 超出区间
000753,漳州发展,10.0,5.37,5.37,0.0,0.0,7580000.0,440640000.0,0.0172,-1.68,-1.68,0.0,1.68,True,-1.68,0.8925619834710745,True,False,False,False,0,综合,0,1,False,False,A,4.1,39.5,39.472465037953256,"{'gap': 0.0, 'volume': 0.475, 'trend': 0.93, 'position': 0.5, 'sector': 0.0, 'continuity': 0.3}",0.0,[],竞价涨幅 0.00% 超出区间
688079,美迪凯,20.0,16.84,16.83,-0.06,-0.003,2920000.0,440270000.0,0.00663,-0.06,0.0,-0.06,0.0,False,0.06,0.246070460704607,False,False,False,False,0,光学光电子,1,3,False,False,B,1.6,17.3,17.272357723577237,"{'gap': 0.0, 'volume': 0.0, 'trend': 0.5, 'position': 0.385, 'sector': 0.0, 'continuity': 0.3}",0.0,[],竞价涨幅 -0.06% 超出区间
002515,金字火腿,10.0,7.59,7.65,0.79,0.079,3320000.0,440230000.0,0.00754,-0.13,-0.13,0.79,0.92,True,-0.92,0.3106060606060605,False,False,False,False,0,食品加工制造,0,0,False,False,B,1.8,20.9,20.9189393939394,"{'gap': 0.0, 'volume': 0.0, 'trend': 0.803, 'position': 0.223, 'sector': 0.0, 'continuity': 0.3}",0.0,[],竞价涨幅 0.79% 超出区间
300311,任子行,20.0,5.75,5.71,-0.7,-0.035,3880000.0,440100000.0,0.00882,0.87,-0.7,-0.7,-1.57,False,0.0,0.3815789473684211,True,False,False,False,0,软件开发,2,2,False,False,B,2.1,20.8,20.82412280701755,"{'gap': 0.0, 'volume': 0.0, 'trend': 0.369, 'position': 0.246, 'sector': 0.55, 'continuity': 0.3}",0.0,[],竞价涨幅 -0.70% 超出区间
603330,天洋新材,10.0,9.67,9.65,-0.21,-0.021,4260000.0,439640000.0,0.00969,-0.93,-1.65,-0.21,0.72,False,-1.45,0.6382608695652173,False,False,False,False,0,塑料制品,0,1,False,False,A,2.3,16.9,16.9,"{'gap': 0.0, 'volume': 0.0, 'trend': 0.62, 'position': 0.2, 'sector': 0.0, 'continuity': 0.3}",0.0,[],竞价涨幅 -0.21% 超出区间
000532,华金资本,10.0,12.96,12.55,-3.16,-0.316,15580000.0,436290000.0,0.03571,5.63,0.23,-3.16,-8.8,False,3.4,1.0,True,False,True,False,1,多元金融,0,1,False,False,A,8.6,0.0,0.0,"{'gap': 0.0, 'volume': 0.93, 'trend': 0.0, 'position': 0.3, 'sector': 0.0, 'continuity': 0.85}",42.5,"['竞价尾段走弱', '高位极端放量']",竞价涨幅 -3.16% 超出区间
688785,恒运昌,20.0,375.02,374.0,-0.27,-0.014,8900000.0,436140000.0,0.02041,6.12,6.12,-0.27,-6.39,False,6.39,0.5807791408683614,True,False,False,False,0,半导体,7,4,False,False,A,4.9,27.4,27.41052794493809,"{'gap': 0.0, 'volume': 0.636, 'trend': 0.0, 'position': 0.5, 'sector': 1.0, 'continuity': 0.3}",12.5,['竞价尾段走弱'],竞价涨幅 -0.27% 超出区间
000735,罗 牛 山,10.0,5.96,5.93,-0.5,-0.05,2190000.0,435210000.0,0.00503,0.17,0.17,-0.5,-0.67,False,0.67,0.5330396475770925,False,False,False,False,0,养殖业,0,0,False,False,A,1.2,9.3,9.266666666666666,"{'gap': 0.0, 'volume': 0.0, 'trend': 0.388, 'position': 0.0, 'sector': 0.0, 'continuity': 0.3}",0.0,[],竞价涨幅 -0.50% 超出区间
000017,深中华A,10.0,7.51,7.58,0.93,0.093,5390000.0,434580000.0,0.0124,-1.86,-1.07,0.93,2.8,True,-2.0,0.362406015037594,False,False,False,False,0,服装家纺,0,4,False,False,B,3.0,27.1,27.06052167934132,"{'gap': 0.0, 'volume': 0.166, 'trend': 1.0, 'position': 0.094, 'sector': 0.0, 'continuity': 0.3}",0.0,[],竞价涨幅 0.93% 超出区间
301357,北方长龙,20.0,97.98,97.52,-0.47,-0.023,2120000.0,430830000.0,0.00492,3.08,2.06,-0.47,-3.55,False,2.53,0.6388823111532087,False,False,False,False,0,军工装备,0,0,False,False,A,1.2,0.0,0.0,"{'gap': 0.0, 'volume': 0.0, 'trend': 0.204, 'position': 0.2, 'sector': 0.0, 'continuity': 0.3}",12.5,['竞价尾段走弱'],竞价涨幅 -0.47% 超出区间
688472,阿特斯,20.0,8.6,8.62,0.23,0.012,1890000.0,428750000.0,0.00441,0.23,0.47,0.23,0.0,False,0.23,0.1696750902527072,False,False,False,False,0,光伏设备,0,1,False,False,B,1.1,20.1,20.137184115523482,"{'gap': 0.0, 'volume': 0.0, 'trend': 0.5, 'position': 0.576, 'sector': 0.0, 'continuity': 0.3}",0.0,[],竞价涨幅 0.23% 超出区间
300420,五洋自控,20.0,7.54,7.65,1.46,0.073,2590000.0,427380000.0,0.00606,1.06,1.46,1.46,0.4,True,0.0,0.4868421052631578,False,False,False,False,0,通用设备,1,3,False,False,A,1.5,15.2,15.166666666666668,"{'gap': 0.0, 'volume': 0.0, 'trend': 0.683, 'position': 0.0, 'sector': 0.0, 'continuity': 0.3}",0.0,[],竞价涨幅 1.46% 超出区间
603978,深圳新星,10.0,22.82,22.85,0.13,0.013,2980000.0,427350000.0,0.00697,1.01,1.49,0.13,-0.88,False,1.36,0.3509411050394658,True,False,False,False,0,金属新材料,0,0,False,False,B,1.7,0.9,0.9063752276867003,"{'gap': 0.0, 'volume': 0.0, 'trend': 0.353, 'position': 0.323, 'sector': 0.0, 'continuity': 0.3}",12.5,['竞价尾段走弱'],竞价涨幅 0.13% 超出区间
301678,新恒汇,20.0,50.21,50.22,0.02,0.001,3190000.0,425590000.0,0.0075,0.0,0.0,0.02,0.02,True,-0.02,0.2858568221501621,True,False,False,False,0,半导体,7,4,False,False,B,1.8,36.8,36.81370250270226,"{'gap': 0.0, 'volume': 0.0, 'trend': 0.652, 'position': 0.485, 'sector': 1.0, 'continuity': 0.3}",0.0,[],竞价涨幅 0.02% 超出区间
300905,宝丽迪,20.0,38.48,38.57,0.23,0.012,1170000.0,425260000.0,0.00275,0.81,0.78,0.23,-0.57,False,0.55,0.2941176470588233,True,False,False,False,0,化学纤维,0,0,False,False,B,0.7,17.5,17.520588235294127,"{'gap': 0.0, 'volume': 0.0, 'trend': 0.453, 'position': 0.465, 'sector': 0.0, 'continuity': 0.3}",0.0,[],竞价涨幅 0.23% 超出区间
688699,明微电子,20.0,68.55,68.55,0.0,0.0,1660000.0,424860000.0,0.00391,0.47,0.64,0.0,-0.47,False,0.64,0.6427015250544661,True,False,False,False,0,半导体,7,4,False,False,A,0.9,33.2,33.21666666666667,"{'gap': 0.0, 'volume': 0.0, 'trend': 0.461, 'position': 0.5, 'sector': 1.0, 'continuity': 0.3}",0.0,[],竞价涨幅 0.00% 超出区间
300313,天山生物,20.0,13.08,12.38,-5.35,-0.268,6510000.0,424620000.0,0.01533,-9.4,-8.64,-5.35,4.05,True,-3.29,0.6147186147186147,False,False,False,False,0,养殖业,0,0,True,False,A,3.7,33.4,33.40633783825018,"{'gap': 0.0, 'volume': 0.366, 'trend': 0.987, 'position': 0.2, 'sector': 0.0, 'continuity': 0.3}",0.0,[],隔夜公告黑名单
600903,贵州燃气,10.0,6.66,6.57,-1.35,-0.135,3460000.0,423950000.0,0.00816,-1.05,-1.5,-1.35,-0.3,False,-0.15,0.49450549450549464,False,False,False,False,0,燃气,0,0,False,False,A,2.0,10.5,10.500000000000002,"{'gap': 0.0, 'volume': 0.0, 'trend': 0.45, 'position': 0.0, 'sector': 0.0, 'continuity': 0.3}",0.0,[],竞价涨幅 -1.35% 超出区间
300382,斯莱克,20.0,16.4,16.4,0.0,0.0,1220000.0,423870000.0,0.00288,0.43,0.43,0.0,-0.43,False,0.43,0.3922101449275361,False,False,False,False,0,专用设备,1,1,False,False,B,0.7,11.1,11.075452898550733,"{'gap': 0.0, 'volume': 0.0, 'trend': 0.464, 'position': 0.019, 'sector': 0.0, 'continuity': 0.3}",0.0,[],竞价涨幅 0.00% 超出区间
002059,云南旅游,10.0,4.55,4.52,-0.66,-0.066,3370000.0,422970000.0,0.00797,0.0,-1.1,-0.66,-0.66,False,-0.44,0.1737089201877935,False,False,False,False,0,旅游及酒店,0,1,False,False,B,1.9,17.8,17.785915492957745,"{'gap': 0.0, 'volume': 0.0, 'trend': 0.39, 'position': 0.566, 'sector': 0.0, 'continuity': 0.3}",0.0,[],竞价涨幅 -0.66% 超出区间
002248,华东数控,10.0,9.62,9.55,-0.73,-0.073,1830000.0,422350000.0,0.00433,-0.21,-0.31,-0.73,-0.52,False,0.42,0.40127388535031827,False,False,False,False,0,通用设备,1,3,False,False,A,1.0,9.8,9.766666666666666,"{'gap': 0.0, 'volume': 0.0, 'trend': 0.413, 'position': 0.0, 'sector': 0.0, 'continuity': 0.3}",0.0,[],竞价涨幅 -0.73% 超出区间
301362,民爆光电,20.0,119.19,119.7,0.43,0.021,570000.0,421920000.0,0.00135,0.0,0.05,0.43,0.43,True,-0.38,0.17185898749743797,True,False,False,False,0,光学光电子,1,3,False,False,B,0.3,26.8,26.771954635512746,"{'gap': 0.0, 'volume': 0.0, 'trend': 0.686, 'position': 0.77, 'sector': 0.0, 'continuity': 0.3}",0.0,[],竞价涨幅 0.43% 超出区间
603679,华体科技,10.0,25.6,25.48,-0.47,-0.047,5990000.0,416530000.0,0.01438,1.37,-1.56,-0.47,-1.84,False,-1.09,0.9531914893617024,False,False,False,True,0,光学光电子,1,3,False,False,A,3.5,0.0,0.0,"{'gap': 0.0, 'volume': 0.306, 'trend': 0.193, 'position': 0.0, 'sector': 0.0, 'continuity': 0.3}",15.0,['昨日炸板'],竞价涨幅 -0.47% 超出区间
600609,金杯汽车,10.0,3.59,3.7,3.06,0.306,14180000.0,415240000.0,0.03415,2.51,2.51,3.06,0.56,True,-0.56,1.0,True,False,False,False,0,汽车零部件,1,2,False,False,A,8.2,28.7,28.704347956453574,"{'gap': 0.707, 'volume': 0.948, 'trend': 0.743, 'position': 0.3, 'sector': 0.0, 'continuity': 0.3}",30.0,['高位极端放量'],
603318,水发燃气,10.0,9.11,9.02,-0.99,-0.099,3440000.0,413830000.0,0.00831,0.11,-0.66,-0.99,-1.1,False,0.33,0.5193798449612402,False,False,False,False,0,燃气,0,0,False,False,A,2.0,7.8,7.833333333333334,"{'gap': 0.0, 'volume': 0.0, 'trend': 0.317, 'position': 0.0, 'sector': 0.0, 'continuity': 0.3}",0.0,[],竞价涨幅 -0.99% 超出区间
300917,特发服务,20.0,29.58,29.5,-0.27,-0.014,7520000.0,413360000.0,0.01819,-1.79,-3.14,-0.27,1.52,False,-2.87,0.8135011441647595,False,False,False,False,0,房地产,0,4,False,False,A,4.4,30.2,30.2264292410249,"{'gap': 0.0, 'volume': 0.528, 'trend': 0.627, 'position': 0.2, 'sector': 0.0, 'continuity': 0.3}",0.0,[],竞价涨幅 -0.27% 超出区间
002298,中电鑫龙,10.0,9.0,9.18,2.0,0.2,31250000.0,412510000.0,0.07576,10.0,6.89,2.0,-8.0,False,4.89,0.8736059479553904,True,True,True,False,1,电网设备,1,6,False,False,A,18.2,6.8,6.75,"{'gap': 0.0, 'volume': 0.0, 'trend': 0.0, 'position': 1.0, 'sector': 0.0, 'continuity': 0.85}",12.5,['竞价尾段走弱'],竞价量能 7.58%(量比≈18.2) 超出区间
003043,华亚智能,10.0,65.15,65.5,0.54,0.054,1710000.0,410560000.0,0.00417,0.26,0.54,0.54,0.28,True,0.0,0.18690286624203836,False,False,False,False,0,半导体,7,4,False,False,B,1.0,38.4,38.4244758492569,"{'gap': 0.0, 'volume': 0.0, 'trend': 0.697, 'position': 0.533, 'sector': 1.0, 'continuity': 0.3}",0.0,[],竞价涨幅 0.54% 超出区间
688168,安博通,20.0,44.6,45.43,1.86,0.093,2490000.0,408450000.0,0.0061,0.0,0.04,1.86,1.86,True,-1.82,0.3057553956834532,True,True,False,False,0,软件开发,2,2,False,False,A,1.5,37.9,37.85000000000001,"{'gap': 0.0, 'volume': 0.0, 'trend': 0.805, 'position': 0.8, 'sector': 0.55, 'continuity': 0.3}",0.0,[],竞价涨幅 1.86% 超出区间
002104,恒宝股份,10.0,11.13,11.5,3.32,0.332,17540000.0,408110000.0,0.04298,1.71,3.23,3.32,1.62,True,-0.09,0.41716566866267485,False,False,False,False,0,通信设备,2,2,False,False,A,10.3,45.8,45.75,"{'gap': 0.88, 'volume': 0.0, 'trend': 0.92, 'position': 0.0, 'sector': 0.55, 'continuity': 0.3}",0.0,[],竞价量能 4.30%(量比≈10.3) 超出区间
300120,经纬辉开,20.0,7.68,7.65,-0.39,-0.02,2820000.0,407710000.0,0.00692,0.0,0.0,-0.39,-0.39,False,0.39,0.3126177024482109,False,False,False,False,0,光学光电子,1,3,False,False,B,1.7,14.1,14.126836158192091,"{'gap': 0.0, 'volume': 0.0, 'trend': 0.468, 'position': 0.218, 'sector': 0.0, 'continuity': 0.3}",0.0,[],竞价涨幅 -0.39% 超出区间
002693,双成药业,10.0,9.22,9.28,0.65,0.065,9500000.0,407420000.0,0.02332,-1.52,-2.06,0.65,2.17,False,-2.71,0.3458646616541353,False,False,False,True,0,生物制品,3,0,False,False,B,5.6,32.3,32.319288660394996,"{'gap': 0.0, 'volume': 0.762, 'trend': 0.862, 'position': 0.135, 'sector': 0.5, 'continuity': 0.3}",15.0,['昨日炸板'],竞价涨幅 0.65% 超出区间
688216,气派科技,20.0,38.79,39.46,1.73,0.086,3100000.0,406980000.0,0.00762,0.0,-0.75,1.73,1.73,False,-2.47,0.5434306569343066,True,False,False,False,0,半导体,7,4,False,False,A,1.8,33.9,33.88333333333333,"{'gap': 0.0, 'volume': 0.0, 'trend': 0.644, 'position': 0.3, 'sector': 1.0, 'continuity': 0.3}",0.0,[],竞价涨幅 1.73% 超出区间
002519,银河电子,10.0,6.1,6.13,0.49,0.049,3070000.0,404440000.0,0.00759,-0.16,-0.33,0.49,0.66,False,-0.82,0.8609271523178808,True,False,False,False,0,军工电子,3,1,False,False,A,1.8,28.7,28.700000000000003,"{'gap': 0.0, 'volume': 0.0, 'trend': 0.61, 'position': 0.5, 'sector': 0.5, 'continuity': 0.3}",0.0,[],竞价涨幅 0.49% 超出区间
600272,开开实业,10.0,15.29,15.39,0.65,0.065,1610000.0,403230000.0,0.00399,0.07,0.07,0.65,0.59,True,-0.59,0.45072836332476435,False,False,False,False,0,医药商业,0,2,False,False,A,1.0,16.5,16.46666666666667,"{'gap': 0.0, 'volume': 0.0, 'trend': 0.748, 'position': 0.0, 'sector': 0.0, 'continuity': 0.3}",0.0,[],竞价涨幅 0.65% 超出区间
688181,八亿时空,20.0,45.45,46.13,1.5,0.075,6910000.0,402960000.0,0.01715,1.5,1.54,1.5,0.0,False,0.04,0.39092664092664114,True,False,False,False,0,光学光电子,1,3,False,False,B,4.1,26.6,26.644015952280082,"{'gap': 0.0, 'volume': 0.472, 'trend': 0.5, 'position': 0.223, 'sector': 0.0, 'continuity': 0.3}",0.0,[],竞价涨幅 1.50% 超出区间
300592,华凯易佰,20.0,20.99,20.79,-0.95,-0.048,6080000.0,402480000.0,0.01511,-5.67,-5.19,-0.95,4.72,True,-4.24,1.0,True,False,False,False,0,互联网电商,0,0,False,False,A,3.6,34.8,34.81522419969661,"{'gap': 0.0, 'volume': 0.353, 'trend': 1.0, 'position': 0.3, 'sector': 0.0, 'continuity': 0.3}",0.0,[],竞价涨幅 -0.95% 超出区间
300252,金信诺,20.0,12.71,12.66,-0.39,-0.02,2310000.0,402030000.0,0.00575,-0.31,-0.39,-0.39,-0.08,False,0.0,0.339155749636099,True,False,False,False,0,军工电子,3,1,False,False,B,1.4,24.1,24.148326055312957,"{'gap': 0.0, 'volume': 0.0, 'trend': 0.493, 'position': 0.352, 'sector': 0.5, 'continuity': 0.3}",0.0,[],竞价涨幅 -0.39% 超出区间
603507,振江股份,10.0,24.2,24.22,0.08,0.008,1890000.0,399930000.0,0.00473,0.04,0.04,0.08,0.04,True,-0.04,0.2619047619047619,False,False,False,False,0,风电设备,0,1,False,False,B,1.1,19.8,19.811904761904763,"{'gap': 0.0, 'volume': 0.0, 'trend': 0.657, 'position': 0.345, 'sector': 0.0, 'continuity': 0.3}",0.0,[],竞价涨幅 0.08% 超出区间
301551,无线传媒,20.0,23.25,22.9,-1.51,-0.075,12830000.0,399350000.0,0.03213,-1.72,-4.3,-1.51,0.22,False,-2.8,1.0,False,False,False,False,0,文化传媒,3,3,False,False,A,7.7,48.2,48.18073875201055,"{'gap': 0.0, 'volume': 0.973, 'trend': 0.518, 'position': 0.0, 'sector': 0.8, 'continuity': 0.3}",0.0,[],竞价涨幅 -1.51% 超出区间
600933,爱柯迪,10.0,14.03,13.93,-0.71,-0.071,2260000.0,398820000.0,0.00567,-0.86,-0.71,-0.71,0.14,True,0.0,0.5436241610738252,False,False,False,False,0,汽车零部件,1,2,False,False,A,1.4,15.0,14.966666666666667,"{'gap': 0.0, 'volume': 0.0, 'trend': 0.673, 'position': 0.0, 'sector': 0.0, 'continuity': 0.3}",0.0,[],竞价涨幅 -0.71% 超出区间
300706,阿石创,20.0,51.25,51.7,0.88,0.044,2490000.0,398490000.0,0.00625,0.16,1.09,0.88,0.72,False,0.21,0.1838087585375653,False,False,False,False,0,半导体,7,4,False,False,B,1.5,35.8,35.807171554841304,"{'gap': 0.0, 'volume': 0.0, 'trend': 0.56, 'position': 0.54, 'sector': 1.0, 'continuity': 0.3}",0.0,[],竞价涨幅 0.88% 超出区间
000868,安凯客车,10.0,3.99,3.99,0.0,0.0,11420000.0,397030000.0,0.02876,0.0,-5.76,0.0,0.0,False,-5.76,0.9125000000000008,True,False,False,False,0,汽车整车,0,0,False,False,A,6.9,43.0,43.003865761609546,"{'gap': 0.0, 'volume': 0.96, 'trend': 0.5, 'position': 0.5, 'sector': 0.0, 'continuity': 0.3}",0.0,[],竞价涨幅 0.00% 超出区间
300097,智云股份,20.0,10.85,11.0,1.38,0.069,4040000.0,394800000.0,0.01023,-1.01,-1.01,1.38,2.4,True,-2.4,1.0,False,False,False,False,0,自动化设备,3,0,False,False,A,2.5,26.0,26.0,"{'gap': 0.0, 'volume': 0.0, 'trend': 0.85, 'position': 0.0, 'sector': 0.5, 'continuity': 0.3}",0.0,[],竞价涨幅 1.38% 超出区间
603399,永杉锂业,10.0,13.8,13.84,0.29,0.029,2060000.0,394180000.0,0.00523,0.36,0.36,0.29,-0.07,False,0.07,0.19856244384546282,False,False,False,False,0,能源金属,1,0,False,False,B,1.3,18.8,18.820575022461817,"{'gap': 0.0, 'volume': 0.0, 'trend': 0.488, 'position': 0.504, 'sector': 0.0, 'continuity': 0.3}",0.0,[],竞价涨幅 0.29% 超出区间
601133,XD柏诚股,10.0,25.95,26.18,0.89,0.089,13710000.0,394140000.0,0.03478,3.66,3.28,0.89,-2.77,False,2.39,0.18518518518518526,False,False,True,False,1,建筑装饰,0,3,False,False,A,8.3,16.0,16.03821539402685,"{'gap': 0.0, 'volume': 0.941, 'trend': 0.038, 'position': 0.0, 'sector': 0.0, 'continuity': 0.85}",12.5,['竞价尾段走弱'],竞价涨幅 0.89% 超出区间
300767,震安科技,20.0,21.72,21.86,0.64,0.032,1440000.0,391960000.0,0.00367,0.0,0.23,0.64,0.64,True,-0.41,0.7869955156950671,True,False,False,False,0,橡胶制品,0,0,False,False,A,0.9,23.1,23.06666666666667,"{'gap': 0.0, 'volume': 0.0, 'trend': 0.703, 'position': 0.5, 'sector': 0.0, 'continuity': 0.3}",0.0,[],竞价涨幅 0.64% 超出区间
601811,新华文轩,10.0,13.9,14.5,4.32,0.432,72310000.0,389950000.0,0.18543,10.0,10.0,4.32,-5.68,False,5.68,1.0,True,True,True,False,1,文化传媒,3,3,False,False,A,44.5,0.0,0.0,"{'gap': 0.453, 'volume': 0.0, 'trend': 0.0, 'position': 0.8, 'sector': 0.8, 'continuity': 0.85}",42.5,"['竞价尾段走弱', '高位极端放量']",竞价量能 18.54%(量比≈44.5) 超出区间
688478,晶升股份,20.0,48.11,49.13,2.12,0.106,1790000.0,386710000.0,0.00463,3.51,1.23,2.12,-1.39,False,-0.89,0.19265322419644637,False,False,False,False,0,半导体,7,4,False,False,B,1.1,33.6,33.5588374259666,"{'gap': 0.08, 'volume': 0.0, 'trend': 0.384, 'position': 0.518, 'sector': 1.0, 'continuity': 0.3}",0.0,[],竞价量能 0.46%(量比≈1.1) 超出区间
600712,南宁百货,10.0,5.35,5.4,0.93,0.093,3340000.0,384610000.0,0.00868,2.43,1.87,0.93,-1.5,False,0.93,0.38589211618257246,False,False,False,True,0,零售,1,3,False,False,B,2.1,0.0,0.0,"{'gap': 0.0, 'volume': 0.0, 'trend': 0.25, 'position': 0.035, 'sector': 0.0, 'continuity': 0.3}",15.0,['昨日炸板'],竞价涨幅 0.93% 超出区间
002218,拓日新能,10.0,4.3,4.26,-0.93,-0.093,1980000.0,383680000.0,0.00516,0.23,0.0,-0.93,-1.16,False,0.93,0.8787878787878787,True,False,False,False,0,电力,0,2,False,False,A,1.2,15.1,15.133333333333333,"{'gap': 0.0, 'volume': 0.0, 'trend': 0.307, 'position': 0.5, 'sector': 0.0, 'continuity': 0.3}",0.0,[],竞价涨幅 -0.93% 超出区间
002848,高斯贝尔,10.0,15.3,15.3,0.0,0.0,2170000.0,383590000.0,0.00566,-1.57,-1.31,0.0,1.57,True,-1.31,1.0,True,False,False,False,0,黑色家电,0,0,False,False,A,1.4,24.2,24.233333333333334,"{'gap': 0.0, 'volume': 0.0, 'trend': 0.912, 'position': 0.3, 'sector': 0.0, 'continuity': 0.3}",0.0,[],竞价涨幅 0.00% 超出区间
301085,亚康股份,20.0,76.6,77.11,0.67,0.033,3020000.0,383370000.0,0.00788,-0.78,-1.29,0.67,1.45,False,-1.96,1.0,True,False,False,False,0,IT服务,0,0,False,False,A,1.9,18.4,18.41666666666667,"{'gap': 0.0, 'volume': 0.0, 'trend': 0.621, 'position': 0.3, 'sector': 0.0, 'continuity': 0.3}",0.0,[],竞价涨幅 0.67% 超出区间
002785,万里石,10.0,39.39,40.96,3.99,0.399,10110000.0,382480000.0,0.02643,2.51,2.41,3.99,1.47,False,-1.57,0.574,True,True,False,False,0,建筑材料,1,1,False,False,A,6.3,66.9,66.87679833152376,"{'gap': 0.673, 'volume': 0.88, 'trend': 0.745, 'position': 1.0, 'sector': 0.0, 'continuity': 0.3}",0.0,[],
300234,开尔新材,20.0,11.95,12.0,0.42,0.021,3520000.0,382410000.0,0.0092,2.93,2.93,0.42,-2.51,False,2.51,1.0,True,False,False,False,0,建筑材料,1,1,False,False,A,2.2,0.0,0.0,"{'gap': 0.0, 'volume': 0.0, 'trend': 0.291, 'position': 0.3, 'sector': 0.0, 'continuity': 0.3}",12.5,['竞价尾段走弱'],竞价涨幅 0.42% 超出区间
300689,澄天伟业,20.0,66.8,66.79,-0.01,-0.001,2420000.0,382260000.0,0.00633,-0.48,-0.97,-0.01,0.46,False,-0.96,0.7676669893514037,True,False,False,False,0,通信设备,2,2,False,False,A,1.5,28.0,28.016666666666666,"{'gap': 0.0, 'volume': 0.0, 'trend': 0.538, 'position': 0.5, 'sector': 0.55, 'continuity': 0.3}",0.0,[],竞价涨幅 -0.01% 超出区间
002388,新亚制程,10.0,7.23,7.19,-0.55,-0.055,1980000.0,381350000.0,0.00519,-0.28,-0.28,-0.55,-0.28,False,0.28,1.0,True,False,False,False,0,其他电子,2,1,False,False,A,1.2,18.8,18.816666666666666,"{'gap': 0.0, 'volume': 0.0, 'trend': 0.453, 'position': 0.3, 'sector': 0.25, 'continuity': 0.3}",0.0,[],竞价涨幅 -0.55% 超出区间
002161,远 望 谷,10.0,7.25,7.25,0.0,0.0,16250000.0,380930000.0,0.04266,0.69,0.69,0.0,-0.69,False,0.69,0.7690058479532166,False,False,True,False,1,其他电子,2,1,False,False,A,10.2,18.7,18.700000000000003,"{'gap': 0.0, 'volume': 0.0, 'trend': 0.385, 'position': 0.2, 'sector': 0.25, 'continuity': 0.85}",0.0,[],竞价涨幅 0.00% 超出区间
300163,先锋新材,20.0,7.34,7.41,0.95,0.048,2510000.0,379740000.0,0.00661,1.36,1.36,0.95,-0.41,False,0.41,0.7645348837209301,False,False,False,False,0,家居用品,0,6,False,False,A,1.6,13.8,13.816666666666666,"{'gap': 0.0, 'volume': 0.0, 'trend': 0.466, 'position': 0.2, 'sector': 0.0, 'continuity': 0.3}",0.0,[],竞价涨幅 0.95% 超出区间
300333,兆日科技,20.0,11.63,11.56,-0.6,-0.03,2570000.0,379660000.0,0.00677,0.0,-1.81,-0.6,-0.6,False,-1.2,0.689306358381503,False,False,False,False,0,计算机设备,0,1,False,False,A,1.6,13.5,13.5,"{'gap': 0.0, 'volume': 0.0, 'trend': 0.45, 'position': 0.2, 'sector': 0.0, 'continuity': 0.3}",0.0,[],竞价涨幅 -0.60% 超出区间
002724,海洋王,10.0,7.13,7.21,1.12,0.112,5210000.0,379630000.0,0.01372,1.96,2.38,1.12,-0.84,False,1.26,0.9450980392156864,False,False,False,True,0,光学光电子,1,3,False,False,A,3.3,0.0,0.0,"{'gap': 0.0, 'volume': 0.262, 'trend': 0.36, 'position': 0.2, 'sector': 0.0, 'continuity': 0.3}",27.5,"['竞价尾段走弱', '昨日炸板']",竞价涨幅 1.12% 超出区间
000722,湖南发展,10.0,14.26,14.2,-0.42,-0.042,2060000.0,379580000.0,0.00543,0.49,0.21,-0.42,-0.91,False,0.63,0.7874720357941832,True,False,False,False,0,电力,0,2,False,False,A,1.3,16.0,15.966666666666669,"{'gap': 0.0, 'volume': 0.0, 'trend': 0.348, 'position': 0.5, 'sector': 0.0, 'continuity': 0.3}",0.0,[],竞价涨幅 -0.42% 超出区间
600520,三佳科技,10.0,26.23,26.23,0.0,0.0,2570000.0,378310000.0,0.00679,0.99,0.99,0.0,-0.99,False,0.99,0.2975508077123502,False,False,False,False,0,专用设备,1,1,False,False,B,1.6,12.0,12.041844710786867,"{'gap': 0.0, 'volume': 0.0, 'trend': 0.335, 'position': 0.256, 'sector': 0.0, 'continuity': 0.3}",0.0,[],竞价涨幅 0.00% 超出区间
002244,滨江集团,10.0,8.23,8.13,-1.22,-0.122,2000000.0,378160000.0,0.00529,0.24,0.0,-1.22,-1.46,False,1.22,0.3596059113300496,False,False,False,False,0,房地产,0,4,False,False,B,1.3,0.0,0.0,"{'gap': 0.0, 'volume': 0.0, 'trend': 0.257, 'position': 0.101, 'sector': 0.0, 'continuity': 0.3}",12.5,['竞价尾段走弱'],竞价涨幅 -1.22% 超出区间
603138,海量数据,10.0,15.57,15.99,2.7,0.27,22020000.0,377860000.0,0.05828,10.02,9.18,2.7,-7.32,False,6.49,1.0,True,True,True,False,1,软件开发,2,2,False,False,A,14.0,0.0,0.0,"{'gap': 0.467, 'volume': 0.0, 'trend': 0.0, 'position': 0.8, 'sector': 0.55, 'continuity': 0.85}",42.5,"['竞价尾段走弱', '高位极端放量']",竞价量能 5.83%(量比≈14.0) 超出区间
300868,杰美特,20.0,92.6,92.7,0.11,0.005,2000000.0,376860000.0,0.00531,0.01,0.11,0.11,0.1,True,0.0,0.2878951927241229,False,False,False,False,0,消费电子,0,1,False,False,B,1.3,18.9,18.87059693951206,"{'gap': 0.0, 'volume': 0.0, 'trend': 0.658, 'position': 0.28, 'sector': 0.0, 'continuity': 0.3}",0.0,[],竞价涨幅 0.11% 超出区间
301015,百洋医药,20.0,25.55,25.59,0.16,0.008,2120000.0,376300000.0,0.00563,1.6,1.6,0.16,-1.45,False,1.45,0.796319018404908,False,False,False,False,0,医药商业,0,2,False,False,A,1.4,0.0,0.0,"{'gap': 0.0, 'volume': 0.0, 'trend': 0.379, 'position': 0.2, 'sector': 0.0, 'continuity': 0.3}",12.5,['竞价尾段走弱'],竞价涨幅 0.16% 超出区间
301629,矽电股份,20.0,285.91,288.89,1.04,0.052,950000.0,376100000.0,0.00253,1.4,1.4,1.04,-0.35,False,0.35,0.3314847161572054,False,False,False,False,0,半导体,7,4,False,False,B,0.6,28.5,28.485989810771468,"{'gap': 0.0, 'volume': 0.0, 'trend': 0.471, 'position': 0.171, 'sector': 1.0, 'continuity': 0.3}",0.0,[],竞价涨幅 1.04% 超出区间
300943,春晖智控,20.0,33.99,34.2,0.62,0.031,1590000.0,375770000.0,0.00423,0.82,0.82,0.62,-0.21,False,0.21,0.4620170268500328,False,False,False,False,0,通用设备,1,3,False,False,A,1.0,11.2,11.15,"{'gap': 0.0, 'volume': 0.0, 'trend': 0.482, 'position': 0.0, 'sector': 0.0, 'continuity': 0.3}",0.0,[],竞价涨幅 0.62% 超出区间
603867,新化股份,10.0,32.5,32.9,1.23,0.123,1210000.0,375500000.0,0.00322,0.09,0.12,1.23,1.14,True,-1.11,0.5600676818950929,True,False,False,False,0,化学制品,2,3,False,False,A,0.8,34.1,34.050000000000004,"{'gap': 0.0, 'volume': 0.0, 'trend': 0.84, 'position': 0.5, 'sector': 0.55, 'continuity': 0.3}",0.0,[],竞价涨幅 1.23% 超出区间
688600,皖仪科技,20.0,37.1,36.84,-0.7,-0.035,3350000.0,375280000.0,0.00893,-2.67,-2.67,-0.7,1.97,True,-1.97,1.0,True,False,False,False,0,通用设备,1,3,False,False,A,2.1,22.3,22.28333333333334,"{'gap': 0.0, 'volume': 0.0, 'trend': 0.814, 'position': 0.3, 'sector': 0.0, 'continuity': 0.3}",0.0,[],竞价涨幅 -0.70% 超出区间
603065,宿迁联盛,10.0,14.27,14.26,-0.07,-0.007,1900000.0,369780000.0,0.00514,-1.89,-1.89,-0.07,1.82,True,-1.82,0.14007421150278293,False,False,False,False,0,化学制品,2,3,False,False,B,1.2,38.6,38.56388373531231,"{'gap': 0.0, 'volume': 0.0, 'trend': 0.953, 'position': 0.65, 'sector': 0.55, 'continuity': 0.3}",0.0,[],竞价涨幅 -0.07% 超出区间
601369,陕鼓动力,10.0,9.02,8.83,-2.11,-0.211,15960000.0,367790000.0,0.04339,-3.77,-3.33,-2.11,1.66,True,-1.22,0.5479452054794517,False,False,False,True,0,专用设备,1,1,False,False,A,10.4,5.0,5.033333333333335,"{'gap': 0.0, 'volume': 0.0, 'trend': 0.927, 'position': 0.0, 'sector': 0.0, 'continuity': 0.3}",15.0,['昨日炸板'],竞价涨幅 -2.11% 超出区间
002470,金正大,10.0,2.12,2.09,-1.42,-0.142,1920000.0,367740000.0,0.00522,-0.47,-0.94,-1.42,-0.94,False,0.47,0.3265306122448981,False,False,False,False,0,农化制品,0,0,False,False,B,1.3,11.1,11.121768707482989,"{'gap': 0.0, 'volume': 0.0, 'trend': 0.343, 'position': 0.184, 'sector': 0.0, 'continuity': 0.3}",0.0,[],竞价涨幅 -1.42% 超出区间
300642,透景生命,20.0,16.96,18.17,7.13,0.357,9750000.0,367460000.0,0.02653,4.36,5.25,7.13,2.77,True,-1.89,0.628696604600219,False,False,False,False,0,医疗器械,0,0,False,False,A,6.4,44.2,44.21591645415032,"{'gap': 0.0, 'volume': 0.884, 'trend': 0.881, 'position': 0.2, 'sector': 0.0, 'continuity': 0.3}",0.0,[],竞价涨幅 7.13% 超出区间
688516,奥特维,20.0,45.06,45.24,0.4,0.02,1790000.0,367100000.0,0.00488,-0.16,-0.13,0.4,0.55,True,-0.53,0.39440078585461696,False,False,False,False,0,光伏设备,0,1,False,False,B,1.2,15.6,15.626637197118532,"{'gap': 0.0, 'volume': 0.0, 'trend': 0.696, 'position': 0.014, 'sector': 0.0, 'continuity': 0.3}",0.0,[],竞价涨幅 0.40% 超出区间
000410,沈阳机床,10.0,5.57,5.3,-4.85,-0.485,18270000.0,366850000.0,0.0498,-1.62,-3.05,-4.85,-3.23,False,1.8,0.8633093525179859,False,False,True,False,1,通用设备,1,3,False,False,A,12.0,0.0,0.0,"{'gap': 0.0, 'volume': 0.0, 'trend': 0.0, 'position': 0.2, 'sector': 0.0, 'continuity': 0.85}",12.5,['竞价尾段走弱'],竞价涨幅 -4.85% 超出区间
002632,道明光学,10.0,9.54,9.6,0.63,0.063,2880000.0,366760000.0,0.00785,0.63,0.63,0.63,0.0,True,0.0,0.6476510067114091,False,False,False,False,0,塑料制品,0,1,False,False,A,1.9,17.5,17.5,"{'gap': 0.0, 'volume': 0.0, 'trend': 0.65, 'position': 0.2, 'sector': 0.0, 'continuity': 0.3}",0.0,[],竞价涨幅 0.63% 超出区间
002990,盛视科技,10.0,50.32,50.96,1.27,0.127,3420000.0,366570000.0,0.00933,0.18,0.18,1.27,1.09,True,-1.09,0.30455868089233756,True,True,False,False,0,计算机设备,0,1,False,False,A,2.2,30.1,30.133333333333333,"{'gap': 0.0, 'volume': 0.0, 'trend': 0.832, 'position': 0.8, 'sector': 0.0, 'continuity': 0.3}",0.0,[],竞价涨幅 1.27% 超出区间
300368,汇金股份,20.0,9.24,9.36,1.3,0.065,4580000.0,366410000.0,0.0125,-0.43,-2.27,1.3,1.73,False,-3.57,0.7202797202797206,False,False,False,False,0,计算机设备,0,1,False,False,A,3.0,21.7,21.723627385406296,"{'gap': 0.0, 'volume': 0.174, 'trend': 0.644, 'position': 0.2, 'sector': 0.0, 'continuity': 0.3}",0.0,[],竞价涨幅 1.30% 超出区间
301008,宏昌科技,20.0,45.21,45.6,0.86,0.043,4370000.0,365320000.0,0.01196,0.86,0.86,0.86,0.0,True,0.0,0.9011948529411765,False,False,False,False,0,白色家电,0,0,False,False,A,2.9,20.8,20.798165324451425,"{'gap': 0.0, 'volume': 0.132, 'trend': 0.65, 'position': 0.2, 'sector': 0.0, 'continuity': 0.3}",0.0,[],竞价涨幅 0.86% 超出区间
301235,华康洁净,20.0,47.2,47.9,1.48,0.074,1820000.0,365210000.0,0.00498,3.56,0.0,1.48,-2.08,False,-1.48,0.32898415657036356,False,False,False,False,0,医疗服务,4,1,False,False,B,1.2,21.9,21.9464274619447,"{'gap': 0.0, 'volume': 0.0, 'trend': 0.327, 'position': 0.178, 'sector': 0.75, 'continuity': 0.3}",0.0,[],竞价涨幅 1.48% 超出区间
301369,联动科技,20.0,138.35,138.84,0.35,0.018,1470000.0,365110000.0,0.00403,1.93,2.64,0.35,-1.58,False,2.28,0.22039473684210517,False,False,False,False,0,半导体,7,4,False,False,B,1.0,18.1,18.101864035087722,"{'gap': 0.0, 'volume': 0.0, 'trend': 0.368, 'position': 0.449, 'sector': 1.0, 'continuity': 0.3}",12.5,['竞价尾段走弱'],竞价涨幅 0.35% 超出区间
002976,瑞玛精密,10.0,26.9,27.38,1.78,0.178,2840000.0,364890000.0,0.00778,0.04,0.07,1.78,1.75,True,-1.71,0.9908256880733943,True,False,False,False,0,汽车零部件,1,2,False,False,A,1.9,24.8,24.833333333333336,"{'gap': 0.0, 'volume': 0.0, 'trend': 0.942, 'position': 0.3, 'sector': 0.0, 'continuity': 0.3}",0.0,[],竞价涨幅 1.78% 超出区间
688628,优利德,20.0,80.41,79.69,-0.9,-0.045,690000.0,364680000.0,0.00189,-0.01,-0.51,-0.9,-0.88,False,0.39,0.5810535835405832,False,False,False,False,0,通用设备,1,3,False,False,A,0.5,13.0,13.033333333333333,"{'gap': 0.0, 'volume': 0.0, 'trend': 0.427, 'position': 0.2, 'sector': 0.0, 'continuity': 0.3}",0.0,[],竞价涨幅 -0.90% 超出区间
603386,骏亚科技,10.0,17.64,17.82,1.02,0.102,1300000.0,362750000.0,0.00358,-0.79,-0.79,1.02,1.81,True,-1.81,0.7407002188183807,True,False,False,False,0,元件,5,1,False,False,A,0.9,43.0,43.03333333333333,"{'gap': 0.0, 'volume': 0.0, 'trend': 0.952, 'position': 0.5, 'sector': 1.0, 'continuity': 0.3}",0.0,[],竞价涨幅 1.02% 超出区间
603407,长裕集团,10.0,58.58,58.58,0.0,0.0,2840000.0,362140000.0,0.00784,2.25,0.0,0.0,-2.25,False,0.0,0.1277808420665563,False,False,False,False,0,小金属,0,0,False,False,B,1.9,14.2,14.208218422504137,"{'gap': 0.0, 'volume': 0.0, 'trend': 0.125, 'position': 0.681, 'sector': 0.0, 'continuity': 0.3}",0.0,[],竞价涨幅 0.00% 超出区间
603270,金帝股份,10.0,36.83,36.82,-0.03,-0.003,1020000.0,362120000.0,0.00282,1.0,0.0,-0.03,-1.03,False,0.03,1.0,True,False,False,False,0,通用设备,1,3,False,False,A,0.7,12.6,12.566666666666668,"{'gap': 0.0, 'volume': 0.0, 'trend': 0.328, 'position': 0.3, 'sector': 0.0, 'continuity': 0.3}",0.0,[],竞价涨幅 -0.03% 超出区间
002418,康盛股份,10.0,4.67,4.67,0.0,0.0,1330000.0,361340000.0,0.00368,-0.21,-0.86,0.0,0.21,False,-0.86,0.5762081784386618,False,False,False,False,0,白色家电,0,0,False,False,A,0.9,15.2,15.200000000000003,"{'gap': 0.0, 'volume': 0.0, 'trend': 0.535, 'position': 0.2, 'sector': 0.0, 'continuity': 0.3}",0.0,[],竞价涨幅 0.00% 超出区间
603669,灵康药业,10.0,5.58,5.57,-0.18,-0.018,1140000.0,360760000.0,0.00316,0.18,0.18,-0.18,-0.36,False,0.36,0.194267515923567,False,False,False,False,0,化学制药,0,0,False,False,B,0.8,18.0,18.01496815286624,"{'gap': 0.0, 'volume': 0.0, 'trend': 0.44, 'position': 0.514, 'sector': 0.0, 'continuity': 0.3}",0.0,[],竞价涨幅 -0.18% 超出区间
300683,海特生物,20.0,25.07,25.1,0.12,0.006,3590000.0,360330000.0,0.00996,14.36,0.52,0.12,-14.24,False,0.4,0.2873134328358208,False,False,False,False,0,医疗服务,4,1,False,False,B,2.4,17.0,16.97574626865672,"{'gap': 0.0, 'volume': 0.0, 'trend': 0.0, 'position': 0.282, 'sector': 0.75, 'continuity': 0.3}",0.0,[],竞价涨幅 0.12% 超出区间
600237,铜峰电子,10.0,9.45,9.51,0.63,0.063,1900000.0,359470000.0,0.00529,0.32,0.32,0.63,0.32,True,-0.32,0.29528158295281576,True,False,False,False,0,元件,5,1,False,False,B,1.3,37.5,37.49360730593608,"{'gap': 0.0, 'volume': 0.0, 'trend': 0.703, 'position': 0.462, 'sector': 1.0, 'continuity': 0.3}",0.0,[],竞价涨幅 0.63% 超出区间
688206,概伦电子,20.0,39.44,37.94,-3.8,-0.19,5860000.0,358870000.0,0.01633,-2.13,-2.38,-3.8,-1.67,False,1.42,0.39383102369244516,False,False,False,False,0,软件开发,2,2,True,False,B,3.9,15.3,15.345579473427406,"{'gap': 0.0, 'volume': 0.426, 'trend': 0.361, 'position': 0.015, 'sector': 0.55, 'continuity': 0.3}",12.5,['竞价尾段走弱'],隔夜公告黑名单
600228,返利科技,10.0,11.58,11.58,0.0,0.0,1820000.0,358810000.0,0.00507,0.0,0.0,0.0,0.0,True,0.0,1.0,True,False,False,False,0,文化传媒,3,3,False,False,A,1.2,31.0,31.0,"{'gap': 0.0, 'volume': 0.0, 'trend': 0.65, 'position': 0.3, 'sector': 0.8, 'continuity': 0.3}",0.0,[],竞价涨幅 0.00% 超出区间
688227,品高股份,20.0,77.61,77.24,-0.48,-0.024,630000.0,358450000.0,0.00176,2.76,0.0,-0.48,-3.23,False,0.48,0.34718826405867964,False,False,False,False,0,IT服务,0,0,False,False,B,0.4,8.1,8.097106764466181,"{'gap': 0.0, 'volume': 0.0, 'trend': 0.231, 'position': 0.132, 'sector': 0.0, 'continuity': 0.3}",0.0,[],竞价涨幅 -0.48% 超出区间
002927,泰永长征,10.0,19.45,19.88,2.21,0.221,3900000.0,358430000.0,0.01088,0.0,-0.82,2.21,2.21,False,-3.03,1.0,True,False,False,False,0,电网设备,1,6,False,False,A,2.6,27.2,27.231439039869247,"{'gap': 0.14, 'volume': 0.043, 'trend': 0.868, 'position': 0.3, 'sector': 0.0, 'continuity': 0.3}",0.0,[],
300563,神宇股份,20.0,27.02,26.8,-0.81,-0.041,4590000.0,357920000.0,0.01282,0.63,-1.52,-0.81,-1.44,False,-0.7,0.6870669745958429,True,False,False,False,0,通信设备,2,2,False,False,A,3.1,29.8,29.786811141893704,"{'gap': 0.0, 'volume': 0.197, 'trend': 0.38, 'position': 0.5, 'sector': 0.55, 'continuity': 0.3}",0.0,[],竞价涨幅 -0.81% 超出区间
301191,菲菱科思,20.0,88.18,88.21,0.03,0.002,1440000.0,357400000.0,0.00403,0.0,-0.2,0.03,0.03,False,-0.24,0.1393126263554496,False,False,False,False,0,通信设备,2,2,False,False,B,1.0,29.6,29.575776511670643,"{'gap': 0.0, 'volume': 0.0, 'trend': 0.502, 'position': 0.652, 'sector': 0.55, 'continuity': 0.3}",0.0,[],竞价涨幅 0.03% 超出区间
300427,红相股份,20.0,6.94,7.03,1.3,0.065,2760000.0,357050000.0,0.00773,1.59,1.3,1.3,-0.29,False,0.0,0.828729281767956,False,False,False,False,0,电网设备,1,6,False,False,A,1.9,14.0,14.016666666666666,"{'gap': 0.0, 'volume': 0.0, 'trend': 0.476, 'position': 0.2, 'sector': 0.0, 'continuity': 0.3}",0.0,[],竞价涨幅 1.30% 超出区间
688720,艾森股份,20.0,67.68,68.57,1.32,0.066,1840000.0,355610000.0,0.00517,1.65,0.47,1.32,-0.34,False,-0.84,0.3284930051354703,False,True,False,False,0,半导体,7,4,False,False,A,1.2,33.4,33.43333333333334,"{'gap': 0.0, 'volume': 0.0, 'trend': 0.472, 'position': 0.5, 'sector': 1.0, 'continuity': 0.3}",0.0,[],竞价涨幅 1.32% 超出区间
002846,英联股份,10.0,11.85,11.78,-0.59,-0.059,2660000.0,353280000.0,0.00753,1.77,1.18,-0.59,-2.36,False,1.77,0.7599999999999999,True,False,False,False,0,包装印刷,1,1,False,False,A,1.8,0.0,0.0,"{'gap': 0.0, 'volume': 0.0, 'trend': 0.107, 'position': 0.5, 'sector': 0.0, 'continuity': 0.3}",12.5,['竞价尾段走弱'],竞价涨幅 -0.59% 超出区间
688248,南网科技,20.0,55.24,56.23,1.79,0.09,2530000.0,350480000.0,0.00722,0.0,0.0,1.79,1.79,True,-1.79,0.55090206185567,True,True,False,False,0,电力,0,2,False,False,A,1.7,32.5,32.483333333333334,"{'gap': 0.0, 'volume': 0.0, 'trend': 0.799, 'position': 1.0, 'sector': 0.0, 'continuity': 0.3}",0.0,[],竞价涨幅 1.79% 超出区间
300061,旗天科技,20.0,6.9,6.83,-1.01,-0.051,2810000.0,349710000.0,0.00804,-1.45,-1.16,-1.01,0.43,True,-0.14,0.601036269430052,False,False,False,False,0,文化传媒,3,3,False,False,A,1.9,30.2,30.21666666666667,"{'gap': 0.0, 'volume': 0.0, 'trend': 0.686, 'position': 0.2, 'sector': 0.8, 'continuity': 0.3}",0.0,[],竞价涨幅 -1.01% 超出区间
301607,富特科技,20.0,44.47,44.44,-0.07,-0.003,1060000.0,349570000.0,0.00303,0.02,0.02,-0.07,-0.09,False,0.09,0.5106221547799696,True,False,False,False,0,汽车零部件,1,2,False,False,A,0.7,15.9,15.850000000000003,"{'gap': 0.0, 'volume': 0.0, 'trend': 0.492, 'position': 0.3, 'sector': 0.0, 'continuity': 0.3}",0.0,[],竞价涨幅 -0.07% 超出区间
605580,恒盛能源,10.0,22.7,22.65,-0.22,-0.022,2140000.0,349170000.0,0.00613,0.44,0.0,-0.22,-0.66,False,0.22,0.506357516828721,False,False,False,False,0,电力,0,2,False,False,A,1.5,9.3,9.3,"{'gap': 0.0, 'volume': 0.0, 'trend': 0.39, 'position': 0.0, 'sector': 0.0, 'continuity': 0.3}",0.0,[],竞价涨幅 -0.22% 超出区间
002029,七 匹 狼,10.0,9.0,9.25,2.78,0.278,19550000.0,348950000.0,0.05603,10.0,9.89,2.78,-7.22,False,7.11,0.8597285067873301,False,False,True,False,1,服装家纺,0,4,False,False,A,13.4,5.1,5.149999999999995,"{'gap': 0.52, 'volume': 0.0, 'trend': 0.0, 'position': 0.2, 'sector': 0.0, 'continuity': 0.85}",12.5,['竞价尾段走弱'],竞价量能 5.60%(量比≈13.4) 超出区间
000710,贝瑞基因,10.0,9.05,9.29,2.65,0.265,18220000.0,348200000.0,0.05233,10.06,3.76,2.65,-7.4,False,1.1,0.5609756097560976,False,False,False,True,0,医疗服务,4,1,False,False,A,12.6,9.4,9.416666666666664,"{'gap': 0.433, 'volume': 0.0, 'trend': 0.0, 'position': 0.2, 'sector': 0.75, 'continuity': 0.3}",15.0,['昨日炸板'],竞价量能 5.23%(量比≈12.6) 超出区间
920087,秋乐种业,30.0,16.03,15.55,-2.99,-0.1,3522900.0,348042800.0,0.01012,-4.55,-2.99,-2.99,1.56,True,0.0,0.5768930523028885,False,False,False,False,0,种植业与林业,0,0,False,False,A,2.4,19.2,19.233333333333334,"{'gap': 0.0, 'volume': 0.0, 'trend': 0.737, 'position': 0.2, 'sector': 0.0, 'continuity': 0.3}",0.0,[],竞价涨幅 -2.99% 超出区间
603686,福龙马,10.0,15.47,16.85,8.92,0.892,43950000.0,347760000.0,0.12638,10.02,10.02,8.92,-1.1,False,1.1,1.0,True,True,True,False,1,环境治理,0,1,False,False,A,30.3,0.0,0.0,"{'gap': 0.0, 'volume': 0.0, 'trend': 0.317, 'position': 0.8, 'sector': 0.0, 'continuity': 0.85}",30.0,['高位极端放量'],竞价涨幅 8.92% 超出区间
603421,鼎信通讯,10.0,6.93,6.86,-1.01,-0.101,4080000.0,345920000.0,0.01179,1.01,-1.59,-1.01,-2.02,False,-0.58,0.6175438596491228,True,False,False,False,0,通信设备,2,2,False,False,A,2.8,23.5,23.476995767381624,"{'gap': 0.0, 'volume': 0.118, 'trend': 0.163, 'position': 0.5, 'sector': 0.55, 'continuity': 0.3}",0.0,[],竞价涨幅 -1.01% 超出区间
300873,海晨股份,20.0,16.58,16.82,1.45,0.072,5050000.0,343960000.0,0.01468,1.03,1.03,1.45,0.42,True,-0.42,0.14221556886227532,False,False,False,False,0,物流,0,1,False,False,B,3.5,33.0,33.0008353200692,"{'gap': 0.0, 'volume': 0.325, 'trend': 0.685, 'position': 0.644, 'sector': 0.0, 'continuity': 0.3}",0.0,[],竞价涨幅 1.45% 超出区间
603336,宏辉果蔬,10.0,10.36,10.3,-0.58,-0.058,1000000.0,342270000.0,0.00292,0.0,0.0,-0.58,-0.58,False,0.58,0.9902597402597398,True,False,False,False,0,种植业与林业,0,0,False,False,A,0.7,14.1,14.066666666666666,"{'gap': 0.0, 'volume': 0.0, 'trend': 0.403, 'position': 0.3, 'sector': 0.0, 'continuity': 0.3}",0.0,[],竞价涨幅 -0.58% 超出区间
688757,胜科纳米,20.0,31.41,31.66,0.8,0.04,3540000.0,342250000.0,0.01034,0.0,0.6,0.8,0.8,True,-0.19,0.1183132530120482,True,False,False,False,0,其他社会服务,0,0,False,False,B,2.5,29.4,29.396586345381525,"{'gap': 0.0, 'volume': 0.0, 'trend': 0.717, 'position': 0.904, 'sector': 0.0, 'continuity': 0.3}",0.0,[],竞价涨幅 0.80% 超出区间
300634,彩讯股份,20.0,20.44,21.49,5.14,0.257,14660000.0,341940000.0,0.04287,2.74,4.65,5.14,2.4,True,-0.49,0.6764705882352943,False,True,False,False,0,IT服务,0,0,False,False,A,10.3,29.0,29.000000000000004,"{'gap': 0.0, 'volume': 0.0, 'trend': 0.85, 'position': 0.7, 'sector': 0.0, 'continuity': 0.3}",0.0,[],竞价涨幅 5.14% 超出区间
301630,同宇新材,20.0,203.16,205.0,0.91,0.045,3300000.0,341830000.0,0.00965,0.91,0.91,0.91,0.0,True,0.0,0.5654585798816568,True,False,False,False,0,电子化学品,3,0,False,False,A,2.3,29.5,29.500000000000004,"{'gap': 0.0, 'volume': 0.0, 'trend': 0.65, 'position': 0.5, 'sector': 0.5, 'continuity': 0.3}",0.0,[],竞价涨幅 0.91% 超出区间
301591,肯特股份,20.0,44.43,44.6,0.38,0.019,3490000.0,341490000.0,0.01022,-18.97,-0.74,0.38,19.36,True,-1.13,0.6011595971925542,False,False,False,False,0,塑料制品,0,1,False,False,A,2.5,24.5,24.5,"{'gap': 0.0, 'volume': 0.0, 'trend': 1.0, 'position': 0.2, 'sector': 0.0, 'continuity': 0.3}",0.0,[],竞价涨幅 0.38% 超出区间
002442,龙星科技,10.0,5.61,5.59,-0.36,-0.036,3620000.0,337930000.0,0.01071,0.89,0.18,-0.36,-1.25,False,0.53,0.906474820143885,True,False,False,False,0,橡胶制品,0,0,False,False,A,2.6,15.5,15.526468879036932,"{'gap': 0.0, 'volume': 0.028, 'trend': 0.292, 'position': 0.5, 'sector': 0.0, 'continuity': 0.3}",0.0,[],竞价涨幅 -0.36% 超出区间
600719,大连热电,10.0,8.42,8.34,-0.95,-0.095,7550000.0,336250000.0,0.02245,3.09,0.95,-0.95,-4.04,False,1.9,1.0,True,False,True,False,1,电力,0,2,False,False,A,5.4,14.4,14.408649403715351,"{'gap': 0.0, 'volume': 0.726, 'trend': 0.0, 'position': 0.3, 'sector': 0.0, 'continuity': 0.85}",12.5,['竞价尾段走弱'],竞价涨幅 -0.95% 超出区间
300461,田中精机,20.0,33.25,33.43,0.54,0.027,1210000.0,336080000.0,0.0036,0.81,0.81,0.54,-0.27,False,0.27,0.46375739644970415,False,False,False,False,0,自动化设备,3,0,False,False,A,0.9,18.6,18.55,"{'gap': 0.0, 'volume': 0.0, 'trend': 0.477, 'position': 0.0, 'sector': 0.5, 'continuity': 0.3}",0.0,[],竞价涨幅 0.54% 超出区间
603120,肯特催化,10.0,59.21,60.43,2.06,0.206,7110000.0,336040000.0,0.02116,9.64,4.59,2.06,-7.58,False,2.53,0.9411466260781332,True,True,True,False,1,化学制品,2,3,False,False,A,5.1,32.6,32.56214011088361,"{'gap': 0.04, 'volume': 0.67, 'trend': 0.0, 'position': 1.0, 'sector': 0.55, 'continuity': 0.85}",12.5,['竞价尾段走弱'],假涨停撤单
300221,银禧科技,20.0,14.14,14.18,0.28,0.014,1140000.0,335440000.0,0.0034,-0.28,-0.57,0.28,0.57,False,-0.85,0.5236768802228413,True,False,False,False,0,塑料制品,0,1,False,False,A,0.8,16.9,16.95,"{'gap': 0.0, 'volume': 0.0, 'trend': 0.547, 'position': 0.3, 'sector': 0.0, 'continuity': 0.3}",0.0,[],竞价涨幅 0.28% 超出区间
688484,南芯科技,20.0,34.93,35.05,0.34,0.017,280000.0,335150000.0,0.00084,0.34,0.43,0.34,0.0,False,0.09,0.12641815235008105,False,False,False,False,0,半导体,7,4,False,False,B,0.2,36.8,36.759319286871964,"{'gap': 0.0, 'volume': 0.0, 'trend': 0.5, 'position': 0.684, 'sector': 1.0, 'continuity': 0.3}",0.0,[],竞价涨幅 0.34% 超出区间
300129,泰胜风能,20.0,7.71,7.69,-0.26,-0.013,1820000.0,334400000.0,0.00544,-0.78,-0.52,-0.26,0.52,True,-0.26,0.18662952646239547,True,False,False,False,0,风电设备,0,1,False,False,B,1.3,26.4,26.36805942432684,"{'gap': 0.0, 'volume': 0.0, 'trend': 0.693, 'position': 0.733, 'sector': 0.0, 'continuity': 0.3}",0.0,[],竞价涨幅 -0.26% 超出区间
603051,鹿山新材,10.0,25.67,25.66,-0.04,-0.004,1810000.0,334070000.0,0.00542,-0.04,-1.32,-0.04,0.0,False,-1.29,1.0,True,False,False,False,0,化学制品,2,3,False,False,A,1.3,24.3,24.250000000000004,"{'gap': 0.0, 'volume': 0.0, 'trend': 0.5, 'position': 0.3, 'sector': 0.55, 'continuity': 0.3}",0.0,[],竞价涨幅 -0.04% 超出区间
300265,通光线缆,20.0,13.83,13.99,1.16,0.058,1340000.0,333150000.0,0.00402,1.16,1.01,1.16,0.0,False,-0.14,0.17270531400966183,False,False,False,False,0,电网设备,1,6,False,False,B,1.0,20.0,20.023550724637683,"{'gap': 0.0, 'volume': 0.0, 'trend': 0.5, 'position': 0.568, 'sector': 0.0, 'continuity': 0.3}",0.0,[],竞价涨幅 1.16% 超出区间
000779,甘咨询,10.0,8.84,8.81,-0.34,-0.034,1360000.0,332460000.0,0.00409,-0.45,-0.45,-0.34,0.11,True,-0.11,0.1669218989280245,False,False,False,False,0,建筑装饰,0,3,False,False,B,1.0,23.6,23.60709545686575,"{'gap': 0.0, 'volume': 0.0, 'trend': 0.668, 'position': 0.583, 'sector': 0.0, 'continuity': 0.3}",0.0,[],竞价涨幅 -0.34% 超出区间
301421,波长光电,20.0,81.4,81.0,-0.49,-0.025,1050000.0,332070000.0,0.00316,2.46,1.97,-0.49,-2.95,False,2.46,0.36609572594845535,False,False,False,False,0,光学光电子,1,3,False,False,B,0.8,0.0,0.0,"{'gap': 0.0, 'volume': 0.0, 'trend': 0.254, 'position': 0.085, 'sector': 0.0, 'continuity': 0.3}",12.5,['竞价尾段走弱'],竞价涨幅 -0.49% 超出区间
001212,中旗新材,10.0,37.98,37.78,-0.53,-0.053,7280000.0,332050000.0,0.02192,-0.79,-0.61,-0.53,0.26,True,-0.08,0.43509615384615363,True,False,True,False,1,建筑材料,1,1,False,False,A,5.3,40.2,40.21152189218029,"{'gap': 0.0, 'volume': 0.704, 'trend': 0.693, 'position': 0.3, 'sector': 0.0, 'continuity': 0.85}",0.0,[],竞价涨幅 -0.53% 超出区间
002095,生 意 宝,10.0,16.16,16.62,2.85,0.285,5540000.0,331440000.0,0.01671,0.8,1.86,2.85,2.04,True,-0.99,0.8957816377171219,True,False,False,False,0,文化传媒,3,3,False,False,A,4.0,63.3,63.32375497297894,"{'gap': 0.567, 'volume': 0.448, 'trend': 0.99, 'position': 0.5, 'sector': 0.8, 'continuity': 0.3}",0.0,[],
300457,赢合科技,20.0,22.17,21.95,-0.99,-0.05,1540000.0,330000000.0,0.00467,1.04,-0.5,-0.99,-2.03,False,0.5,1.0,False,False,False,False,0,电池,0,1,False,False,A,1.1,8.1,8.116666666666667,"{'gap': 0.0, 'volume': 0.0, 'trend': 0.331, 'position': 0.0, 'sector': 0.0, 'continuity': 0.3}",0.0,[],竞价涨幅 -0.99% 超出区间
301292,海科新源,20.0,61.49,61.98,0.8,0.04,800000.0,329310000.0,0.00243,0.8,1.17,0.8,0.0,False,0.37,0.3717662088789525,False,False,False,False,0,电池,0,1,False,False,B,0.6,12.6,12.558767167039282,"{'gap': 0.0, 'volume': 0.0, 'trend': 0.5, 'position': 0.071, 'sector': 0.0, 'continuity': 0.3}",0.0,[],竞价涨幅 0.80% 超出区间
300895,铜牛信息,20.0,56.46,57.0,0.96,0.048,2100000.0,328790000.0,0.00639,2.36,1.84,0.96,-1.4,False,0.89,0.7507471607890017,True,False,False,False,0,通信服务,0,0,False,False,A,1.5,16.7,16.666666666666668,"{'gap': 0.0, 'volume': 0.0, 'trend': 0.383, 'position': 0.5, 'sector': 0.0, 'continuity': 0.3}",0.0,[],竞价涨幅 0.96% 超出区间
300756,金马游乐,20.0,33.05,34.05,3.03,0.151,1150000.0,328450000.0,0.0035,0.0,0.0,3.03,3.03,True,-3.03,0.9499467518636842,True,True,False,False,0,专用设备,1,1,False,False,A,0.8,48.3,48.28333333333333,"{'gap': 0.687, 'volume': 0.0, 'trend': 0.902, 'position': 1.0, 'sector': 0.0, 'continuity': 0.3}",0.0,[],竞价量能 0.35%(量比≈0.8) 超出区间
300505,川金诺,20.0,19.28,19.2,-0.41,-0.021,1850000.0,327330000.0,0.00565,-0.16,-0.41,-0.41,-0.26,False,0.0,0.2854291417165668,False,False,False,False,0,农化制品,0,0,False,False,B,1.4,15.4,15.363073852295411,"{'gap': 0.0, 'volume': 0.0, 'trend': 0.478, 'position': 0.286, 'sector': 0.0, 'continuity': 0.3}",0.0,[],竞价涨幅 -0.41% 超出区间
600630,龙头股份,10.0,8.29,9.12,10.01,1.001,31980000.0,327030000.0,0.09779,10.01,10.01,10.01,0.0,True,0.0,0.4904458598726113,True,True,True,False,2,服装家纺,0,4,False,True,A,23.5,30.0,30.0,"{'gap': 0.0, 'volume': 0.0, 'trend': 0.65, 'position': 0.8, 'sector': 0.0, 'continuity': 1.0}",0.0,[],一字板（买不进）
300358,楚天科技,20.0,8.62,8.69,0.81,0.041,2300000.0,326960000.0,0.00703,0.0,1.51,0.81,0.81,False,0.7,0.5952380952380945,False,False,False,False,0,医疗器械,0,0,False,False,A,1.7,15.9,15.850000000000003,"{'gap': 0.0, 'volume': 0.0, 'trend': 0.568, 'position': 0.2, 'sector': 0.0, 'continuity': 0.3}",0.0,[],竞价涨幅 0.81% 超出区间
001378,德冠新材,10.0,23.57,23.68,0.47,0.047,3080000.0,325660000.0,0.00946,1.36,1.74,0.47,-0.89,False,1.27,1.0,True,False,False,False,0,塑料制品,0,1,False,False,A,2.3,0.5,0.533333333333335,"{'gap': 0.0, 'volume': 0.0, 'trend': 0.352, 'position': 0.3, 'sector': 0.0, 'continuity': 0.3}",12.5,['竞价尾段走弱'],竞价涨幅 0.47% 超出区间
605507,国邦医药,10.0,18.17,18.3,0.72,0.072,2650000.0,324370000.0,0.00817,1.05,1.05,0.72,-0.33,False,0.33,1.0,True,False,False,False,0,化学制药,0,0,False,False,A,2.0,14.9,14.900000000000002,"{'gap': 0.0, 'volume': 0.0, 'trend': 0.445, 'position': 0.3, 'sector': 0.0, 'continuity': 0.3}",0.0,[],竞价涨幅 0.72% 超出区间
300537,广信材料,20.0,21.72,21.55,-0.78,-0.039,1460000.0,320970000.0,0.00455,-1.01,-0.97,-0.78,0.23,True,-0.18,0.2734584450402143,True,False,False,False,0,电子化学品,3,0,False,False,B,1.1,30.1,30.1286416443253,"{'gap': 0.0, 'volume': 0.0, 'trend': 0.669, 'position': 0.516, 'sector': 0.5, 'continuity': 0.3}",0.0,[],竞价涨幅 -0.78% 超出区间
002803,吉宏股份,10.0,20.49,20.6,0.54,0.054,1780000.0,320560000.0,0.00555,0.0,0.0,0.54,0.54,True,-0.54,0.33260393873085325,False,False,False,False,0,互联网电商,0,0,False,False,B,1.3,18.8,18.827352297593002,"{'gap': 0.0, 'volume': 0.0, 'trend': 0.74, 'position': 0.168, 'sector': 0.0, 'continuity': 0.3}",0.0,[],竞价涨幅 0.54% 超出区间
000713,国投丰乐,10.0,6.53,6.47,-0.92,-0.092,2020000.0,320450000.0,0.0063,-1.84,-1.53,-0.92,0.92,True,-0.61,0.6517412935323383,False,False,False,False,0,种植业与林业,0,0,False,False,A,1.5,20.6,20.566666666666666,"{'gap': 0.0, 'volume': 0.0, 'trend': 0.803, 'position': 0.2, 'sector': 0.0, 'continuity': 0.3}",0.0,[],竞价涨幅 -0.92% 超出区间
301531,春光集团,20.0,54.87,54.94,0.13,0.006,2760000.0,318820000.0,0.00866,-0.07,0.0,0.13,0.2,True,-0.13,0.37340392401121136,False,False,False,False,0,金属新材料,0,0,False,False,B,2.1,15.8,15.830686182912912,"{'gap': 0.0, 'volume': 0.0, 'trend': 0.667, 'position': 0.066, 'sector': 0.0, 'continuity': 0.3}",0.0,[],竞价涨幅 0.13% 超出区间
000505,京粮控股,10.0,6.71,6.73,0.3,0.03,1120000.0,316210000.0,0.00354,0.75,0.75,0.3,-0.45,False,0.45,0.5773195876288658,False,False,False,False,0,农产品加工,0,1,False,False,A,0.8,13.0,13.0,"{'gap': 0.0, 'volume': 0.0, 'trend': 0.425, 'position': 0.2, 'sector': 0.0, 'continuity': 0.3}",0.0,[],竞价涨幅 0.30% 超出区间
301232,飞沃科技,20.0,93.1,93.6,0.54,0.027,1220000.0,316110000.0,0.00386,0.09,0.25,0.54,0.45,True,-0.29,0.040474905558553695,False,False,False,False,0,风电设备,0,1,False,False,B,0.9,28.7,28.732191041554238,"{'gap': 0.0, 'volume': 0.0, 'trend': 0.688, 'position': 0.899, 'sector': 0.0, 'continuity': 0.3}",0.0,[],竞价涨幅 0.54% 超出区间
002589,瑞康医药,10.0,3.27,3.36,2.75,0.275,17650000.0,314030000.0,0.0562,10.09,7.95,2.75,-7.34,False,5.2,0.648,False,False,True,False,1,医药商业,0,2,False,False,A,13.5,4.8,4.75,"{'gap': 0.5, 'volume': 0.0, 'trend': 0.0, 'position': 0.2, 'sector': 0.0, 'continuity': 0.85}",12.5,['竞价尾段走弱'],竞价量能 5.62%(量比≈13.5) 超出区间
300424,航新科技,20.0,16.09,15.0,-6.77,-0.339,18350000.0,313470000.0,0.05854,0.68,-5.53,-6.77,-7.46,False,1.24,0.9206730769230765,True,False,False,False,0,军工装备,0,0,False,False,A,14.0,0.0,0.0,"{'gap': 0.0, 'volume': 0.0, 'trend': 0.0, 'position': 0.5, 'sector': 0.0, 'continuity': 0.3}",42.5,"['竞价尾段走弱', '高位极端放量']",竞价涨幅 -6.77% 超出区间
002623,亚玛顿,10.0,18.52,18.68,0.86,0.086,16050000.0,313270000.0,0.05123,5.02,3.56,0.86,-4.16,False,2.7,1.0,True,True,True,False,1,光伏设备,0,1,False,False,A,12.3,0.0,0.0,"{'gap': 0.0, 'volume': 0.0, 'trend': 0.0, 'position': 0.8, 'sector': 0.0, 'continuity': 0.85}",42.5,"['竞价尾段走弱', '高位极端放量']",竞价涨幅 0.86% 超出区间
688818,电科蓝天,20.0,43.1,43.38,0.65,0.032,1070000.0,313240000.0,0.00342,-0.23,0.23,0.65,0.88,True,-0.42,0.04685408299866131,False,False,False,False,0,军工装备,0,0,False,False,B,0.8,29.2,29.20963855421687,"{'gap': 0.0, 'volume': 0.0, 'trend': 0.723, 'position': 0.883, 'sector': 0.0, 'continuity': 0.3}",0.0,[],竞价涨幅 0.65% 超出区间
301182,凯旺科技,20.0,71.28,71.26,-0.03,-0.001,1930000.0,312300000.0,0.00618,0.0,0.0,-0.03,-0.03,False,0.03,0.41930088643585883,False,False,False,False,0,消费电子,0,1,False,False,A,1.5,11.5,11.450000000000001,"{'gap': 0.0, 'volume': 0.0, 'trend': 0.497, 'position': 0.0, 'sector': 0.0, 'continuity': 0.3}",0.0,[],竞价涨幅 -0.03% 超出区间
300816,艾可蓝,20.0,66.03,66.0,-0.05,-0.002,1110000.0,311990000.0,0.00356,-0.06,-0.06,-0.05,0.02,True,-0.02,0.7639117550214026,False,False,False,False,0,汽车零部件,1,2,False,False,A,0.9,17.5,17.533333333333335,"{'gap': 0.0, 'volume': 0.0, 'trend': 0.652, 'position': 0.2, 'sector': 0.0, 'continuity': 0.3}",0.0,[],竞价涨幅 -0.05% 超出区间
688691,灿芯股份,20.0,65.03,65.51,0.74,0.037,740000.0,310920000.0,0.00238,-0.05,-0.05,0.74,0.78,True,-0.78,0.14136654325143047,False,False,False,False,0,半导体,7,4,False,False,B,0.6,40.5,40.49875462807135,"{'gap': 0.0, 'volume': 0.0, 'trend': 0.715, 'position': 0.647, 'sector': 1.0, 'continuity': 0.3}",0.0,[],竞价涨幅 0.74% 超出区间
300589,江龙船艇,20.0,13.83,13.83,0.0,0.0,1940000.0,310710000.0,0.00624,-1.23,-1.01,0.0,1.23,True,-1.01,0.753731343283582,False,False,False,False,0,军工装备,0,0,False,False,A,1.5,19.6,19.55,"{'gap': 0.0, 'volume': 0.0, 'trend': 0.753, 'position': 0.2, 'sector': 0.0, 'continuity': 0.3}",0.0,[],竞价涨幅 0.00% 超出区间
000428,华天酒店,10.0,4.15,4.14,-0.24,-0.024,4150000.0,310490000.0,0.01337,0.96,-1.2,-0.24,-1.2,False,-0.96,0.4956140350877195,False,False,False,False,0,旅游及酒店,0,1,False,False,A,3.2,13.4,13.428109840887837,"{'gap': 0.0, 'volume': 0.237, 'trend': 0.3, 'position': 0.0, 'sector': 0.0, 'continuity': 0.3}",0.0,[],竞价涨幅 -0.24% 超出区间
301458,钧崴电子,20.0,39.59,39.88,0.73,0.037,1340000.0,310130000.0,0.00432,-0.53,-0.53,0.73,1.26,True,-1.26,0.2789453572793276,True,False,False,False,0,元件,5,1,False,False,B,1.0,39.1,39.139549102025214,"{'gap': 0.0, 'volume': 0.0, 'trend': 0.755, 'position': 0.503, 'sector': 1.0, 'continuity': 0.3}",0.0,[],竞价涨幅 0.73% 超出区间
000509,华塑控股,10.0,3.77,3.8,0.8,0.08,12100000.0,308790000.0,0.03919,2.12,2.65,0.8,-1.33,False,1.86,1.0,False,True,True,False,1,光学光电子,1,3,False,False,A,9.4,0.0,0.0,"{'gap': 0.0, 'volume': 0.893, 'trend': 0.278, 'position': 0.5, 'sector': 0.0, 'continuity': 0.85}",42.5,"['竞价尾段走弱', '高位极端放量']",竞价涨幅 0.80% 超出区间
300540,蜀道装备,20.0,27.62,27.7,0.29,0.014,980000.0,308640000.0,0.00318,0.65,0.65,0.29,-0.36,False,0.36,0.1125619090499775,False,False,False,False,0,专用设备,1,1,False,False,B,0.8,21.7,21.678928410625844,"{'gap': 0.0, 'volume': 0.0, 'trend': 0.47, 'position': 0.719, 'sector': 0.0, 'continuity': 0.3}",0.0,[],竞价涨幅 0.29% 超出区间
603257,中国瑞林,10.0,72.0,70.9,-1.53,-0.153,2560000.0,307900000.0,0.00831,-0.42,-1.39,-1.53,-1.11,False,0.14,0.48195329087048827,True,False,False,False,0,建筑装饰,0,3,False,False,A,2.0,12.3,12.299999999999999,"{'gap': 0.0, 'volume': 0.0, 'trend': 0.315, 'position': 0.3, 'sector': 0.0, 'continuity': 0.3}",0.0,[],竞价涨幅 -1.53% 超出区间
301218,华是科技,20.0,44.47,44.3,-0.38,-0.019,2290000.0,305640000.0,0.00749,-0.25,-1.06,-0.38,-0.13,False,-0.67,0.3913624220837043,False,False,False,False,0,IT服务,0,0,False,False,B,1.8,11.6,11.607242505194423,"{'gap': 0.0, 'volume': 0.0, 'trend': 0.489, 'position': 0.022, 'sector': 0.0, 'continuity': 0.3}",0.0,[],竞价涨幅 -0.38% 超出区间
600261,阳光照明,10.0,3.51,3.55,1.14,0.114,10130000.0,305600000.0,0.03315,1.14,1.14,1.14,0.0,True,0.0,1.0,True,True,True,False,1,光学光电子,1,3,False,False,A,8.0,53.3,53.25154665030284,"{'gap': 0.0, 'volume': 0.96, 'trend': 0.65, 'position': 0.8, 'sector': 0.0, 'continuity': 0.85}",0.0,[],竞价涨幅 1.14% 超出区间
301285,鸿日达,20.0,95.75,95.25,-0.52,-0.026,710000.0,305280000.0,0.00233,1.31,1.28,-0.52,-1.83,False,1.81,0.6686492709132771,False,False,False,False,0,消费电子,0,1,False,False,A,0.6,0.0,0.0,"{'gap': 0.0, 'volume': 0.0, 'trend': 0.348, 'position': 0.2, 'sector': 0.0, 'continuity': 0.3}",12.5,['竞价尾段走弱'],竞价涨幅 -0.52% 超出区间
002669,康达新材,10.0,13.76,13.99,1.67,0.167,6010000.0,303940000.0,0.01977,1.6,1.67,1.67,0.07,True,0.0,0.42000000000000004,True,False,False,False,0,化学制品,2,3,False,False,A,4.7,42.6,42.64203021845425,"{'gap': 0.0, 'volume': 0.606, 'trend': 0.662, 'position': 0.3, 'sector': 0.55, 'continuity': 0.3}",0.0,[],竞价涨幅 1.67% 超出区间
301155,海力风电,20.0,42.09,41.89,-0.48,-0.024,1790000.0,302990000.0,0.00591,0.02,0.0,-0.48,-0.5,False,0.48,0.3881040892193312,True,False,False,False,0,风电设备,0,1,False,False,B,1.4,14.1,14.11276332094175,"{'gap': 0.0, 'volume': 0.0, 'trend': 0.458, 'position': 0.23, 'sector': 0.0, 'continuity': 0.3}",0.0,[],竞价涨幅 -0.48% 超出区间
601112,振石股份,10.0,17.0,16.67,-1.94,-0.194,4300000.0,301680000.0,0.01425,-1.53,-2.0,-1.94,-0.41,False,-0.06,0.6630136986301369,True,False,False,False,0,建筑材料,1,1,False,False,A,3.4,25.1,25.065691392587226,"{'gap': 0.0, 'volume': 0.297, 'trend': 0.432, 'position': 0.5, 'sector': 0.0, 'continuity': 0.3}",0.0,[],竞价涨幅 -1.94% 超出区间
688653,康希通信,20.0,15.05,15.3,1.66,0.083,1320000.0,301440000.0,0.00438,0.0,0.0,1.66,1.66,True,-1.66,0.6563421828908557,False,False,False,False,0,半导体,7,4,False,False,A,1.1,35.3,35.266666666666666,"{'gap': 0.0, 'volume': 0.0, 'trend': 0.788, 'position': 0.2, 'sector': 1.0, 'continuity': 0.3}",0.0,[],竞价涨幅 1.66% 超出区间
600822,上海物贸,10.0,9.4,9.44,0.43,0.043,14310000.0,299600000.0,0.04776,-0.43,-4.26,0.43,0.85,False,-4.68,1.0,False,False,False,False,0,汽车服务及其他,0,0,False,False,A,11.5,0.0,0.0,"{'gap': 0.0, 'volume': 0.0, 'trend': 0.642, 'position': 0.0, 'sector': 0.0, 'continuity': 0.3}",30.0,['高位极端放量'],竞价涨幅 0.43% 超出区间
300721,怡达股份,20.0,22.84,22.86,0.09,0.004,510000.0,297640000.0,0.00171,0.18,0.18,0.09,-0.09,False,0.09,0.17486583184257604,False,False,False,False,0,化学制品,2,3,False,False,B,0.4,28.0,28.042531305903402,"{'gap': 0.0, 'volume': 0.0, 'trend': 0.492, 'position': 0.563, 'sector': 0.55, 'continuity': 0.3}",0.0,[],竞价涨幅 0.09% 超出区间
301225,恒勃股份,20.0,59.77,59.89,0.2,0.01,1680000.0,296460000.0,0.00567,3.98,3.73,0.2,-3.78,False,3.53,0.2879631407179881,False,False,False,False,0,汽车零部件,1,2,False,False,B,1.4,0.0,0.0,"{'gap': 0.0, 'volume': 0.0, 'trend': 0.185, 'position': 0.28, 'sector': 0.0, 'continuity': 0.3}",12.5,['竞价尾段走弱'],竞价涨幅 0.20% 超出区间
688710,益诺思,20.0,94.92,94.9,-0.02,-0.001,780000.0,296220000.0,0.00263,0.2,-1.5,-0.02,-0.22,False,-1.47,0.8616083355597116,False,False,False,False,0,医疗服务,4,1,False,False,A,0.6,25.4,25.383333333333336,"{'gap': 0.0, 'volume': 0.0, 'trend': 0.482, 'position': 0.2, 'sector': 0.75, 'continuity': 0.3}",0.0,[],竞价涨幅 -0.02% 超出区间
600881,亚泰集团,10.0,1.93,1.88,-2.59,-0.259,7910000.0,294120000.0,0.02689,-1.55,-2.07,-2.59,-1.04,False,0.52,0.5802469135802468,False,False,True,False,1,综合,0,1,False,False,A,6.5,36.2,36.200650170872926,"{'gap': 0.0, 'volume': 0.897, 'trend': 0.327, 'position': 0.2, 'sector': 0.0, 'continuity': 0.85}",0.0,[],竞价涨幅 -2.59% 超出区间
600356,恒丰纸业,10.0,10.31,10.41,0.97,0.097,3760000.0,293970000.0,0.01279,-0.97,-0.97,0.97,1.94,True,-1.94,1.0,True,False,False,False,0,造纸,0,0,False,False,A,3.1,30.3,30.348190510739588,"{'gap': 0.0, 'volume': 0.195, 'trend': 0.973, 'position': 0.3, 'sector': 0.0, 'continuity': 0.3}",0.0,[],竞价涨幅 0.97% 超出区间
300632,光莆股份,20.0,19.07,19.15,0.42,0.021,1730000.0,291890000.0,0.00593,0.1,0.47,0.42,0.31,False,0.05,0.28442280945758,True,False,False,False,0,光学光电子,1,3,False,False,B,1.4,19.4,19.350811312007423,"{'gap': 0.0, 'volume': 0.0, 'trend': 0.526, 'position': 0.489, 'sector': 0.0, 'continuity': 0.3}",0.0,[],竞价涨幅 0.42% 超出区间
002328,新朋股份,10.0,8.19,8.2,0.12,0.012,2510000.0,291570000.0,0.00861,0.49,0.49,0.12,-0.37,False,0.37,0.5140664961636827,False,False,False,False,0,汽车零部件,1,2,False,False,A,2.1,10.3,10.266666666666667,"{'gap': 0.0, 'volume': 0.0, 'trend': 0.438, 'position': 0.0, 'sector': 0.0, 'continuity': 0.3}",0.0,[],竞价涨幅 0.12% 超出区间
603395,红四方,10.0,25.58,25.58,0.0,0.0,3240000.0,291300000.0,0.01112,0.0,-0.04,0.0,0.0,False,-0.04,0.5072727272727271,False,False,False,False,0,农化制品,0,0,False,False,A,2.7,13.1,13.079668090209678,"{'gap': 0.0, 'volume': 0.063, 'trend': 0.5, 'position': 0.0, 'sector': 0.0, 'continuity': 0.3}",0.0,[],竞价涨幅 0.00% 超出区间
300292,吴通控股,20.0,4.63,4.64,0.22,0.011,1010000.0,290820000.0,0.00347,0.0,0.0,0.22,0.22,True,-0.22,0.49358974358974356,True,False,False,False,0,通信服务,0,0,False,False,A,0.8,19.4,19.36666666666667,"{'gap': 0.0, 'volume': 0.0, 'trend': 0.668, 'position': 0.3, 'sector': 0.0, 'continuity': 0.3}",0.0,[],竞价涨幅 0.22% 超出区间
300987,川网传媒,20.0,15.25,15.37,0.79,0.039,4570000.0,290240000.0,0.01575,0.59,0.85,0.79,0.2,False,0.07,1.0,True,False,False,False,0,文化传媒,3,3,False,False,A,3.8,38.1,38.127505967815125,"{'gap': 0.0, 'volume': 0.392, 'trend': 0.517, 'position': 0.3, 'sector': 0.8, 'continuity': 0.3}",0.0,[],竞价涨幅 0.79% 超出区间
000798,中水渔业,10.0,10.15,10.12,-0.3,-0.03,1410000.0,290180000.0,0.00486,-0.3,-1.48,-0.3,0.0,False,-1.18,0.5508021390374332,False,False,False,False,0,养殖业,0,0,False,False,A,1.2,14.5,14.500000000000002,"{'gap': 0.0, 'volume': 0.0, 'trend': 0.5, 'position': 0.2, 'sector': 0.0, 'continuity': 0.3}",0.0,[],竞价涨幅 -0.30% 超出区间
688296,和达科技,20.0,26.56,26.1,-1.73,-0.087,2340000.0,286620000.0,0.00816,-0.98,-2.11,-1.73,-0.75,False,-0.38,0.8765859284890426,False,False,False,False,0,软件开发,2,2,False,False,A,2.0,21.5,21.500000000000004,"{'gap': 0.0, 'volume': 0.0, 'trend': 0.438, 'position': 0.2, 'sector': 0.55, 'continuity': 0.3}",0.0,[],竞价涨幅 -1.73% 超出区间
603607,京华激光,10.0,24.3,24.03,-1.11,-0.111,1630000.0,285160000.0,0.00572,-1.6,-1.19,-1.11,0.49,True,-0.08,0.7070063694267515,True,False,False,False,0,包装印刷,1,1,False,False,A,1.4,23.6,23.633333333333333,"{'gap': 0.0, 'volume': 0.0, 'trend': 0.732, 'position': 0.5, 'sector': 0.0, 'continuity': 0.3}",0.0,[],竞价涨幅 -1.11% 超出区间
001209,洪兴股份,10.0,18.53,18.09,-2.37,-0.237,2970000.0,284990000.0,0.01042,-0.65,-2.21,-2.37,-1.73,False,0.16,0.8453389830508474,False,False,False,False,0,服装家纺,0,4,False,False,A,2.5,8.8,8.778671389211308,"{'gap': 0.0, 'volume': 0.002, 'trend': 0.212, 'position': 0.2, 'sector': 0.0, 'continuity': 0.3}",0.0,[],竞价涨幅 -2.37% 超出区间
603683,晶华新材,10.0,16.48,16.48,0.0,0.0,1190000.0,284320000.0,0.00419,0.0,-0.79,0.0,0.0,False,-0.79,0.1796338672768879,False,False,False,False,0,化学制品,2,3,False,False,B,1.0,28.0,28.013729977116707,"{'gap': 0.0, 'volume': 0.0, 'trend': 0.5, 'position': 0.551, 'sector': 0.55, 'continuity': 0.3}",0.0,[],竞价涨幅 0.00% 超出区间
600640,国脉文化,10.0,12.06,12.8,6.14,0.614,24060000.0,282020000.0,0.08531,10.03,9.95,6.14,-3.9,False,3.81,1.0,False,True,True,False,1,文化传媒,3,3,False,False,A,20.5,0.0,0.0,"{'gap': 0.0, 'volume': 0.0, 'trend': 0.0, 'position': 0.5, 'sector': 0.8, 'continuity': 0.85}",42.5,"['竞价尾段走弱', '高位极端放量']",竞价涨幅 6.14% 超出区间
605177,东亚药业,10.0,24.69,24.02,-2.71,-0.271,990000.0,281690000.0,0.00351,0.24,-0.08,-2.71,-2.96,False,2.63,0.9080560420315239,True,False,False,False,0,化学制药,0,0,False,False,A,0.8,0.0,0.0,"{'gap': 0.0, 'volume': 0.0, 'trend': 0.007, 'position': 0.5, 'sector': 0.0, 'continuity': 0.3}",12.5,['竞价尾段走弱'],竞价涨幅 -2.71% 超出区间
600616,金枫酒业,10.0,4.9,5.0,2.04,0.204,8020000.0,281670000.0,0.02847,-0.41,-0.82,2.04,2.45,False,-2.86,1.0,True,False,False,False,0,饮料制造,1,1,False,False,A,6.8,48.5,48.46470415703536,"{'gap': 0.027, 'volume': 0.951, 'trend': 0.908, 'position': 0.3, 'sector': 0.0, 'continuity': 0.3}",0.0,[],
300786,国林科技,20.0,15.8,15.58,-1.39,-0.07,4720000.0,281500000.0,0.01677,-0.63,-1.27,-1.39,-0.76,False,0.13,0.22330888345558278,False,False,False,False,0,环保设备,0,0,False,False,B,4.0,28.1,28.1342541949692,"{'gap': 0.0, 'volume': 0.451, 'trend': 0.437, 'position': 0.442, 'sector': 0.0, 'continuity': 0.3}",0.0,[],竞价涨幅 -1.39% 超出区间
920125,鸿仕达,30.0,147.32,150.0,1.82,0.061,5337200.0,280905700.0,0.019,0.43,-8.97,1.82,1.38,False,-10.79,0.4313144724747216,True,False,False,False,0,自动化设备,3,0,False,False,A,4.6,39.3,39.25454263279029,"{'gap': 0.0, 'volume': 0.569, 'trend': 0.577, 'position': 0.3, 'sector': 0.5, 'continuity': 0.3}",0.0,[],竞价涨幅 1.82% 超出区间
000720,新能泰山,10.0,4.05,4.07,0.49,0.049,1930000.0,280250000.0,0.00689,0.99,1.23,0.49,-0.49,False,0.74,0.8928571428571428,True,False,False,False,0,电网设备,1,6,False,False,A,1.7,17.4,17.36666666666667,"{'gap': 0.0, 'volume': 0.0, 'trend': 0.418, 'position': 0.5, 'sector': 0.0, 'continuity': 0.3}",0.0,[],竞价涨幅 0.49% 超出区间
002040,南 京 港,10.0,9.28,9.26,-0.22,-0.022,1210000.0,280130000.0,0.00432,0.0,0.0,-0.22,-0.22,False,0.22,0.6512455516014233,False,False,False,False,0,港口航运,0,0,False,False,A,1.0,13.8,13.766666666666666,"{'gap': 0.0, 'volume': 0.0, 'trend': 0.463, 'position': 0.2, 'sector': 0.0, 'continuity': 0.3}",0.0,[],竞价涨幅 -0.22% 超出区间
300257,开山股份,20.0,19.15,19.19,0.21,0.01,1940000.0,279200000.0,0.00695,0.26,-1.78,0.21,-0.05,False,-1.98,0.1695553880934438,False,False,False,False,0,通用设备,1,3,False,False,B,1.7,20.1,20.05833961316253,"{'gap': 0.0, 'volume': 0.0, 'trend': 0.496, 'position': 0.576, 'sector': 0.0, 'continuity': 0.3}",0.0,[],竞价涨幅 0.21% 超出区间
601999,出版传媒,10.0,6.82,7.05,3.37,0.337,8450000.0,279090000.0,0.03028,2.49,1.32,3.37,0.88,False,-2.05,0.5200000000000002,False,False,False,False,0,文化传媒,3,3,False,False,A,7.3,69.6,69.60709953092908,"{'gap': 0.913, 'volume': 0.996, 'trend': 0.647, 'position': 0.0, 'sector': 0.8, 'continuity': 0.3}",0.0,[],
600506,统一股份,10.0,16.99,16.83,-0.94,-0.094,2440000.0,278740000.0,0.00875,-2.83,-1.29,-0.94,1.88,True,-0.35,0.703984819734345,False,False,False,False,0,石油加工贸易,0,1,False,False,A,2.1,23.8,23.766666666666662,"{'gap': 0.0, 'volume': 0.0, 'trend': 0.963, 'position': 0.2, 'sector': 0.0, 'continuity': 0.3}",0.0,[],竞价涨幅 -0.94% 超出区间
605258,协和电子,10.0,37.45,37.79,0.91,0.091,1160000.0,277940000.0,0.00417,0.93,-2.0,0.91,-0.03,False,-2.91,0.8918760958503802,True,False,False,False,0,元件,5,1,False,False,A,1.0,33.9,33.9,"{'gap': 0.0, 'volume': 0.0, 'trend': 0.495, 'position': 0.5, 'sector': 1.0, 'continuity': 0.3}",0.0,[],竞价涨幅 0.91% 超出区间
300429,强力新材,20.0,11.64,11.7,0.52,0.026,1250000.0,275900000.0,0.00453,0.86,0.6,0.52,-0.34,False,0.09,0.3043478260869566,False,False,False,False,0,电子化学品,3,0,False,False,B,1.1,22.0,22.020289855072463,"{'gap': 0.0, 'volume': 0.0, 'trend': 0.472, 'position': 0.239, 'sector': 0.5, 'continuity': 0.3}",0.0,[],竞价涨幅 0.52% 超出区间
002534,西子洁能,10.0,16.7,16.76,0.36,0.036,2640000.0,275640000.0,0.00958,1.02,-0.12,0.36,-0.66,False,-0.48,0.7001620745542947,False,False,False,False,0,其他电源设备,1,0,False,False,A,2.3,12.3,12.3,"{'gap': 0.0, 'volume': 0.0, 'trend': 0.39, 'position': 0.2, 'sector': 0.0, 'continuity': 0.3}",0.0,[],竞价涨幅 0.36% 超出区间
002713,东易日盛,10.0,10.92,10.94,0.18,0.018,17890000.0,275150000.0,0.06502,9.8,2.38,0.18,-9.62,False,2.2,0.5336658354114715,True,True,True,False,1,建筑装饰,0,3,False,False,A,15.6,3.8,3.75,"{'gap': 0.0, 'volume': 0.0, 'trend': 0.0, 'position': 0.8, 'sector': 0.0, 'continuity': 0.85}",12.5,['竞价尾段走弱'],竞价涨幅 0.18% 超出区间
300647,超频三,20.0,8.02,8.0,-0.25,-0.012,740000.0,274940000.0,0.00269,-1.37,1.0,-0.25,1.12,False,1.25,0.8945945945945944,False,False,False,False,0,消费电子,0,1,False,False,A,0.6,3.9,3.866666666666667,"{'gap': 0.0, 'volume': 0.0, 'trend': 0.593, 'position': 0.2, 'sector': 0.0, 'continuity': 0.3}",12.5,['竞价尾段走弱'],竞价涨幅 -0.25% 超出区间
688719,爱科赛博,20.0,56.0,56.63,1.13,0.056,2430000.0,274860000.0,0.00884,-0.32,-0.32,1.13,1.45,True,-1.45,0.40947503201024327,False,False,False,False,0,其他电源设备,1,0,False,False,A,2.1,16.9,16.916666666666668,"{'gap': 0.0, 'volume': 0.0, 'trend': 0.771, 'position': 0.0, 'sector': 0.0, 'continuity': 0.3}",0.0,[],竞价涨幅 1.13% 超出区间
300606,金太阳,20.0,34.51,34.32,-0.55,-0.028,490000.0,274610000.0,0.00178,-0.87,-0.84,-0.55,0.32,True,-0.29,0.43950478334271237,False,False,False,False,0,通用设备,1,3,False,False,A,0.4,15.0,15.033333333333331,"{'gap': 0.0, 'volume': 0.0, 'trend': 0.677, 'position': 0.0, 'sector': 0.0, 'continuity': 0.3}",0.0,[],竞价涨幅 -0.55% 超出区间
600318,新力金融,10.0,6.88,6.92,0.58,0.058,1730000.0,274290000.0,0.00631,-0.58,-0.58,0.58,1.16,True,-1.16,0.45248868778280543,False,False,False,False,0,多元金融,0,1,False,False,A,1.5,18.4,18.36666666666667,"{'gap': 0.0, 'volume': 0.0, 'trend': 0.843, 'position': 0.0, 'sector': 0.0, 'continuity': 0.3}",0.0,[],竞价涨幅 0.58% 超出区间
603139,康惠股份,10.0,37.93,37.93,0.0,0.0,2510000.0,271710000.0,0.00924,0.0,-0.08,0.0,0.0,False,-0.08,0.5822222222222222,True,False,False,False,0,中药,0,0,False,False,A,2.2,19.0,19.0,"{'gap': 0.0, 'volume': 0.0, 'trend': 0.5, 'position': 0.5, 'sector': 0.0, 'continuity': 0.3}",0.0,[],竞价涨幅 0.00% 超出区间
000019,深粮控股,10.0,7.15,7.1,-0.7,-0.07,970000.0,270890000.0,0.00358,0.0,-1.4,-0.7,-0.7,False,-0.7,0.5304659498207885,False,False,False,False,0,农产品加工,0,1,False,False,A,0.9,9.2,9.166666666666668,"{'gap': 0.0, 'volume': 0.0, 'trend': 0.383, 'position': 0.0, 'sector': 0.0, 'continuity': 0.3}",0.0,[],竞价涨幅 -0.70% 超出区间
603725,天安新材,10.0,11.75,11.93,1.53,0.153,2340000.0,270600000.0,0.00865,5.45,4.77,1.53,-3.91,False,3.23,0.5017482517482517,False,False,True,False,1,家居用品,0,6,False,False,A,2.1,0.0,0.0,"{'gap': 0.0, 'volume': 0.0, 'trend': 0.0, 'position': 0.0, 'sector': 0.0, 'continuity': 0.85}",12.5,['竞价尾段走弱'],竞价涨幅 1.53% 超出区间
300562,乐心股份,20.0,16.99,17.0,0.06,0.003,1080000.0,269380000.0,0.00401,0.47,0.06,0.06,-0.41,False,0.0,0.6981707317073169,False,False,False,False,0,医疗器械,0,0,False,False,A,1.0,13.8,13.816666666666666,"{'gap': 0.0, 'volume': 0.0, 'trend': 0.466, 'position': 0.2, 'sector': 0.0, 'continuity': 0.3}",0.0,[],竞价涨幅 0.06% 超出区间
600714,金瑞矿业,10.0,17.5,17.61,0.63,0.063,1630000.0,268950000.0,0.00606,0.74,0.74,0.63,-0.11,False,0.11,0.4717162032598273,False,False,False,False,0,化学原料,1,0,False,False,A,1.5,11.1,11.133333333333335,"{'gap': 0.0, 'volume': 0.0, 'trend': 0.482, 'position': 0.0, 'sector': 0.0, 'continuity': 0.3}",0.0,[],竞价涨幅 0.63% 超出区间
603435,嘉德利,10.0,50.32,50.12,-0.4,-0.04,780000.0,268240000.0,0.00291,0.02,0.0,-0.4,-0.42,False,0.4,0.3430977663859391,False,False,False,False,0,电子化学品,3,0,False,False,B,0.7,19.7,19.733833760527286,"{'gap': 0.0, 'volume': 0.0, 'trend': 0.43, 'position': 0.142, 'sector': 0.5, 'continuity': 0.3}",0.0,[],竞价涨幅 -0.40% 超出区间
300149,睿智医药,20.0,9.25,9.31,0.65,0.032,3630000.0,266220000.0,0.01364,0.0,2.49,0.65,0.65,False,1.84,0.27586206896551746,False,False,False,False,0,医疗服务,4,1,False,False,B,3.3,22.4,22.38842558168323,"{'gap': 0.0, 'volume': 0.256, 'trend': 0.554, 'position': 0.31, 'sector': 0.75, 'continuity': 0.3}",12.5,['竞价尾段走弱'],竞价涨幅 0.65% 超出区间
600769,祥龙电业,10.0,16.24,16.24,0.0,0.0,1170000.0,266200000.0,0.0044,0.0,0.0,0.0,0.0,True,0.0,0.4030172413793101,False,False,False,False,0,环境治理,0,1,False,False,A,1.1,14.5,14.500000000000002,"{'gap': 0.0, 'volume': 0.0, 'trend': 0.65, 'position': 0.0, 'sector': 0.0, 'continuity': 0.3}",0.0,[],竞价涨幅 0.00% 超出区间
300685,艾德生物,20.0,18.21,18.16,-0.27,-0.014,1830000.0,265070000.0,0.0069,-1.1,-1.04,-0.27,0.82,True,-0.77,0.5232198142414864,False,False,False,False,0,医疗器械,0,0,False,False,A,1.7,15.9,15.866666666666667,"{'gap': 0.0, 'volume': 0.0, 'trend': 0.718, 'position': 0.0, 'sector': 0.0, 'continuity': 0.3}",0.0,[],竞价涨幅 -0.27% 超出区间
688218,江苏北人,20.0,41.23,40.86,-0.9,-0.045,260000.0,264750000.0,0.00098,-1.77,-1.75,-0.9,0.87,True,-0.85,0.43474680938657867,False,False,False,False,0,自动化设备,3,0,False,False,A,0.2,23.5,23.450000000000003,"{'gap': 0.0, 'volume': 0.0, 'trend': 0.723, 'position': 0.0, 'sector': 0.5, 'continuity': 0.3}",0.0,[],竞价涨幅 -0.90% 超出区间
603110,东方材料,10.0,25.13,25.19,0.24,0.024,560000.0,263950000.0,0.00212,3.26,3.06,0.24,-3.02,False,2.83,0.706401766004415,False,False,False,False,0,化学制品,2,3,False,False,A,0.5,0.2,0.25,"{'gap': 0.0, 'volume': 0.0, 'trend': 0.0, 'position': 0.2, 'sector': 0.55, 'continuity': 0.3}",12.5,['竞价尾段走弱'],竞价涨幅 0.24% 超出区间
300879,大叶股份,20.0,17.39,17.54,0.86,0.043,4910000.0,263920000.0,0.0186,0.0,-1.96,0.86,0.86,False,-2.82,0.7860576923076923,False,False,False,False,0,专用设备,1,1,False,False,A,4.5,29.7,29.65242899183216,"{'gap': 0.0, 'volume': 0.549, 'trend': 0.572, 'position': 0.2, 'sector': 0.0, 'continuity': 0.3}",0.0,[],竞价涨幅 0.86% 超出区间
300936,中英科技,20.0,80.54,80.01,-0.66,-0.033,2800000.0,262180000.0,0.01068,1.81,0.0,-0.66,-2.47,False,0.66,0.4850320124589031,False,False,False,False,0,元件,5,1,False,False,A,2.6,23.0,23.010274022658034,"{'gap': 0.0, 'volume': 0.025, 'trend': 0.294, 'position': 0.0, 'sector': 1.0, 'continuity': 0.3}",0.0,[],竞价涨幅 -0.66% 超出区间
002909,集泰股份,10.0,6.49,6.49,0.0,0.0,850000.0,261910000.0,0.00325,0.0,0.0,0.0,0.0,True,0.0,0.5,False,False,False,False,0,化学制品,2,3,False,False,A,0.8,22.8,22.750000000000004,"{'gap': 0.0, 'volume': 0.0, 'trend': 0.65, 'position': 0.0, 'sector': 0.55, 'continuity': 0.3}",0.0,[],竞价涨幅 0.00% 超出区间
688799,华纳药厂,20.0,56.1,55.95,-0.27,-0.013,160000.0,261830000.0,0.00061,-0.02,-0.18,-0.27,-0.25,False,0.09,0.8735110606920025,True,False,False,False,0,化学制药,0,0,False,False,A,0.1,18.6,18.583333333333336,"{'gap': 0.0, 'volume': 0.0, 'trend': 0.479, 'position': 0.5, 'sector': 0.0, 'continuity': 0.3}",0.0,[],竞价涨幅 -0.27% 超出区间
603402,陕西旅游,10.0,64.19,65.0,1.26,0.126,8670000.0,260890000.0,0.03323,6.29,4.19,1.26,-5.03,False,2.93,0.32049999999999984,False,False,True,False,1,旅游及酒店,0,1,False,False,A,8.0,15.7,15.727442992956526,"{'gap': 0.0, 'volume': 0.959, 'trend': 0.0, 'position': 0.0, 'sector': 0.0, 'continuity': 0.85}",12.5,['竞价尾段走弱'],竞价涨幅 1.26% 超出区间
600156,华升股份,10.0,8.95,9.04,1.01,0.101,7460000.0,260650000.0,0.02862,3.91,1.01,1.01,-2.91,False,0.0,0.7935943060498221,False,False,False,True,0,纺织制造,0,1,False,False,A,6.9,13.7,13.688711015306932,"{'gap': 0.0, 'volume': 0.956, 'trend': 0.015, 'position': 0.2, 'sector': 0.0, 'continuity': 0.3}",15.0,['昨日炸板'],竞价涨幅 1.01% 超出区间
002774,快意电梯,10.0,17.89,17.22,-3.75,-0.375,5730000.0,259750000.0,0.02206,9.0,1.73,-3.75,-12.74,False,5.48,1.0,False,False,False,False,0,专用设备,1,1,False,False,A,5.3,6.7,6.7450959838103834,"{'gap': 0.0, 'volume': 0.71, 'trend': 0.0, 'position': 0.0, 'sector': 0.0, 'continuity': 0.3}",12.5,['竞价尾段走弱'],竞价涨幅 -3.75% 超出区间
603918,金桥信息,10.0,10.72,10.89,1.59,0.159,4090000.0,259430000.0,0.01577,-0.56,-1.21,1.59,2.15,False,-2.8,0.5284280936454849,False,False,False,False,0,IT服务,0,0,False,False,A,3.8,28.5,28.490786577789017,"{'gap': 0.0, 'volume': 0.393, 'trend': 0.858, 'position': 0.0, 'sector': 0.0, 'continuity': 0.3}",0.0,[],竞价涨幅 1.59% 超出区间
603001,奥康国际,10.0,10.43,10.59,1.53,0.153,5940000.0,258810000.0,0.02295,7.19,3.55,1.53,-5.66,False,2.01,0.5572792362768496,True,True,True,False,1,服装家纺,0,4,False,False,A,5.5,25.4,25.428460086266483,"{'gap': 0.0, 'volume': 0.747, 'trend': 0.0, 'position': 1.0, 'sector': 0.0, 'continuity': 0.85}",12.5,['竞价尾段走弱'],竞价涨幅 1.53% 超出区间
920895,花溪科技,30.0,26.4,26.58,0.68,0.023,3611700.0,258467500.0,0.01397,2.99,5.8,0.68,-2.31,False,5.11,0.7563352826510722,False,False,False,False,0,专用设备,1,1,False,False,A,3.4,6.4,6.397386426216666,"{'gap': 0.0, 'volume': 0.279, 'trend': 0.372, 'position': 0.2, 'sector': 0.0, 'continuity': 0.3}",12.5,['竞价尾段走弱'],竞价涨幅 0.68% 超出区间
688610,埃科光电,20.0,170.29,175.76,3.21,0.161,2520000.0,258240000.0,0.00976,2.17,1.63,3.21,1.04,False,-1.59,0.35750759039470054,False,False,False,False,0,通用设备,1,3,False,False,B,2.3,31.0,30.9601320268654,"{'gap': 0.807, 'volume': 0.0, 'trend': 0.587, 'position': 0.106, 'sector': 0.0, 'continuity': 0.3}",0.0,[],竞价量能 0.98%(量比≈2.3) 超出区间
002728,特一药业,10.0,9.64,9.69,0.52,0.052,1810000.0,257670000.0,0.00702,1.04,0.52,0.52,-0.52,False,0.0,0.6500000000000004,True,False,False,False,0,中药,0,0,False,False,A,1.7,17.3,17.26666666666667,"{'gap': 0.0, 'volume': 0.0, 'trend': 0.413, 'position': 0.5, 'sector': 0.0, 'continuity': 0.3}",0.0,[],竞价涨幅 0.52% 超出区间
301326,捷邦科技,20.0,108.8,109.0,0.18,0.009,480000.0,257440000.0,0.00186,0.0,1.1,0.18,0.18,False,0.92,0.46511627906976744,False,False,False,False,0,消费电子,0,1,False,False,A,0.4,11.8,11.8,"{'gap': 0.0, 'volume': 0.0, 'trend': 0.515, 'position': 0.0, 'sector': 0.0, 'continuity': 0.3}",0.0,[],竞价涨幅 0.18% 超出区间
002790,瑞尔特,10.0,6.48,6.42,-0.93,-0.093,2350000.0,257130000.0,0.00914,1.54,0.31,-0.93,-2.47,False,1.23,0.3114355231143553,False,False,False,False,0,家居用品,0,6,False,False,B,2.2,0.0,0.0,"{'gap': 0.0, 'volume': 0.0, 'trend': 0.088, 'position': 0.221, 'sector': 0.0, 'continuity': 0.3}",12.5,['竞价尾段走弱'],竞价涨幅 -0.93% 超出区间
301500,飞南资源,20.0,26.84,27.1,0.97,0.048,1470000.0,256080000.0,0.00574,-1.42,-1.23,0.97,2.38,True,-2.2,0.7484407484407483,True,False,False,False,0,环境治理,0,1,False,False,A,1.4,26.0,25.966666666666672,"{'gap': 0.0, 'volume': 0.0, 'trend': 0.848, 'position': 0.5, 'sector': 0.0, 'continuity': 0.3}",0.0,[],竞价涨幅 0.97% 超出区间
003013,地铁设计,10.0,19.17,18.95,-1.15,-0.115,790000.0,255730000.0,0.00309,0.0,-1.15,-1.15,-1.15,False,0.0,0.9220103986135183,True,False,False,False,0,建筑装饰,0,3,False,False,A,0.7,15.2,15.166666666666668,"{'gap': 0.0, 'volume': 0.0, 'trend': 0.308, 'position': 0.5, 'sector': 0.0, 'continuity': 0.3}",0.0,[],竞价涨幅 -1.15% 超出区间
003032,传智教育,10.0,8.98,9.1,1.34,0.134,2800000.0,255060000.0,0.01098,0.22,1.34,1.34,1.11,True,0.0,0.48192771084337355,False,False,False,False,0,教育,0,0,False,False,A,2.6,19.5,19.480679193330484,"{'gap': 0.0, 'volume': 0.051, 'trend': 0.835, 'position': 0.0, 'sector': 0.0, 'continuity': 0.3}",0.0,[],竞价涨幅 1.34% 超出区间
300561,汇金科技,20.0,15.72,15.7,-0.13,-0.006,1550000.0,252690000.0,0.00613,0.0,-0.19,-0.13,-0.13,False,-0.06,0.30743243243243246,False,False,False,False,0,软件开发,2,2,False,False,B,1.5,23.0,23.004617117117114,"{'gap': 0.0, 'volume': 0.0, 'trend': 0.489, 'position': 0.231, 'sector': 0.55, 'continuity': 0.3}",0.0,[],竞价涨幅 -0.13% 超出区间
688315,诺禾致源,20.0,15.15,16.59,9.5,0.475,4970000.0,252570000.0,0.01968,5.61,5.61,9.5,3.89,True,-3.89,0.6220930232558138,False,False,False,False,0,医疗服务,4,1,False,False,A,4.7,50.3,50.2843564917635,"{'gap': 0.0, 'volume': 0.602, 'trend': 0.974, 'position': 0.2, 'sector': 0.75, 'continuity': 0.3}",0.0,[],竞价涨幅 9.50% 超出区间
603960,克来机电,10.0,17.12,17.04,-0.47,-0.047,3850000.0,252540000.0,0.01525,0.0,-0.47,-0.47,-0.47,False,0.0,0.7385892116182576,False,False,False,False,0,汽车零部件,1,2,False,False,A,3.7,22.0,21.966199597162145,"{'gap': 0.0, 'volume': 0.361, 'trend': 0.422, 'position': 0.2, 'sector': 0.0, 'continuity': 0.3}",0.0,[],竞价涨幅 -0.47% 超出区间
300970,华绿生物,20.0,17.47,17.4,-0.4,-0.02,1770000.0,251090000.0,0.00705,0.17,-0.4,-0.4,-0.57,False,0.0,0.36191677175283715,False,False,False,False,0,种植业与林业,0,0,False,False,B,1.7,12.0,11.978121059268608,"{'gap': 0.0, 'volume': 0.0, 'trend': 0.453, 'position': 0.095, 'sector': 0.0, 'continuity': 0.3}",0.0,[],竞价涨幅 -0.40% 超出区间
001314,亿道信息,10.0,54.38,54.39,0.02,0.002,1350000.0,250360000.0,0.00539,0.02,0.02,0.02,0.0,True,0.0,0.5412541254125415,False,False,False,False,0,消费电子,0,1,False,False,A,1.3,14.5,14.500000000000002,"{'gap': 0.0, 'volume': 0.0, 'trend': 0.65, 'position': 0.0, 'sector': 0.0, 'continuity': 0.3}",0.0,[],竞价涨幅 0.02% 超出区间
301096,百诚医药,20.0,52.68,52.55,-0.25,-0.012,590000.0,250070000.0,0.00236,-0.02,-1.65,-0.25,-0.23,False,-1.4,0.75553547220967,True,False,False,False,0,医疗服务,4,1,False,False,A,0.6,29.9,29.86666666666667,"{'gap': 0.0, 'volume': 0.0, 'trend': 0.481, 'position': 0.5, 'sector': 0.75, 'continuity': 0.3}",0.0,[],竞价涨幅 -0.25% 超出区间
002377,国创高新,10.0,3.12,3.09,-0.96,-0.096,2740000.0,249170000.0,0.011,-2.24,-1.92,-0.96,1.28,True,-0.96,0.6634615384615384,True,False,False,False,0,石油加工贸易,0,1,False,False,A,2.6,27.6,27.59029118727384,"{'gap': 0.0, 'volume': 0.053, 'trend': 0.863, 'position': 0.5, 'sector': 0.0, 'continuity': 0.3}",0.0,[],竞价涨幅 -0.96% 超出区间
300690,双一科技,20.0,24.51,24.31,-0.82,-0.041,710000.0,249170000.0,0.00285,-0.98,-0.86,-0.82,0.16,True,-0.04,0.9585585585585591,True,False,False,False,0,风电设备,0,1,False,False,A,0.7,19.3,19.26666666666667,"{'gap': 0.0, 'volume': 0.0, 'trend': 0.663, 'position': 0.3, 'sector': 0.0, 'continuity': 0.3}",0.0,[],竞价涨幅 -0.82% 超出区间
002702,海欣食品,10.0,5.54,5.52,-0.36,-0.036,1830000.0,248290000.0,0.00737,0.0,-1.08,-0.36,-0.36,False,-0.72,0.5387453874538746,False,False,False,False,0,食品加工制造,0,0,False,False,A,1.8,10.3,10.3,"{'gap': 0.0, 'volume': 0.0, 'trend': 0.44, 'position': 0.0, 'sector': 0.0, 'continuity': 0.3}",0.0,[],竞价涨幅 -0.36% 超出区间
600802,福建水泥,10.0,5.74,5.7,-0.7,-0.07,2240000.0,248040000.0,0.00903,2.44,0.0,-0.7,-3.14,False,0.7,0.8709677419354841,True,False,False,False,0,建筑材料,1,1,False,False,A,2.2,9.0,9.0,"{'gap': 0.0, 'volume': 0.0, 'trend': 0.0, 'position': 0.5, 'sector': 0.0, 'continuity': 0.3}",0.0,[],竞价涨幅 -0.70% 超出区间
688175,高凌信息,20.0,21.74,21.96,1.01,0.051,4720000.0,247410000.0,0.01908,0.64,0.51,1.01,0.37,False,-0.51,0.44961832061068696,False,False,True,False,1,军工电子,3,1,False,False,A,4.6,36.7,36.687029266725865,"{'gap': 0.0, 'volume': 0.573, 'trend': 0.531, 'position': 0.0, 'sector': 0.5, 'continuity': 0.85}",0.0,[],竞价涨幅 1.01% 超出区间
300317,珈伟新能,20.0,4.15,4.15,0.0,0.0,1400000.0,246740000.0,0.00567,0.0,-0.72,0.0,0.0,False,-0.72,0.3939393939393941,False,False,False,False,0,电力,0,2,False,False,B,1.4,11.7,11.727272727272723,"{'gap': 0.0, 'volume': 0.0, 'trend': 0.5, 'position': 0.015, 'sector': 0.0, 'continuity': 0.3}",0.0,[],竞价涨幅 0.00% 超出区间
603090,宏盛股份,10.0,39.55,39.5,-0.13,-0.013,1190000.0,246410000.0,0.00483,0.03,0.03,-0.13,-0.15,False,0.15,0.29299953639313864,False,False,False,False,0,通用设备,1,3,False,False,B,1.2,15.0,15.0125173852573,"{'gap': 0.0, 'volume': 0.0, 'trend': 0.475, 'position': 0.268, 'sector': 0.0, 'continuity': 0.3}",0.0,[],竞价涨幅 -0.13% 超出区间
600325,华发股份,10.0,2.48,2.46,-0.81,-0.081,2850000.0,245250000.0,0.01162,-0.81,-1.21,-0.81,0.0,False,-0.4,0.5897435897435895,False,False,False,False,0,房地产,0,4,False,False,A,2.8,17.1,17.117586071102508,"{'gap': 0.0, 'volume': 0.105, 'trend': 0.5, 'position': 0.2, 'sector': 0.0, 'continuity': 0.3}",0.0,[],竞价涨幅 -0.81% 超出区间
300992,泰福泵业,20.0,30.85,30.82,-0.1,-0.005,1980000.0,243820000.0,0.00812,3.73,0.0,-0.1,-3.82,False,0.1,1.0,True,False,False,False,0,通用设备,1,3,False,False,A,1.9,9.6,9.633333333333335,"{'gap': 0.0, 'volume': 0.0, 'trend': 0.182, 'position': 0.3, 'sector': 0.0, 'continuity': 0.3}",0.0,[],竞价涨幅 -0.10% 超出区间
002612,朗姿股份,10.0,17.1,17.05,-0.29,-0.029,650000.0,243480000.0,0.00267,-0.58,-0.82,-0.29,0.29,False,-0.53,1.0,False,False,False,False,0,美容护理,0,0,False,False,A,0.6,12.5,12.466666666666667,"{'gap': 0.0, 'volume': 0.0, 'trend': 0.548, 'position': 0.0, 'sector': 0.0, 'continuity': 0.3}",0.0,[],竞价涨幅 -0.29% 超出区间
300304,云意电气,20.0,11.5,11.56,0.52,0.026,290000.0,243440000.0,0.00119,0.0,0.09,0.52,0.52,True,-0.43,0.19263803680981603,False,False,False,False,0,汽车零部件,1,2,False,False,B,0.3,23.1,23.14274028629857,"{'gap': 0.0, 'volume': 0.0, 'trend': 0.693, 'position': 0.518, 'sector': 0.0, 'continuity': 0.3}",0.0,[],竞价涨幅 0.52% 超出区间
301060,兰卫医学,20.0,10.99,11.09,0.91,0.045,1110000.0,242730000.0,0.00457,-0.36,0.0,0.91,1.27,True,-0.91,0.5743380855397149,False,False,False,False,0,医疗服务,4,1,False,False,A,1.1,30.9,30.866666666666664,"{'gap': 0.0, 'volume': 0.0, 'trend': 0.756, 'position': 0.2, 'sector': 0.75, 'continuity': 0.3}",0.0,[],竞价涨幅 0.91% 超出区间
300991,创益通,20.0,31.41,31.45,0.13,0.006,940000.0,242580000.0,0.00388,1.27,1.24,0.13,-1.15,False,1.11,0.6885245901639343,True,False,False,False,0,其他电子,2,1,False,False,A,0.9,20.8,20.833333333333332,"{'gap': 0.0, 'volume': 0.0, 'trend': 0.404, 'position': 0.5, 'sector': 0.25, 'continuity': 0.3}",0.0,[],竞价涨幅 0.13% 超出区间
300996,普联软件,20.0,12.6,12.67,0.56,0.028,880000.0,242390000.0,0.00363,0.48,0.16,0.56,0.08,False,-0.4,0.19681908548707758,False,False,False,False,0,软件开发,2,2,False,False,B,0.9,27.5,27.502617627567925,"{'gap': 0.0, 'volume': 0.0, 'trend': 0.507, 'position': 0.508, 'sector': 0.55, 'continuity': 0.3}",0.0,[],竞价涨幅 0.56% 超出区间
301115,联检科技,20.0,33.02,32.92,-0.3,-0.015,1530000.0,242360000.0,0.00631,-0.67,-0.21,-0.3,0.36,False,0.09,0.8376623376623377,True,False,False,False,0,其他社会服务,0,0,False,False,A,1.5,19.6,19.6,"{'gap': 0.0, 'volume': 0.0, 'trend': 0.53, 'position': 0.5, 'sector': 0.0, 'continuity': 0.3}",0.0,[],竞价涨幅 -0.30% 超出区间
002855,捷荣技术,10.0,12.75,12.75,0.0,0.0,1360000.0,241800000.0,0.00562,0.0,0.0,0.0,0.0,True,0.0,0.39962476547842407,False,False,False,False,0,消费电子,0,1,False,False,B,1.3,14.5,14.5140712945591,"{'gap': 0.0, 'volume': 0.0, 'trend': 0.65, 'position': 0.001, 'sector': 0.0, 'continuity': 0.3}",0.0,[],竞价涨幅 0.00% 超出区间
603657,春光科技,10.0,35.58,35.58,0.0,0.0,840000.0,241680000.0,0.00348,1.29,1.01,0.0,-1.29,False,1.01,1.0,True,False,False,False,0,白色家电,0,0,False,False,A,0.8,11.7,11.700000000000001,"{'gap': 0.0, 'volume': 0.0, 'trend': 0.285, 'position': 0.3, 'sector': 0.0, 'continuity': 0.3}",0.0,[],竞价涨幅 0.00% 超出区间
301680,固德电材,20.0,106.97,106.05,-0.86,-0.043,1170000.0,240670000.0,0.00486,0.01,0.0,-0.86,-0.87,False,0.86,0.6104473464851348,True,False,False,False,0,汽车零部件,1,2,False,False,A,1.2,17.5,17.549999999999997,"{'gap': 0.0, 'volume': 0.0, 'trend': 0.427, 'position': 0.5, 'sector': 0.0, 'continuity': 0.3}",0.0,[],竞价涨幅 -0.86% 超出区间
688244,永信至诚,20.0,15.9,15.9,0.0,0.0,5960000.0,239200000.0,0.02492,-2.39,-2.77,0.0,2.39,False,-2.77,0.7338308457711447,False,False,False,False,0,软件开发,2,2,True,False,A,6.0,47.4,47.355190915768254,"{'gap': 0.0, 'volume': 0.825, 'trend': 0.699, 'position': 0.2, 'sector': 0.55, 'continuity': 0.3}",0.0,[],隔夜公告黑名单
301669,高特电子,20.0,26.7,26.45,-0.94,-0.047,1110000.0,239060000.0,0.00464,0.0,-0.04,-0.94,-0.94,False,0.9,0.12082853855005744,False,False,False,False,0,其他电源设备,1,0,False,False,B,1.1,20.4,20.40226313770618,"{'gap': 0.0, 'volume': 0.0, 'trend': 0.422, 'position': 0.698, 'sector': 0.0, 'continuity': 0.3}",0.0,[],竞价涨幅 -0.94% 超出区间
301390,经纬股份,20.0,54.0,51.33,-4.94,-0.247,33470000.0,238880000.0,0.14011,20.0,-0.37,-4.94,-24.94,False,4.57,1.0,True,False,True,False,2,建筑装饰,0,3,False,False,A,33.6,0.0,0.0,"{'gap': 0.0, 'volume': 0.0, 'trend': 0.0, 'position': 0.3, 'sector': 0.0, 'continuity': 1.0}",42.5,"['竞价尾段走弱', '高位极端放量']",竞价涨幅 -4.94% 超出区间
301575,艾芬达,20.0,25.25,25.52,1.07,0.053,1730000.0,238570000.0,0.00725,-4.16,-2.22,1.07,5.23,True,-3.29,0.5318906605922552,False,False,False,False,0,家居用品,0,6,False,False,A,1.7,21.5,21.500000000000004,"{'gap': 0.0, 'volume': 0.0, 'trend': 1.0, 'position': 0.0, 'sector': 0.0, 'continuity': 0.3}",0.0,[],竞价涨幅 1.07% 超出区间
002679,福建金森,10.0,10.92,10.87,-0.46,-0.046,1280000.0,238400000.0,0.00537,-3.39,-3.39,-0.46,2.93,True,-2.93,0.6202290076335878,False,False,False,False,0,种植业与林业,0,0,False,False,A,1.3,24.5,24.5,"{'gap': 0.0, 'volume': 0.0, 'trend': 1.0, 'position': 0.2, 'sector': 0.0, 'continuity': 0.3}",0.0,[],竞价涨幅 -0.46% 超出区间
603880,南卫股份,10.0,8.88,8.88,0.0,0.0,990000.0,236470000.0,0.00419,-0.9,-2.03,0.0,0.9,False,-2.03,0.6993318485523387,False,False,False,False,0,医疗器械,0,0,False,False,A,1.0,17.5,17.5,"{'gap': 0.0, 'volume': 0.0, 'trend': 0.65, 'position': 0.2, 'sector': 0.0, 'continuity': 0.3}",0.0,[],竞价涨幅 0.00% 超出区间
002780,三夫户外,10.0,14.1,14.15,0.35,0.035,2580000.0,236380000.0,0.01091,-2.62,-1.77,0.35,2.98,True,-2.13,0.9333333333333335,False,False,False,False,0,服装家纺,0,4,False,False,A,2.6,25.6,25.629752086106294,"{'gap': 0.0, 'volume': 0.045, 'trend': 1.0, 'position': 0.2, 'sector': 0.0, 'continuity': 0.3}",0.0,[],竞价涨幅 0.35% 超出区间
920179,凯德石英,30.0,59.4,59.71,0.52,0.017,2024500.0,236073400.0,0.00858,-0.66,0.0,0.52,1.18,True,-0.52,0.2746478873239437,True,False,False,False,0,半导体,7,4,False,False,B,2.1,38.5,38.51181533646323,"{'gap': 0.0, 'volume': 0.0, 'trend': 0.716, 'position': 0.513, 'sector': 1.0, 'continuity': 0.3}",0.0,[],竞价涨幅 0.52% 超出区间
688292,浩瀚深度,20.0,23.02,22.06,-4.17,-0.209,10590000.0,236030000.0,0.04487,-1.39,-4.34,-4.17,-2.78,False,-0.17,1.0,True,False,True,False,1,通信设备,2,2,False,False,A,10.8,0.0,0.0,"{'gap': 0.0, 'volume': 0.0, 'trend': 0.268, 'position': 0.3, 'sector': 0.55, 'continuity': 0.85}",30.0,['高位极端放量'],竞价涨幅 -4.17% 超出区间
301210,金杨精密,20.0,30.9,30.75,-0.49,-0.024,3140000.0,235960000.0,0.01331,-0.49,-0.49,-0.49,0.0,True,0.0,0.8539603960396037,True,False,False,False,0,电池,0,1,False,False,A,3.2,27.8,27.821969703218585,"{'gap': 0.0, 'volume': 0.233, 'trend': 0.65, 'position': 0.5, 'sector': 0.0, 'continuity': 0.3}",0.0,[],竞价涨幅 -0.49% 超出区间
603159,上海亚虹,10.0,22.39,22.39,0.0,0.0,2240000.0,235690000.0,0.0095,-1.07,-1.07,0.0,1.07,True,-1.07,0.6163655685441021,True,False,False,False,0,专用设备,1,1,False,False,A,2.3,25.6,25.56666666666667,"{'gap': 0.0, 'volume': 0.0, 'trend': 0.828, 'position': 0.5, 'sector': 0.0, 'continuity': 0.3}",0.0,[],竞价涨幅 0.00% 超出区间
605069,正和生态,10.0,12.36,12.37,0.08,0.008,1750000.0,235440000.0,0.00743,0.08,0.08,0.08,0.0,True,0.0,0.44549125168236864,True,False,False,False,0,环境治理,0,1,False,False,A,1.8,19.0,19.0,"{'gap': 0.0, 'volume': 0.0, 'trend': 0.65, 'position': 0.3, 'sector': 0.0, 'continuity': 0.3}",0.0,[],竞价涨幅 0.08% 超出区间
301408,华人健康,20.0,14.75,14.67,-0.54,-0.027,2790000.0,235370000.0,0.01185,5.08,0.88,-0.54,-5.63,False,1.42,0.41750000000000015,False,False,False,False,0,医药商业,0,2,False,False,A,2.8,0.0,0.0,"{'gap': 0.0, 'volume': 0.123, 'trend': 0.031, 'position': 0.0, 'sector': 0.0, 'continuity': 0.3}",12.5,['竞价尾段走弱'],竞价涨幅 -0.54% 超出区间
001393,维通利,10.0,43.9,43.62,-0.64,-0.064,1130000.0,235230000.0,0.0048,0.23,0.23,-0.64,-0.87,False,0.87,0.2891332470892625,False,False,False,False,0,电网设备,1,6,False,False,B,1.2,12.8,12.757503234152656,"{'gap': 0.0, 'volume': 0.0, 'trend': 0.355, 'position': 0.277, 'sector': 0.0, 'continuity': 0.3}",0.0,[],竞价涨幅 -0.64% 超出区间
002696,百洋股份,10.0,6.7,6.68,-0.3,-0.03,2520000.0,235050000.0,0.01072,1.04,1.49,-0.3,-1.34,False,1.79,0.6547231270358307,False,False,False,False,0,农产品加工,0,1,False,False,A,2.6,0.0,0.0,"{'gap': 0.0, 'volume': 0.029, 'trend': 0.277, 'position': 0.2, 'sector': 0.0, 'continuity': 0.3}",12.5,['竞价尾段走弱'],竞价涨幅 -0.30% 超出区间
002365,永安药业,10.0,13.83,13.9,0.51,0.051,550000.0,233980000.0,0.00235,0.43,0.51,0.51,0.07,True,0.0,0.5760368663594471,False,False,False,False,0,化学制药,0,0,False,False,A,0.6,17.7,17.733333333333334,"{'gap': 0.0, 'volume': 0.0, 'trend': 0.662, 'position': 0.2, 'sector': 0.0, 'continuity': 0.3}",0.0,[],竞价涨幅 0.51% 超出区间
300162,雷曼光电,20.0,7.8,7.83,0.38,0.019,1610000.0,233980000.0,0.00688,-0.26,-0.26,0.38,0.64,True,-0.64,0.13275613275613274,False,False,False,False,0,光学光电子,1,3,False,False,B,1.7,25.6,25.588311688311695,"{'gap': 0.0, 'volume': 0.0, 'trend': 0.703, 'position': 0.668, 'sector': 0.0, 'continuity': 0.3}",0.0,[],竞价涨幅 0.38% 超出区间
301122,采纳股份,20.0,49.69,50.41,1.45,0.072,4480000.0,233740000.0,0.01917,1.63,2.64,1.45,-0.18,False,1.19,1.0,True,True,False,False,0,医疗器械,0,0,False,False,A,4.6,37.6,37.63141433829692,"{'gap': 0.0, 'volume': 0.577, 'trend': 0.485, 'position': 0.8, 'sector': 0.0, 'continuity': 0.3}",0.0,[],竞价涨幅 1.45% 超出区间
603956,威派格,10.0,7.07,7.03,-0.57,-0.057,1580000.0,233410000.0,0.00677,-0.85,-0.85,-0.57,0.28,True,-0.28,0.6702508960573477,True,False,False,False,0,专用设备,1,1,False,False,A,1.6,22.9,22.933333333333334,"{'gap': 0.0, 'volume': 0.0, 'trend': 0.697, 'position': 0.5, 'sector': 0.0, 'continuity': 0.3}",0.0,[],竞价涨幅 -0.57% 超出区间
605188,国光连锁,10.0,13.12,13.12,0.0,0.0,5260000.0,232680000.0,0.02261,1.75,1.52,0.0,-1.75,False,1.52,0.49347826086956514,False,False,True,False,1,零售,1,3,False,False,A,5.4,14.2,14.24290453025258,"{'gap': 0.0, 'volume': 0.733, 'trend': 0.208, 'position': 0.0, 'sector': 0.0, 'continuity': 0.85}",12.5,['竞价尾段走弱'],竞价涨幅 0.00% 超出区间
300040,九洲集团,20.0,5.83,5.84,0.17,0.009,1420000.0,231710000.0,0.00613,1.89,1.72,0.17,-1.72,False,1.54,0.3333333333333333,False,False,False,False,0,电力,0,2,False,False,B,1.5,0.0,0.0,"{'gap': 0.0, 'volume': 0.0, 'trend': 0.357, 'position': 0.167, 'sector': 0.0, 'continuity': 0.3}",12.5,['竞价尾段走弱'],竞价涨幅 0.17% 超出区间
300889,爱克股份,20.0,23.92,24.0,0.33,0.017,870000.0,231360000.0,0.00376,0.54,0.79,0.33,-0.21,False,0.46,0.6843065693430659,False,False,False,False,0,光学光电子,1,3,False,False,A,0.9,14.2,14.150000000000002,"{'gap': 0.0, 'volume': 0.0, 'trend': 0.482, 'position': 0.2, 'sector': 0.0, 'continuity': 0.3}",0.0,[],竞价涨幅 0.33% 超出区间
688613,奥精医疗,20.0,18.02,18.02,0.0,0.0,1630000.0,230760000.0,0.00706,0.28,1.5,0.0,-0.28,False,1.5,1.0,True,False,False,False,0,医疗器械,0,0,False,False,A,1.7,3.0,3.0333333333333314,"{'gap': 0.0, 'volume': 0.0, 'trend': 0.477, 'position': 0.3, 'sector': 0.0, 'continuity': 0.3}",12.5,['竞价尾段走弱'],竞价涨幅 0.00% 超出区间
688591,泰凌微,20.0,30.19,30.18,-0.03,-0.002,760000.0,229450000.0,0.00331,1.29,1.29,-0.03,-1.32,False,1.32,0.4409534127843987,False,False,False,False,0,半导体,7,4,False,False,A,0.8,11.8,11.8,"{'gap': 0.0, 'volume': 0.0, 'trend': 0.39, 'position': 0.0, 'sector': 1.0, 'continuity': 0.3}",12.5,['竞价尾段走弱'],竞价涨幅 -0.03% 超出区间
002490,山东墨龙,10.0,7.31,7.19,-1.64,-0.164,2810000.0,228220000.0,0.01231,0.0,-1.23,-1.64,-1.64,False,0.41,0.3579335793357932,False,False,False,False,0,专用设备,1,1,False,False,B,3.0,11.6,11.589667671516981,"{'gap': 0.0, 'volume': 0.159, 'trend': 0.227, 'position': 0.105, 'sector': 0.0, 'continuity': 0.3}",0.0,[],竞价涨幅 -1.64% 超出区间
301257,普蕊斯,20.0,39.68,39.99,0.78,0.039,750000.0,228160000.0,0.00329,0.81,1.56,0.78,-0.03,False,0.78,0.17460317460317454,False,False,False,False,0,医疗服务,4,1,False,False,B,0.8,31.2,31.152380952380952,"{'gap': 0.0, 'volume': 0.0, 'trend': 0.497, 'position': 0.563, 'sector': 0.75, 'continuity': 0.3}",0.0,[],竞价涨幅 0.78% 超出区间
600785,新华百货,10.0,10.32,10.49,1.65,0.165,4280000.0,227650000.0,0.0188,1.45,2.52,1.65,0.19,False,0.87,0.5282258064516129,False,False,False,False,0,零售,1,3,False,False,A,4.5,26.1,26.104821246120913,"{'gap': 0.0, 'volume': 0.559, 'trend': 0.532, 'position': 0.0, 'sector': 0.0, 'continuity': 0.3}",0.0,[],竞价涨幅 1.65% 超出区间
000417,合百集团,10.0,5.7,5.72,0.35,0.035,940000.0,227060000.0,0.00414,-1.05,-0.88,0.35,1.4,True,-1.23,0.06779661016949158,False,False,False,False,0,零售,1,3,False,False,B,1.0,31.6,31.62429378531073,"{'gap': 0.0, 'volume': 0.0, 'trend': 0.883, 'position': 0.831, 'sector': 0.0, 'continuity': 0.3}",0.0,[],竞价涨幅 0.35% 超出区间
002403,爱仕达,10.0,9.68,9.69,0.1,0.01,1070000.0,226070000.0,0.00473,1.55,0.83,0.1,-1.45,False,0.72,0.3155172413793103,False,False,False,False,0,小家电,0,1,False,False,B,1.1,9.8,9.83477011494253,"{'gap': 0.0, 'volume': 0.0, 'trend': 0.258, 'position': 0.211, 'sector': 0.0, 'continuity': 0.3}",0.0,[],竞价涨幅 0.10% 超出区间
920060,万源通,30.0,28.9,28.6,-1.04,-0.035,1615800.0000000002,225610099.99999997,0.00716,-1.38,-1.28,-1.04,0.35,True,-0.24,1.0,True,False,False,False,0,元件,5,1,False,False,A,1.7,34.4,34.38888888888889,"{'gap': 0.0, 'volume': 0.0, 'trend': 0.669, 'position': 0.3, 'sector': 1.0, 'continuity': 0.3}",0.0,[],竞价涨幅 -1.04% 超出区间
301682,宏明电子,20.0,113.36,116.0,2.33,0.116,6530000.0,225350000.0,0.02898,2.33,2.33,2.33,0.0,True,0.0,0.13599999999999998,True,True,False,False,0,军工电子,3,1,False,False,A,7.0,62.6,62.58369549161251,"{'gap': 0.22, 'volume': 0.967, 'trend': 0.65, 'position': 0.8, 'sector': 0.5, 'continuity': 0.3}",0.0,[],
603105,芯能科技,10.0,8.18,8.1,-0.98,-0.098,1920000.0,225330000.0,0.00852,0.0,0.0,-0.98,-0.98,False,0.98,0.7971698113207548,True,False,False,False,0,电力,0,2,False,False,A,2.0,15.7,15.733333333333333,"{'gap': 0.0, 'volume': 0.0, 'trend': 0.337, 'position': 0.5, 'sector': 0.0, 'continuity': 0.3}",0.0,[],竞价涨幅 -0.98% 超出区间
688717,艾罗能源,20.0,44.12,44.12,0.0,0.0,960000.0,224570000.0,0.00427,0.61,0.86,0.0,-0.61,False,0.86,0.03638554216867465,False,False,False,False,0,光伏设备,0,1,False,False,B,1.0,24.1,24.118875502008034,"{'gap': 0.0, 'volume': 0.0, 'trend': 0.449, 'position': 0.909, 'sector': 0.0, 'continuity': 0.3}",0.0,[],竞价涨幅 0.00% 超出区间
300050,世纪鼎利,20.0,7.2,7.2,0.0,0.0,490000.0,223970000.0,0.00219,0.69,1.11,0.0,-0.69,False,1.11,0.860082304526749,False,False,False,False,0,通信服务,0,0,False,False,A,0.5,13.4,13.350000000000001,"{'gap': 0.0, 'volume': 0.0, 'trend': 0.443, 'position': 0.2, 'sector': 0.0, 'continuity': 0.3}",0.0,[],竞价涨幅 0.00% 超出区间
301072,中捷精工,20.0,50.91,51.28,0.73,0.036,2930000.0,223790000.0,0.01309,1.96,1.0,0.73,-1.24,False,0.27,1.0,True,False,False,False,0,汽车零部件,1,2,False,False,A,3.1,19.4,19.36198641806946,"{'gap': 0.0, 'volume': 0.217, 'trend': 0.397, 'position': 0.3, 'sector': 0.0, 'continuity': 0.3}",0.0,[],竞价涨幅 0.73% 超出区间
688727,恒坤新材,20.0,49.19,49.8,1.24,0.062,750000.0,223070000.0,0.00336,0.0,0.83,1.24,1.24,True,-0.41,0.32176906779661013,False,False,False,False,0,半导体,7,4,False,False,B,0.8,34.5,34.500326624293784,"{'gap': 0.0, 'volume': 0.0, 'trend': 0.753, 'position': 0.196, 'sector': 1.0, 'continuity': 0.3}",0.0,[],竞价涨幅 1.24% 超出区间
301305,朗坤科技,20.0,25.98,25.66,-1.23,-0.062,670000.0,222990000.0,0.003,-1.42,-1.42,-1.23,0.19,True,-0.19,0.6340933767643865,False,False,False,False,0,环境治理,0,1,False,False,A,0.7,17.8,17.81666666666667,"{'gap': 0.0, 'volume': 0.0, 'trend': 0.666, 'position': 0.2, 'sector': 0.0, 'continuity': 0.3}",0.0,[],竞价涨幅 -1.23% 超出区间
300539,横河精密,20.0,18.09,17.99,-0.55,-0.028,870000.0,221640000.0,0.00393,0.0,-2.99,-0.55,-0.55,False,-2.43,0.18728717366628816,False,False,False,False,0,塑料制品,0,1,False,False,B,0.9,18.6,18.560064320847523,"{'gap': 0.0, 'volume': 0.0, 'trend': 0.454, 'position': 0.532, 'sector': 0.0, 'continuity': 0.3}",0.0,[],竞价涨幅 -0.55% 超出区间
000797,中国武夷,10.0,2.69,2.66,-1.12,-0.112,7950000.0,221150000.0,0.03595,-0.74,-3.35,-1.12,-0.37,False,-2.23,1.0,False,False,False,True,0,房地产,0,4,False,False,A,8.6,0.0,0.0,"{'gap': 0.0, 'volume': 0.928, 'trend': 0.438, 'position': 0.0, 'sector': 0.0, 'continuity': 0.3}",45.0,"['高位极端放量', '昨日炸板']",竞价涨幅 -1.12% 超出区间
300711,广哈通信,20.0,19.07,19.09,0.1,0.005,1620000.0,220640000.0,0.00734,-2.15,-0.89,0.1,2.25,True,-1.0,0.7158620689655173,False,False,False,False,0,通信设备,2,2,False,False,A,1.8,29.5,29.500000000000004,"{'gap': 0.0, 'volume': 0.0, 'trend': 0.838, 'position': 0.2, 'sector': 0.55, 'continuity': 0.3}",0.0,[],竞价涨幅 0.10% 超出区间
603136,天目湖,10.0,9.13,9.2,0.77,0.077,4060000.0,219940000.0,0.01846,0.55,1.53,0.77,0.22,False,0.77,0.3280000000000001,False,False,False,False,0,旅游及酒店,0,1,False,False,B,4.4,28.5,28.47413439757937,"{'gap': 0.0, 'volume': 0.542, 'trend': 0.537, 'position': 0.18, 'sector': 0.0, 'continuity': 0.3}",0.0,[],竞价涨幅 0.77% 超出区间
301360,荣旗科技,20.0,63.65,63.84,0.3,0.015,560000.0,219810000.0,0.00255,0.24,0.3,0.3,0.06,True,0.0,0.6885245901639344,True,False,False,False,0,自动化设备,3,0,False,False,A,0.6,29.6,29.600000000000005,"{'gap': 0.0, 'volume': 0.0, 'trend': 0.655, 'position': 0.5, 'sector': 0.5, 'continuity': 0.3}",0.0,[],竞价涨幅 0.30% 超出区间
301662,宏工科技,20.0,68.72,68.72,0.0,0.0,890000.0,219490000.0,0.00405,0.0,-0.83,0.0,0.0,False,-0.83,0.248674809864024,False,False,False,False,0,电池,0,1,False,False,B,1.0,17.2,17.1746946300991,"{'gap': 0.0, 'volume': 0.0, 'trend': 0.5, 'position': 0.378, 'sector': 0.0, 'continuity': 0.3}",0.0,[],竞价涨幅 0.00% 超出区间
002788,鹭燕医药,10.0,11.1,11.1,0.0,0.0,1610000.0,219360000.0,0.00734,-0.9,0.0,0.0,0.9,True,0.0,0.5918367346938773,False,False,False,False,0,医药商业,0,2,False,False,A,1.8,20.5,20.5,"{'gap': 0.0, 'volume': 0.0, 'trend': 0.8, 'position': 0.2, 'sector': 0.0, 'continuity': 0.3}",0.0,[],竞价涨幅 0.00% 超出区间
003041,真爱美家,10.0,42.02,42.08,0.14,0.014,2960000.0,219300000.0,0.0135,7.14,4.71,0.14,-7.0,False,4.57,0.6693877551020411,False,True,True,False,1,服装家纺,0,4,False,False,A,3.2,8.4,8.40645539682237,"{'gap': 0.0, 'volume': 0.246, 'trend': 0.0, 'position': 0.7, 'sector': 0.0, 'continuity': 0.85}",12.5,['竞价尾段走弱'],竞价涨幅 0.14% 超出区间
688203,海正生材,20.0,17.67,17.66,-0.06,-0.003,3180000.0,218690000.0,0.01454,-0.06,-0.06,-0.06,0.0,True,0.0,1.0,True,False,False,False,0,塑料制品,0,1,False,False,A,3.5,26.9,26.9077857919344,"{'gap': 0.0, 'volume': 0.316, 'trend': 0.65, 'position': 0.3, 'sector': 0.0, 'continuity': 0.3}",0.0,[],竞价涨幅 -0.06% 超出区间
301528,多浦乐,20.0,74.88,74.69,-0.25,-0.013,510000.0,218600000.0,0.00233,0.68,0.01,-0.25,-0.93,False,0.27,0.7666220437304773,True,False,False,False,0,通用设备,1,3,False,False,A,0.6,17.4,17.45,"{'gap': 0.0, 'volume': 0.0, 'trend': 0.422, 'position': 0.5, 'sector': 0.0, 'continuity': 0.3}",0.0,[],竞价涨幅 -0.25% 超出区间
000607,华媒控股,10.0,4.12,4.53,9.95,0.995,29720000.0,218570000.0,0.13597,9.95,9.95,9.95,0.0,True,0.0,1.0,True,True,False,False,0,文化传媒,3,3,False,True,A,32.6,8.5,8.5,"{'gap': 0.0, 'volume': 0.0, 'trend': 0.65, 'position': 0.8, 'sector': 0.8, 'continuity': 0.3}",30.0,['高位极端放量'],一字板（买不进）
300950,德固特,20.0,20.54,20.5,-0.19,-0.01,1920000.0,218560000.0,0.00878,1.02,1.46,-0.19,-1.22,False,1.66,1.0,False,False,False,False,0,专用设备,1,1,False,False,A,2.1,0.0,0.0,"{'gap': 0.0, 'volume': 0.0, 'trend': 0.398, 'position': 0.0, 'sector': 0.0, 'continuity': 0.3}",12.5,['竞价尾段走弱'],竞价涨幅 -0.19% 超出区间
603696,安记食品,10.0,13.98,13.94,-0.29,-0.029,1480000.0,217790000.0,0.0068,0.07,0.07,-0.29,-0.36,False,0.36,0.4972972972972974,False,False,False,False,0,食品加工制造,0,0,False,False,A,1.6,10.3,10.3,"{'gap': 0.0, 'volume': 0.0, 'trend': 0.44, 'position': 0.0, 'sector': 0.0, 'continuity': 0.3}",0.0,[],竞价涨幅 -0.29% 超出区间
920571,国航远洋,30.0,9.34,9.28,-0.64,-0.021,1866699.9999999998,217572100.0,0.00858,-0.11,-1.07,-0.64,-0.54,False,-0.43,0.5804195804195806,False,False,False,False,0,港口航运,0,0,False,False,A,2.1,13.9,13.900000000000002,"{'gap': 0.0, 'volume': 0.0, 'trend': 0.47, 'position': 0.2, 'sector': 0.0, 'continuity': 0.3}",0.0,[],竞价涨幅 -0.64% 超出区间
301563,云汉芯城,20.0,115.99,116.8,0.7,0.035,1480000.0,216160000.0,0.00685,0.47,0.87,0.7,0.23,False,0.17,0.12299144015617959,False,False,False,False,0,其他电子,2,1,False,False,B,1.6,26.0,26.021154327476598,"{'gap': 0.0, 'volume': 0.0, 'trend': 0.519, 'position': 0.693, 'sector': 0.25, 'continuity': 0.3}",0.0,[],竞价涨幅 0.70% 超出区间
301568,思泰克,20.0,73.05,73.27,0.3,0.015,590000.0,215690000.0,0.00274,0.33,0.3,0.3,-0.03,False,0.0,0.32189973614775724,True,False,False,False,0,自动化设备,3,0,False,False,B,0.7,24.9,24.878759894459108,"{'gap': 0.0, 'volume': 0.0, 'trend': 0.497, 'position': 0.395, 'sector': 0.5, 'continuity': 0.3}",0.0,[],竞价涨幅 0.30% 超出区间
002295,精艺股份,10.0,10.03,10.03,0.0,0.0,3270000.0,215640000.0,0.01516,0.0,-2.29,0.0,0.0,False,-2.29,0.5307377049180326,False,False,False,False,0,工业金属,0,0,False,False,A,3.6,20.4,20.393184134576497,"{'gap': 0.0, 'volume': 0.356, 'trend': 0.5, 'position': 0.0, 'sector': 0.0, 'continuity': 0.3}",0.0,[],竞价涨幅 0.00% 超出区间
300798,锦鸡股份,20.0,8.28,8.6,3.86,0.193,4380000.0,214480000.0,0.02042,2.78,2.78,3.86,1.09,True,-1.09,0.6590257879656157,False,False,False,False,0,化学制品,2,3,False,False,A,4.9,58.7,58.68875398035205,"{'gap': 0.76, 'volume': 0.637, 'trend': 0.741, 'position': 0.2, 'sector': 0.55, 'continuity': 0.3}",0.0,[],
688265,南模生物,20.0,44.78,44.55,-0.51,-0.026,880000.0,214090000.0,0.00411,1.0,1.0,-0.51,-1.52,False,1.52,0.6319845857418112,False,False,False,False,0,医疗服务,4,1,False,False,A,1.0,10.7,10.716666666666661,"{'gap': 0.0, 'volume': 0.0, 'trend': 0.373, 'position': 0.2, 'sector': 0.75, 'continuity': 0.3}",12.5,['竞价尾段走弱'],竞价涨幅 -0.51% 超出区间
603020,爱普股份,10.0,11.43,11.43,0.0,0.0,1180000.0,213570000.0,0.00553,0.0,-1.57,0.0,0.0,False,-1.57,0.42198581560283677,True,False,False,False,0,化学制品,2,3,False,False,A,1.3,24.3,24.250000000000004,"{'gap': 0.0, 'volume': 0.0, 'trend': 0.5, 'position': 0.3, 'sector': 0.55, 'continuity': 0.3}",0.0,[],竞价涨幅 0.00% 超出区间
301696,三瑞智能,20.0,95.99,95.0,-1.03,-0.052,1110000.0,213380000.0,0.0052,-0.01,-0.01,-1.03,-1.02,False,1.02,0.13142968902796787,False,False,False,False,0,军工装备,0,0,False,False,B,1.2,19.9,19.871386661451208,"{'gap': 0.0, 'volume': 0.0, 'trend': 0.415, 'position': 0.671, 'sector': 0.0, 'continuity': 0.3}",0.0,[],竞价涨幅 -1.03% 超出区间
688115,思林杰,20.0,65.15,65.41,0.4,0.02,450000.0,213120000.0,0.00211,0.28,2.84,0.4,0.12,False,2.44,0.57248981548047,False,False,False,False,0,通用设备,1,3,False,False,A,0.5,2.2,2.200000000000003,"{'gap': 0.0, 'volume': 0.0, 'trend': 0.51, 'position': 0.2, 'sector': 0.0, 'continuity': 0.3}",12.5,['竞价尾段走弱'],竞价涨幅 0.40% 超出区间
300575,中旗股份,20.0,6.01,5.91,-1.66,-0.083,2240000.0,210930000.0,0.01062,-0.83,-1.0,-1.66,-0.83,False,0.67,0.7622377622377623,False,False,False,False,0,农化制品,0,0,False,False,A,2.5,13.6,13.610657985605862,"{'gap': 0.0, 'volume': 0.02, 'trend': 0.431, 'position': 0.2, 'sector': 0.0, 'continuity': 0.3}",0.0,[],竞价涨幅 -1.66% 超出区间
300051,琏升科技,20.0,8.47,8.5,0.35,0.018,400000.0,210850000.0,0.0019,0.0,0.0,0.35,0.35,True,-0.35,0.5408163265306124,False,False,False,False,0,光伏设备,0,1,False,False,A,0.5,15.1,15.083333333333332,"{'gap': 0.0, 'volume': 0.0, 'trend': 0.679, 'position': 0.0, 'sector': 0.0, 'continuity': 0.3}",0.0,[],竞价涨幅 0.35% 超出区间
603615,茶花股份,10.0,20.0,19.81,-0.95,-0.095,1370000.0,210510000.0,0.00651,-6.05,-1.35,-0.95,5.1,True,-0.4,1.0,True,False,False,False,0,家居用品,0,6,False,False,A,1.6,26.0,26.0,"{'gap': 0.0, 'volume': 0.0, 'trend': 1.0, 'position': 0.3, 'sector': 0.0, 'continuity': 0.3}",0.0,[],竞价涨幅 -0.95% 超出区间
603183,建研院,10.0,5.13,5.11,-0.39,-0.039,1460000.0,210410000.0,0.00694,-3.51,-2.73,-0.39,3.12,True,-2.34,1.0,False,False,False,False,0,其他社会服务,0,0,False,False,A,1.7,21.5,21.500000000000004,"{'gap': 0.0, 'volume': 0.0, 'trend': 1.0, 'position': 0.0, 'sector': 0.0, 'continuity': 0.3}",0.0,[],竞价涨幅 -0.39% 超出区间
688309,恒誉科技,20.0,77.92,78.7,1.0,0.05,470000.0,209470000.0,0.00224,1.0,1.0,1.0,0.0,True,0.0,0.8453874538745388,False,False,False,False,0,环保设备,0,0,False,False,A,0.5,17.5,17.5,"{'gap': 0.0, 'volume': 0.0, 'trend': 0.65, 'position': 0.2, 'sector': 0.0, 'continuity': 0.3}",0.0,[],竞价涨幅 1.00% 超出区间
001229,魅视科技,10.0,39.99,40.3,0.78,0.078,4720000.0,208150000.0,0.02268,7.23,0.0,0.78,-6.45,False,-0.78,0.45454545454545475,False,False,True,False,1,计算机设备,0,1,False,False,A,5.4,22.6,22.649185219434262,"{'gap': 0.0, 'volume': 0.736, 'trend': 0.0, 'position': 0.0, 'sector': 0.0, 'continuity': 0.85}",0.0,[],竞价涨幅 0.78% 超出区间
301516,中远通,20.0,19.55,19.4,-0.77,-0.038,420000.0,207290000.0,0.00203,0.36,0.51,-0.77,-1.13,False,1.28,0.5448343079922028,False,False,False,False,0,其他电源设备,1,0,False,False,A,0.5,0.0,0.0,"{'gap': 0.0, 'volume': 0.0, 'trend': 0.406, 'position': 0.0, 'sector': 0.0, 'continuity': 0.3}",12.5,['竞价尾段走弱'],竞价涨幅 -0.77% 超出区间
603266,天龙股份,10.0,17.13,16.86,-1.58,-0.158,2040000.0,206860000.0,0.00986,0.0,-1.93,-1.58,-1.58,False,-0.35,0.735042735042735,True,False,False,False,0,汽车零部件,1,2,False,False,A,2.4,13.7,13.73333333333333,"{'gap': 0.0, 'volume': 0.0, 'trend': 0.237, 'position': 0.5, 'sector': 0.0, 'continuity': 0.3}",0.0,[],竞价涨幅 -1.58% 超出区间
603285,键邦股份,10.0,37.86,37.87,0.03,0.003,320000.0,204950000.0,0.00156,0.63,0.34,0.03,-0.61,False,0.32,0.48878504672897205,True,False,False,False,0,化学制品,2,3,False,False,A,0.4,22.2,22.21666666666667,"{'gap': 0.0, 'volume': 0.0, 'trend': 0.398, 'position': 0.3, 'sector': 0.55, 'continuity': 0.3}",0.0,[],竞价涨幅 0.03% 超出区间
301599,理奇智能,20.0,33.77,33.5,-0.8,-0.04,860000.0,204490000.0,0.00421,-0.21,-1.15,-0.8,-0.59,False,-0.36,0.25764476252439844,False,False,False,False,0,电池,0,1,False,False,B,1.0,15.9,15.854988072001724,"{'gap': 0.0, 'volume': 0.0, 'trend': 0.451, 'position': 0.356, 'sector': 0.0, 'continuity': 0.3}",0.0,[],竞价涨幅 -0.80% 超出区间
002806,华锋股份,10.0,15.02,15.27,1.66,0.166,3280000.0,203630000.0,0.01611,-1.07,-1.26,1.66,2.73,False,-2.93,0.41633199464524767,True,False,False,False,0,汽车零部件,1,2,False,False,A,3.9,35.4,35.427493656651,"{'gap': 0.0, 'volume': 0.413, 'trend': 0.955, 'position': 0.3, 'sector': 0.0, 'continuity': 0.3}",0.0,[],竞价涨幅 1.66% 超出区间
301399,英特科技,20.0,21.49,21.17,-1.49,-0.074,720000.0,203360000.0,0.00354,-2.28,-1.49,-1.49,0.79,True,0.0,0.7948990435706692,False,False,False,False,0,通用设备,1,3,False,False,A,0.8,18.8,18.816666666666666,"{'gap': 0.0, 'volume': 0.0, 'trend': 0.716, 'position': 0.2, 'sector': 0.0, 'continuity': 0.3}",0.0,[],竞价涨幅 -1.49% 超出区间
001317,三羊马,10.0,54.51,56.03,2.79,0.279,15570000.0,201270000.0,0.07736,10.0,10.0,2.79,-7.21,False,7.21,0.7792860734037205,False,False,True,False,1,物流,0,1,False,False,A,18.6,5.3,5.283333333333335,"{'gap': 0.527, 'volume': 0.0, 'trend': 0.0, 'position': 0.2, 'sector': 0.0, 'continuity': 0.85}",12.5,['竞价尾段走弱'],竞价量能 7.74%(量比≈18.6) 超出区间
001201,东瑞股份,10.0,14.62,14.88,1.78,0.178,1800000.0,200230000.0,0.00899,2.12,2.05,1.78,-0.34,False,0.27,1.0,True,False,False,False,0,养殖业,0,0,False,False,A,2.2,14.9,14.866666666666667,"{'gap': 0.0, 'volume': 0.0, 'trend': 0.443, 'position': 0.3, 'sector': 0.0, 'continuity': 0.3}",0.0,[],竞价涨幅 1.78% 超出区间
000890,法尔胜,10.0,7.68,7.73,0.65,0.065,700000.0,199680000.0,0.00351,1.17,1.17,0.65,-0.52,False,0.52,0.5033557046979865,False,False,False,False,0,环保设备,0,0,False,False,A,0.8,9.8,9.766666666666666,"{'gap': 0.0, 'volume': 0.0, 'trend': 0.413, 'position': 0.0, 'sector': 0.0, 'continuity': 0.3}",0.0,[],竞价涨幅 0.65% 超出区间
300410,正业科技,20.0,8.79,8.8,0.11,0.006,530000.0,198700000.0,0.00267,0.0,0.11,0.11,0.11,True,0.0,0.5032679738562089,True,False,False,False,0,电池,0,1,False,False,A,0.6,19.2,19.183333333333337,"{'gap': 0.0, 'volume': 0.0, 'trend': 0.659, 'position': 0.3, 'sector': 0.0, 'continuity': 0.3}",0.0,[],竞价涨幅 0.11% 超出区间
002981,朝阳科技,10.0,25.73,24.96,-2.99,-0.299,2110000.0,197990000.0,0.01066,0.62,0.62,-2.99,-3.61,False,3.61,1.0,True,False,False,False,0,消费电子,0,1,False,False,A,2.6,0.0,0.0,"{'gap': 0.0, 'volume': 0.023, 'trend': 0.0, 'position': 0.3, 'sector': 0.0, 'continuity': 0.3}",12.5,['竞价尾段走弱'],竞价涨幅 -2.99% 超出区间
688767,博拓生物,20.0,40.94,41.05,0.27,0.013,1890000.0,197380000.0,0.00958,0.15,0.15,0.27,0.12,True,-0.12,0.8608094768015792,True,True,False,False,0,医疗器械,0,0,False,False,A,2.3,29.7,29.700000000000003,"{'gap': 0.0, 'volume': 0.0, 'trend': 0.66, 'position': 1.0, 'sector': 0.0, 'continuity': 0.3}",0.0,[],竞价涨幅 0.27% 超出区间
301393,昊帆生物,20.0,60.44,60.92,0.79,0.04,1610000.0,196840000.0,0.00818,0.0,0.0,0.79,0.79,True,-0.79,0.4606854838709677,False,False,False,False,0,生物制品,3,0,False,False,A,2.0,23.3,23.31666666666667,"{'gap': 0.0, 'volume': 0.0, 'trend': 0.716, 'position': 0.0, 'sector': 0.5, 'continuity': 0.3}",0.0,[],竞价涨幅 0.79% 超出区间
688765,禾元生物-U,20.0,37.75,37.98,0.61,0.03,600000.0,196200000.0,0.00306,-1.59,-1.43,0.61,2.2,True,-2.04,0.22437050359712238,False,False,False,False,0,生物制品,3,0,False,False,B,0.7,32.3,32.25277278177458,"{'gap': 0.0, 'volume': 0.0, 'trend': 0.833, 'position': 0.439, 'sector': 0.5, 'continuity': 0.3}",0.0,[],竞价涨幅 0.61% 超出区间
001368,通达创智,10.0,32.45,32.23,-0.68,-0.068,2890000.0,195750000.0,0.01476,-7.55,-3.11,-0.68,6.87,True,-2.43,1.0,True,False,False,False,0,家居用品,0,6,False,False,A,3.5,34.3,34.26217191822711,"{'gap': 0.0, 'volume': 0.33, 'trend': 1.0, 'position': 0.3, 'sector': 0.0, 'continuity': 0.3}",0.0,[],竞价涨幅 -0.68% 超出区间
301608,博实结,20.0,50.26,49.8,-0.92,-0.046,1630000.0,194900000.0,0.00836,-2.47,-2.47,-0.92,1.55,True,-1.55,0.8146853146853144,False,False,False,False,0,汽车零部件,1,2,False,False,A,2.0,20.1,20.083333333333336,"{'gap': 0.0, 'volume': 0.0, 'trend': 0.779, 'position': 0.2, 'sector': 0.0, 'continuity': 0.3}",0.0,[],竞价涨幅 -0.92% 超出区间
300571,平治信息,20.0,29.03,29.03,0.0,0.0,1160000.0,193400000.0,0.006,0.03,0.0,0.0,-0.03,False,0.0,0.09983810037776586,False,False,False,False,0,通信服务,0,0,False,False,B,1.4,22.7,22.70607123583378,"{'gap': 0.0, 'volume': 0.0, 'trend': 0.497, 'position': 0.75, 'sector': 0.0, 'continuity': 0.3}",0.0,[],竞价涨幅 0.00% 超出区间
300815,玉禾田,20.0,15.52,15.42,-0.64,-0.032,1440000.0,193150000.0,0.00746,-0.77,-0.77,-0.64,0.13,True,-0.13,0.30028328611898003,False,False,False,False,0,环境治理,0,1,False,False,B,1.8,18.5,18.456043437204915,"{'gap': 0.0, 'volume': 0.0, 'trend': 0.661, 'position': 0.249, 'sector': 0.0, 'continuity': 0.3}",0.0,[],竞价涨幅 -0.64% 超出区间
001257,盛龙股份,10.0,23.38,23.37,-0.04,-0.004,960000.0,192910000.0,0.00498,0.0,0.0,-0.04,-0.04,False,0.04,0.09316770186335374,False,False,False,False,0,小金属,0,0,False,False,B,1.2,22.9,22.8728778467909,"{'gap': 0.0, 'volume': 0.0, 'trend': 0.493, 'position': 0.767, 'sector': 0.0, 'continuity': 0.3}",0.0,[],竞价涨幅 -0.04% 超出区间
300246,宝莱特,20.0,15.72,15.9,1.15,0.057,520000.0,192660000.0,0.0027,0.13,0.13,1.15,1.02,True,-1.02,0.34565619223659894,False,False,False,False,0,医疗器械,0,0,False,False,B,0.6,18.2,18.237892791127543,"{'gap': 0.0, 'volume': 0.0, 'trend': 0.735, 'position': 0.136, 'sector': 0.0, 'continuity': 0.3}",0.0,[],竞价涨幅 1.15% 超出区间
300927,江天化学,20.0,26.94,26.71,-0.85,-0.043,1330000.0,192360000.0,0.00691,-4.31,-3.41,-0.85,3.45,True,-2.56,0.47152317880794703,False,False,False,False,0,化学原料,1,0,False,False,A,1.7,20.2,20.25,"{'gap': 0.0, 'volume': 0.0, 'trend': 0.938, 'position': 0.0, 'sector': 0.0, 'continuity': 0.3}",0.0,[],竞价涨幅 -0.85% 超出区间
001360,南矿集团,10.0,20.56,20.55,-0.05,-0.005,800000.0,192240000.0,0.00416,0.0,0.0,-0.05,-0.05,False,0.05,1.0,False,False,False,False,0,专用设备,1,1,False,False,A,1.0,11.3,11.333333333333332,"{'gap': 0.0, 'volume': 0.0, 'trend': 0.492, 'position': 0.0, 'sector': 0.0, 'continuity': 0.3}",0.0,[],竞价涨幅 -0.05% 超出区间
603716,塞力医疗,10.0,16.17,16.44,1.67,0.167,1240000.0,191660000.0,0.00647,1.79,1.67,1.67,-0.12,False,0.0,0.5256166982922202,False,False,False,False,0,医药商业,0,2,False,False,A,1.6,11.1,11.1,"{'gap': 0.0, 'volume': 0.0, 'trend': 0.48, 'position': 0.0, 'sector': 0.0, 'continuity': 0.3}",0.0,[],竞价涨幅 1.67% 超出区间
600876,凯盛新能,10.0,8.4,8.39,-0.12,-0.012,1980000.0,189440000.0,0.01045,1.43,1.43,-0.12,-1.55,False,1.55,0.6507462686567165,True,False,False,False,0,光伏设备,0,1,False,False,A,2.5,1.4,1.4465155686451965,"{'gap': 0.0, 'volume': 0.005, 'trend': 0.242, 'position': 0.5, 'sector': 0.0, 'continuity': 0.3}",12.5,['竞价尾段走弱'],竞价涨幅 -0.12% 超出区间
920021,流金科技,30.0,8.08,8.35,3.34,0.111,3227300.0,189213200.0,0.01706,0.0,1.24,3.34,3.34,True,-2.1,0.628654970760234,False,False,False,False,0,文化传媒,3,3,False,False,A,4.1,62.8,62.7573764114484,"{'gap': 0.893, 'volume': 0.467, 'trend': 0.836, 'position': 0.2, 'sector': 0.8, 'continuity': 0.3}",0.0,[],
000504,南华生物,10.0,10.01,11.01,9.99,0.999,23860000.0,187860000.0,0.12701,9.99,9.99,9.99,0.0,True,0.0,1.0,True,True,True,False,2,医疗服务,4,1,False,True,A,30.5,11.2,11.25,"{'gap': 0.0, 'volume': 0.0, 'trend': 0.65, 'position': 0.8, 'sector': 0.75, 'continuity': 1.0}",30.0,['高位极端放量'],一字板（买不进）
002918,蒙娜丽莎,10.0,11.1,11.18,0.72,0.072,1320000.0,187810000.0,0.00703,0.09,0.63,0.72,0.63,True,-0.09,0.8111455108359129,True,False,False,False,0,家居用品,0,6,False,False,A,1.7,24.1,24.100000000000005,"{'gap': 0.0, 'volume': 0.0, 'trend': 0.755, 'position': 0.5, 'sector': 0.0, 'continuity': 0.3}",0.0,[],竞价涨幅 0.72% 超出区间
600793,宜宾纸业,10.0,17.3,17.3,0.0,0.0,1710000.0,186870000.0,0.00915,0.0,0.0,0.0,0.0,True,0.0,0.717983651226158,True,False,False,False,0,造纸,0,0,False,False,A,2.2,22.0,22.000000000000004,"{'gap': 0.0, 'volume': 0.0, 'trend': 0.65, 'position': 0.5, 'sector': 0.0, 'continuity': 0.3}",0.0,[],竞价涨幅 0.00% 超出区间
001223,欧克科技,10.0,45.41,45.0,-0.9,-0.09,1850000.0,186790000.0,0.0099,-2.99,-3.11,-0.9,2.09,False,-2.2,0.6823118696664079,True,False,False,False,0,自动化设备,3,0,False,False,A,2.4,33.5,33.466666666666676,"{'gap': 0.0, 'volume': 0.0, 'trend': 0.848, 'position': 0.5, 'sector': 0.5, 'continuity': 0.3}",0.0,[],竞价涨幅 -0.90% 超出区间
600838,上海九百,10.0,8.59,8.76,1.98,0.198,7750000.0,186160000.0,0.04163,9.9,7.45,1.98,-7.92,False,5.47,0.8468085106382981,False,False,True,False,1,零售,1,3,False,False,A,10.0,16.5,16.47376320455271,"{'gap': 0.0, 'volume': 0.869, 'trend': 0.0, 'position': 0.2, 'sector': 0.0, 'continuity': 0.85}",12.5,['竞价尾段走弱'],竞价涨幅 1.98% 超出区间
300853,申昊科技,20.0,29.38,29.58,0.68,0.034,750000.0,185820000.0,0.00404,-0.44,-0.61,0.68,1.12,False,-1.29,0.637285986049461,True,False,False,False,0,自动化设备,3,0,False,False,A,1.0,28.4,28.366666666666667,"{'gap': 0.0, 'volume': 0.0, 'trend': 0.593, 'position': 0.5, 'sector': 0.5, 'continuity': 0.3}",0.0,[],竞价涨幅 0.68% 超出区间
600192,长城电工,10.0,7.64,7.68,0.52,0.052,1800000.0,185510000.0,0.0097,-0.52,0.52,0.52,1.05,True,0.0,0.6285714285714286,False,False,False,False,0,电网设备,1,6,False,False,A,2.3,21.0,21.000000000000004,"{'gap': 0.0, 'volume': 0.0, 'trend': 0.825, 'position': 0.2, 'sector': 0.0, 'continuity': 0.3}",0.0,[],竞价涨幅 0.52% 超出区间
603900,莱绅通灵,10.0,6.82,6.82,0.0,0.0,2810000.0,184890000.0,0.0152,-2.35,-2.64,0.0,2.35,False,-2.64,0.6113207547169813,False,False,False,False,0,服装家纺,0,4,False,False,A,3.6,31.3,31.288700510018796,"{'gap': 0.0, 'volume': 0.358, 'trend': 0.892, 'position': 0.2, 'sector': 0.0, 'continuity': 0.3}",0.0,[],竞价涨幅 0.00% 超出区间
002362,汉王科技,10.0,16.55,16.55,0.0,0.0,1450000.0,183570000.0,0.0079,0.42,0.0,0.0,-0.42,False,0.0,0.7277936962750718,True,False,False,False,0,软件开发,2,2,False,False,A,1.9,25.9,25.85,"{'gap': 0.0, 'volume': 0.0, 'trend': 0.43, 'position': 0.5, 'sector': 0.55, 'continuity': 0.3}",0.0,[],竞价涨幅 0.00% 超出区间
300659,中孚信息,20.0,10.36,10.49,1.25,0.063,1690000.0,181530000.0,0.00931,2.32,1.16,1.25,-1.06,False,-0.1,0.7272727272727268,True,False,False,False,0,计算机设备,0,1,False,False,A,2.2,17.2,17.233333333333334,"{'gap': 0.0, 'volume': 0.0, 'trend': 0.412, 'position': 0.5, 'sector': 0.0, 'continuity': 0.3}",0.0,[],竞价涨幅 1.25% 超出区间
600746,江苏索普,10.0,7.27,7.11,-2.2,-0.22,1960000.0,180680000.0,0.01085,0.0,-2.34,-2.2,-2.2,False,-0.14,0.9207048458149777,False,False,False,False,0,化学原料,1,0,False,False,A,2.6,8.2,8.16627990737411,"{'gap': 0.0, 'volume': 0.04, 'trend': 0.133, 'position': 0.2, 'sector': 0.0, 'continuity': 0.3}",0.0,[],竞价涨幅 -2.20% 超出区间
600790,轻纺城,10.0,3.63,3.61,-0.55,-0.055,3160000.0,180210000.0,0.01754,-1.93,-0.83,-0.55,1.38,True,-0.28,1.0,False,False,False,False,0,零售,1,3,False,False,A,4.2,31.4,31.434395347223386,"{'gap': 0.0, 'volume': 0.493, 'trend': 0.88, 'position': 0.0, 'sector': 0.0, 'continuity': 0.3}",0.0,[],竞价涨幅 -0.55% 超出区间
300931,通用电梯,20.0,16.85,16.95,0.59,0.03,2440000.0,179820000.0,0.01357,4.04,4.04,0.59,-3.44,False,3.44,1.0,True,True,False,False,0,专用设备,1,1,False,False,A,3.3,11.5,11.545168257784116,"{'gap': 0.0, 'volume': 0.251, 'trend': 0.213, 'position': 0.8, 'sector': 0.0, 'continuity': 0.3}",12.5,['竞价尾段走弱'],竞价涨幅 0.59% 超出区间
920083,金戈新材,30.0,38.36,39.48,2.92,0.097,5143400.0,178357000.0,0.02884,2.09,2.32,2.92,0.83,True,-0.6,0.41153846153846146,False,False,False,False,0,非金属材料,2,0,False,False,A,6.9,55.5,55.50830594494195,"{'gap': 0.613, 'volume': 0.963, 'trend': 0.696, 'position': 0.0, 'sector': 0.25, 'continuity': 0.3}",0.0,[],
600280,中央商场,10.0,3.06,3.04,-0.65,-0.065,630000.0,177710000.0,0.00355,-0.33,0.0,-0.65,-0.33,False,0.65,0.5699999999999998,False,False,False,False,0,零售,1,3,False,False,A,0.9,13.4,13.4,"{'gap': 0.0, 'volume': 0.0, 'trend': 0.445, 'position': 0.2, 'sector': 0.0, 'continuity': 0.3}",0.0,[],竞价涨幅 -0.65% 超出区间
920592,华信永道,30.0,25.92,25.92,0.0,0.0,3113800.0,177611200.0,0.01753,-3.32,-3.16,0.0,3.32,True,-3.16,0.6914893617021278,False,False,False,False,0,软件开发,2,2,False,False,A,4.2,41.8,41.75982632253069,"{'gap': 0.0, 'volume': 0.493, 'trend': 0.834, 'position': 0.2, 'sector': 0.55, 'continuity': 0.3}",0.0,[],竞价涨幅 0.00% 超出区间
601026,道生天合,10.0,15.95,15.83,-0.75,-0.075,6380000.0,177290000.0,0.03599,1.94,0.0,-0.75,-2.7,False,0.75,0.6610169491525419,False,False,True,False,1,塑料制品,0,1,False,False,A,8.6,31.4,31.429562595712156,"{'gap': 0.0, 'volume': 0.927, 'trend': 0.05, 'position': 0.2, 'sector': 0.0, 'continuity': 0.85}",0.0,[],竞价涨幅 -0.75% 超出区间
688811,有研复材,20.0,21.03,20.98,-0.24,-0.012,990000.0,176890000.0,0.0056,0.05,0.05,-0.24,-0.29,False,0.29,0.1516220028208746,False,False,False,False,0,金属新材料,0,0,False,False,B,1.3,20.3,20.330841560883872,"{'gap': 0.0, 'volume': 0.0, 'trend': 0.476, 'position': 0.621, 'sector': 0.0, 'continuity': 0.3}",0.0,[],竞价涨幅 -0.24% 超出区间
001237,惠康科技,10.0,52.59,52.02,-1.08,-0.108,1270000.0,176220000.0,0.00721,0.78,-1.1,-1.08,-1.86,False,-0.02,0.17049576783555032,False,False,False,False,0,通用设备,1,3,False,False,B,1.7,13.9,13.90640870616686,"{'gap': 0.0, 'volume': 0.0, 'trend': 0.19, 'position': 0.574, 'sector': 0.0, 'continuity': 0.3}",0.0,[],竞价涨幅 -1.08% 超出区间
300560,中富通,20.0,18.02,18.09,0.39,0.019,270000.0,176100000.0,0.00153,0.39,0.39,0.39,0.0,True,0.0,0.6069958847736625,False,False,False,False,0,通信服务,0,0,False,False,A,0.4,17.5,17.5,"{'gap': 0.0, 'volume': 0.0, 'trend': 0.65, 'position': 0.2, 'sector': 0.0, 'continuity': 0.3}",0.0,[],竞价涨幅 0.39% 超出区间
300626,华瑞股份,20.0,28.88,29.23,1.21,0.061,520000.0,176030000.0,0.00295,0.0,0.0,1.21,1.21,True,-1.21,0.4648105181747873,False,False,False,False,0,电机,0,0,False,False,A,0.7,16.5,16.51666666666667,"{'gap': 0.0, 'volume': 0.0, 'trend': 0.751, 'position': 0.0, 'sector': 0.0, 'continuity': 0.3}",0.0,[],竞价涨幅 1.21% 超出区间
300752,隆利科技,20.0,13.28,13.27,-0.08,-0.004,310000.0,174460000.0,0.00178,-2.26,-1.51,-0.08,2.18,True,-1.43,0.74496644295302,True,False,False,False,0,光学光电子,1,3,False,False,A,0.4,25.6,25.633333333333336,"{'gap': 0.0, 'volume': 0.0, 'trend': 0.832, 'position': 0.5, 'sector': 0.0, 'continuity': 0.3}",0.0,[],竞价涨幅 -0.08% 超出区间
300652,雷迪克,20.0,26.8,26.24,-2.09,-0.104,2890000.0,173530000.0,0.01665,-2.24,-5.0,-2.09,0.15,False,-2.91,0.16931216931216947,False,False,False,False,0,汽车零部件,1,2,False,False,B,4.0,31.5,31.506328685146457,"{'gap': 0.0, 'volume': 0.444, 'trend': 0.512, 'position': 0.577, 'sector': 0.0, 'continuity': 0.3}",0.0,[],竞价涨幅 -2.09% 超出区间
301592,六九一二,20.0,116.07,116.07,0.0,0.0,950000.0,173480000.0,0.00548,0.0,0.0,0.0,0.0,True,0.0,0.4874869655891553,True,False,False,False,0,军工电子,3,1,False,False,A,1.3,26.5,26.5,"{'gap': 0.0, 'volume': 0.0, 'trend': 0.65, 'position': 0.3, 'sector': 0.5, 'continuity': 0.3}",0.0,[],竞价涨幅 0.00% 超出区间
688159,有方科技,20.0,36.53,36.8,0.74,0.037,1510000.0,172830000.0,0.00874,-0.22,-0.22,0.74,0.96,True,-0.96,0.504678727386151,True,False,False,False,0,通信设备,2,2,False,False,A,2.1,28.9,28.850000000000005,"{'gap': 0.0, 'volume': 0.0, 'trend': 0.73, 'position': 0.3, 'sector': 0.55, 'continuity': 0.3}",0.0,[],竞价涨幅 0.74% 超出区间
603016,新宏泰,10.0,30.48,31.35,2.85,0.285,14520000.0,171440000.0,0.08469,10.01,9.97,2.85,-7.15,False,7.12,0.4863982589771489,False,False,True,False,1,电网设备,1,6,False,False,A,20.3,3.1,3.0833333333333357,"{'gap': 0.567, 'volume': 0.0, 'trend': 0.0, 'position': 0.0, 'sector': 0.0, 'continuity': 0.85}",12.5,['竞价尾段走弱'],竞价量能 8.47%(量比≈20.3) 超出区间
300554,三超新材,20.0,22.97,22.92,-0.22,-0.011,1170000.0,171140000.0,0.00684,-3.09,-2.0,-0.22,2.87,True,-1.78,0.5367441860465116,True,False,False,False,0,通用设备,1,3,False,False,A,1.6,23.8,23.783333333333335,"{'gap': 0.0, 'volume': 0.0, 'trend': 0.889, 'position': 0.3, 'sector': 0.0, 'continuity': 0.3}",0.0,[],竞价涨幅 -0.22% 超出区间
600448,华纺股份,10.0,3.54,3.8,7.34,0.734,94930000.0,171000000.0,0.55515,9.89,9.89,7.34,-2.54,False,2.54,1.0,True,True,True,False,2,纺织制造,0,1,False,False,A,133.2,0.0,0.0,"{'gap': 0.0, 'volume': 0.0, 'trend': 0.077, 'position': 0.8, 'sector': 0.0, 'continuity': 1.0}",42.5,"['竞价尾段走弱', '高位极端放量']",竞价涨幅 7.34% 超出区间
300062,中能电气,20.0,6.47,6.45,-0.31,-0.015,1030000.0,170710000.0,0.00603,-1.08,-1.08,-0.31,0.77,True,-0.77,0.5084745762711864,True,False,False,False,0,电网设备,1,6,False,False,A,1.4,20.3,20.283333333333335,"{'gap': 0.0, 'volume': 0.0, 'trend': 0.714, 'position': 0.3, 'sector': 0.0, 'continuity': 0.3}",0.0,[],竞价涨幅 -0.31% 超出区间
000037,深南电A,10.0,9.4,9.34,-0.64,-0.064,450000.0,170430000.0,0.00264,-1.06,-1.06,-0.64,0.43,True,-0.43,0.6026200873362446,True,False,False,False,0,电力,0,2,False,False,A,0.6,23.4,23.433333333333334,"{'gap': 0.0, 'volume': 0.0, 'trend': 0.722, 'position': 0.5, 'sector': 0.0, 'continuity': 0.3}",0.0,[],竞价涨幅 -0.64% 超出区间
300622,博士眼镜,20.0,15.16,15.18,0.13,0.007,400000.0,168860000.0,0.00237,0.13,0.13,0.13,0.0,True,0.0,0.6572438162544172,False,False,False,False,0,零售,1,3,False,False,A,0.6,17.5,17.5,"{'gap': 0.0, 'volume': 0.0, 'trend': 0.65, 'position': 0.2, 'sector': 0.0, 'continuity': 0.3}",0.0,[],竞价涨幅 0.13% 超出区间
301025,读客文化,20.0,10.28,10.46,1.75,0.088,1430000.0,168250000.0,0.0085,0.0,0.1,1.75,1.75,True,-1.65,0.8597014925373132,False,False,False,False,0,文化传媒,3,3,False,False,A,2.0,32.4,32.41666666666667,"{'gap': 0.0, 'volume': 0.0, 'trend': 0.796, 'position': 0.2, 'sector': 0.8, 'continuity': 0.3}",0.0,[],竞价涨幅 1.75% 超出区间
300921,南凌科技,20.0,16.05,16.04,-0.06,-0.003,890000.0,168130000.0,0.00529,0.44,0.0,-0.06,-0.5,False,0.06,0.42354533152909357,False,False,False,False,0,通信服务,0,0,False,False,A,1.3,10.7,10.666666666666668,"{'gap': 0.0, 'volume': 0.0, 'trend': 0.458, 'position': 0.0, 'sector': 0.0, 'continuity': 0.3}",0.0,[],竞价涨幅 -0.06% 超出区间
002005,德豪润达,10.0,2.66,2.66,0.0,0.0,5290000.0,168040000.0,0.03148,3.01,0.75,0.0,-3.01,False,0.75,1.0,True,False,True,False,1,小家电,0,1,False,False,A,7.6,33.3,33.26844958112953,"{'gap': 0.0, 'volume': 0.981, 'trend': 0.0, 'position': 0.3, 'sector': 0.0, 'continuity': 0.85}",0.0,[],竞价涨幅 0.00% 超出区间
603818,曲美家居,10.0,4.1,4.1,0.0,0.0,1180000.0,166290000.0,0.0071,0.0,0.0,0.0,0.0,True,0.0,1.0,False,False,False,False,0,家居用品,0,6,False,False,A,1.7,14.5,14.500000000000002,"{'gap': 0.0, 'volume': 0.0, 'trend': 0.65, 'position': 0.0, 'sector': 0.0, 'continuity': 0.3}",0.0,[],竞价涨幅 0.00% 超出区间
300865,大宏立,20.0,32.28,32.62,1.05,0.053,330000.0,164800000.0,0.002,-0.87,-1.52,1.05,1.92,False,-2.57,0.8470744680851066,False,False,False,False,0,专用设备,1,1,False,False,A,0.5,17.7,17.7,"{'gap': 0.0, 'volume': 0.0, 'trend': 0.66, 'position': 0.2, 'sector': 0.0, 'continuity': 0.3}",0.0,[],竞价涨幅 1.05% 超出区间
003005,竞业达,10.0,14.68,14.8,0.82,0.082,430000.0,163310000.0,0.00263,2.32,1.7,0.82,-1.5,False,0.89,0.3599562363238511,False,False,False,False,0,IT服务,0,0,False,False,B,0.6,8.0,8.001641137855584,"{'gap': 0.0, 'volume': 0.0, 'trend': 0.25, 'position': 0.1, 'sector': 0.0, 'continuity': 0.3}",0.0,[],竞价涨幅 0.82% 超出区间
688693,锴威特,20.0,79.43,80.6,1.47,0.074,690000.0,161140000.0,0.00428,1.98,1.98,1.47,-0.5,False,0.5,0.5225856697819315,True,True,False,False,0,半导体,7,4,False,False,A,1.0,37.7,37.66666666666667,"{'gap': 0.0, 'volume': 0.0, 'trend': 0.458, 'position': 0.8, 'sector': 1.0, 'continuity': 0.3}",0.0,[],竞价涨幅 1.47% 超出区间
600697,欧亚集团,10.0,11.39,11.3,-0.79,-0.079,1350000.0,160750000.0,0.0084,-1.23,-1.49,-0.79,0.44,False,-0.7,0.7288732394366199,False,False,False,False,0,零售,1,3,False,False,A,2.0,16.0,15.966666666666669,"{'gap': 0.0, 'volume': 0.0, 'trend': 0.573, 'position': 0.2, 'sector': 0.0, 'continuity': 0.3}",0.0,[],竞价涨幅 -0.79% 超出区间
603092,德力佳,10.0,45.11,44.62,-1.09,-0.109,1220000.0,160290000.0,0.00761,0.0,-0.27,-1.09,-1.09,False,0.82,0.31222056631892675,True,False,False,False,0,风电设备,0,1,False,False,B,1.8,14.2,14.158395429706916,"{'gap': 0.0, 'volume': 0.0, 'trend': 0.318, 'position': 0.419, 'sector': 0.0, 'continuity': 0.3}",0.0,[],竞价涨幅 -1.09% 超出区间
300989,蕾奥规划,20.0,15.75,15.72,-0.19,-0.01,2040000.0,160230000.0,0.01273,-8.25,-6.1,-0.19,8.06,True,-5.9,1.0,True,False,False,False,0,建筑装饰,0,3,False,False,A,3.1,30.8,30.770559137298868,"{'gap': 0.0, 'volume': 0.191, 'trend': 1.0, 'position': 0.3, 'sector': 0.0, 'continuity': 0.3}",0.0,[],竞价涨幅 -0.19% 超出区间
688276,百克生物,20.0,16.8,16.8,0.0,0.0,570000.0,159810000.0,0.00357,-1.31,-1.49,0.0,1.31,False,-1.49,0.6012526096033404,False,False,False,False,0,生物制品,3,0,False,False,A,0.9,24.2,24.183333333333334,"{'gap': 0.0, 'volume': 0.0, 'trend': 0.609, 'position': 0.2, 'sector': 0.5, 'continuity': 0.3}",0.0,[],竞价涨幅 0.00% 超出区间
301011,华立科技,20.0,15.6,15.49,-0.71,-0.035,3720000.0,159630000.0,0.0233,1.03,-3.65,-0.71,-1.73,False,-2.95,0.8587786259541982,False,False,False,False,0,家居用品,0,6,False,False,A,5.6,30.7,30.652299313460286,"{'gap': 0.0, 'volume': 0.761, 'trend': 0.356, 'position': 0.2, 'sector': 0.0, 'continuity': 0.3}",0.0,[],竞价涨幅 -0.71% 超出区间
000812,陕西金叶,10.0,3.8,3.78,-0.53,-0.053,1760000.0,158980000.0,0.01107,-2.63,-2.63,-0.53,2.11,True,-2.11,0.6730769230769231,True,False,False,False,0,包装印刷,1,1,False,False,A,2.7,30.5,30.47332067802404,"{'gap': 0.0, 'volume': 0.059, 'trend': 1.0, 'position': 0.5, 'sector': 0.0, 'continuity': 0.3}",0.0,[],竞价涨幅 -0.53% 超出区间
601083,锦江航运,10.0,12.56,12.56,0.0,0.0,960000.0,158300000.0,0.00606,0.0,0.0,0.0,0.0,True,0.0,0.7915407854984896,False,False,False,False,0,港口航运,0,0,False,False,A,1.5,17.5,17.5,"{'gap': 0.0, 'volume': 0.0, 'trend': 0.65, 'position': 0.2, 'sector': 0.0, 'continuity': 0.3}",0.0,[],竞价涨幅 0.00% 超出区间
001324,长青科技,10.0,20.67,20.51,-0.77,-0.077,920000.0,158210000.0,0.00582,-0.34,-0.82,-0.77,-0.44,False,-0.05,0.851485148514852,False,False,False,False,0,轨交设备,0,0,False,False,A,1.4,13.0,13.033333333333333,"{'gap': 0.0, 'volume': 0.0, 'trend': 0.427, 'position': 0.2, 'sector': 0.0, 'continuity': 0.3}",0.0,[],竞价涨幅 -0.77% 超出区间
920200,振宏股份,30.0,31.8,30.9,-2.83,-0.094,1094600.0,157303300.0,0.00696,-2.99,-2.99,-2.83,0.16,True,-0.16,0.7268041237113401,True,False,False,False,0,风电设备,0,1,False,False,A,1.7,22.2,22.17777777777778,"{'gap': 0.0, 'volume': 0.0, 'trend': 0.659, 'position': 0.5, 'sector': 0.0, 'continuity': 0.3}",0.0,[],竞价涨幅 -2.83% 超出区间
301633,港迪技术,20.0,62.38,61.99,-0.63,-0.031,260000.0,156030000.0,0.00167,0.8,0.0,-0.63,-1.43,False,0.63,0.8061403508771932,False,False,False,False,0,自动化设备,3,0,False,False,A,0.4,19.6,19.616666666666667,"{'gap': 0.0, 'volume': 0.0, 'trend': 0.381, 'position': 0.2, 'sector': 0.5, 'continuity': 0.3}",0.0,[],竞价涨幅 -0.63% 超出区间
300795,米奥会展,20.0,12.06,12.27,1.74,0.087,1140000.0,155870000.0,0.00731,2.99,2.4,1.74,-1.24,False,0.66,0.39900990099009914,False,False,False,False,0,其他社会服务,0,0,False,False,B,1.8,9.5,9.470462046204615,"{'gap': 0.0, 'volume': 0.0, 'trend': 0.397, 'position': 0.002, 'sector': 0.0, 'continuity': 0.3}",0.0,[],竞价涨幅 1.74% 超出区间
301262,海看股份,20.0,20.05,20.16,0.55,0.027,980000.0,155170000.0,0.00632,1.65,1.55,0.55,-1.1,False,1.0,0.4876404494382027,False,False,False,False,0,文化传媒,3,3,False,False,A,1.5,21.7,21.666666666666668,"{'gap': 0.0, 'volume': 0.0, 'trend': 0.408, 'position': 0.0, 'sector': 0.8, 'continuity': 0.3}",0.0,[],竞价涨幅 0.55% 超出区间
920088,科力股份,30.0,42.79,41.98,-1.89,-0.063,2893600.0,154789300.0,0.01869,-1.87,-5.35,-1.89,-0.02,False,-3.46,0.48152866242038217,False,False,False,False,0,油气开采及服务,0,0,False,False,A,4.5,25.3,25.31078412000963,"{'gap': 0.0, 'volume': 0.553, 'trend': 0.499, 'position': 0.0, 'sector': 0.0, 'continuity': 0.3}",0.0,[],竞价涨幅 -1.89% 超出区间
300393,中来股份,20.0,6.15,6.19,0.65,0.033,610000.0,154110000.0,0.00396,-1.95,-1.63,0.65,2.6,True,-2.28,0.3705357142857144,False,False,False,False,0,光伏设备,0,1,False,False,B,1.0,19.9,19.93824404761904,"{'gap': 0.0, 'volume': 0.0, 'trend': 0.867, 'position': 0.074, 'sector': 0.0, 'continuity': 0.3}",0.0,[],竞价涨幅 0.65% 超出区间
300615,欣天科技,20.0,14.17,14.18,0.07,0.004,1550000.0,152900000.0,0.01014,0.0,0.0,0.07,0.07,True,-0.07,0.5443396226415094,False,False,False,False,0,通信设备,2,2,False,False,A,2.4,22.9,22.866666666666667,"{'gap': 0.0, 'volume': 0.0, 'trend': 0.656, 'position': 0.0, 'sector': 0.55, 'continuity': 0.3}",0.0,[],竞价涨幅 0.07% 超出区间
688337,普源精电,20.0,44.09,44.5,0.93,0.046,810000.0,152390000.0,0.00532,0.91,1.77,0.93,0.02,False,0.84,0.18455843469063996,False,False,False,False,0,通用设备,1,3,False,False,B,1.3,19.6,19.61239203243434,"{'gap': 0.0, 'volume': 0.0, 'trend': 0.502, 'position': 0.539, 'sector': 0.0, 'continuity': 0.3}",0.0,[],竞价涨幅 0.93% 超出区间
603721,中广天择,10.0,18.24,18.26,0.11,0.011,570000.0,151620000.0,0.00376,0.11,0.11,0.11,0.0,True,0.0,0.5416078984485189,False,False,False,False,0,影视院线,0,0,False,False,A,0.9,14.5,14.500000000000002,"{'gap': 0.0, 'volume': 0.0, 'trend': 0.65, 'position': 0.0, 'sector': 0.0, 'continuity': 0.3}",0.0,[],竞价涨幅 0.11% 超出区间
002786,银宝山新,10.0,7.89,7.86,-0.38,-0.038,2000000.0,151030000.0,0.01324,-3.42,-2.79,-0.38,3.04,True,-2.41,0.7739130434782604,False,False,False,False,0,专用设备,1,1,False,False,A,3.2,30.2,30.197533139344756,"{'gap': 0.0, 'volume': 0.228, 'trend': 1.0, 'position': 0.2, 'sector': 0.0, 'continuity': 0.3}",0.0,[],竞价涨幅 -0.38% 超出区间
301595,太力科技,20.0,45.48,45.78,0.66,0.033,190000.0,148880000.0,0.00128,0.02,0.7,0.66,0.64,False,0.04,0.8215297450424927,True,False,False,False,0,非金属材料,2,0,False,False,A,0.3,23.8,23.81666666666667,"{'gap': 0.0, 'volume': 0.0, 'trend': 0.553, 'position': 0.5, 'sector': 0.25, 'continuity': 0.3}",0.0,[],竞价涨幅 0.66% 超出区间
000802,北京文化,10.0,3.93,3.95,0.51,0.051,750000.0,148290000.0,0.00506,0.25,0.25,0.51,0.25,True,-0.25,0.1708185053380783,False,False,False,False,0,影视院线,0,0,False,False,B,1.2,23.9,23.927639383155398,"{'gap': 0.0, 'volume': 0.0, 'trend': 0.692, 'position': 0.573, 'sector': 0.0, 'continuity': 0.3}",0.0,[],竞价涨幅 0.51% 超出区间
002836,新宏泽,10.0,11.92,12.93,8.47,0.847,21020000.0,148220000.0,0.14182,9.98,9.98,8.47,-1.51,False,1.51,1.0,True,True,True,False,2,包装印刷,1,1,False,False,A,34.0,0.0,0.0,"{'gap': 0.0, 'volume': 0.0, 'trend': 0.248, 'position': 0.8, 'sector': 0.0, 'continuity': 1.0}",42.5,"['竞价尾段走弱', '高位极端放量']",竞价涨幅 8.47% 超出区间
001376,百通能源,10.0,12.66,13.89,9.72,0.972,24870000.0,147380000.0,0.16875,10.03,10.03,9.72,-0.32,False,0.32,1.0,True,True,True,False,1,电力,0,2,False,False,A,40.5,0.0,0.0,"{'gap': 0.0, 'volume': 0.0, 'trend': 0.447, 'position': 0.8, 'sector': 0.0, 'continuity': 0.85}",30.0,['高位极端放量'],竞价涨幅 9.72% 超出区间
001233,海安集团,10.0,45.58,46.76,2.59,0.259,10450000.0,147180000.0,0.071,0.81,0.81,2.59,1.78,True,-1.78,0.7165775401069514,False,True,True,False,1,汽车零部件,1,2,False,False,A,17.0,41.5,41.55,"{'gap': 0.393, 'volume': 0.0, 'trend': 0.947, 'position': 0.7, 'sector': 0.0, 'continuity': 0.85}",0.0,[],竞价量能 7.10%(量比≈17.0) 超出区间
301687,新广益,20.0,52.15,52.45,0.58,0.029,500000.0,145680000.0,0.00343,0.46,0.54,0.58,0.12,True,-0.04,0.24422268907563013,False,False,False,False,0,塑料制品,0,1,False,False,B,0.8,20.5,20.541649159663873,"{'gap': 0.0, 'volume': 0.0, 'trend': 0.66, 'position': 0.389, 'sector': 0.0, 'continuity': 0.3}",0.0,[],竞价涨幅 0.58% 超出区间
301161,唯万密封,20.0,31.04,31.14,0.32,0.016,970000.0,144760000.0,0.0067,0.84,-0.26,0.32,-0.52,False,-0.58,0.4643268124280782,False,False,False,False,0,工程机械,0,0,False,False,A,1.6,10.6,10.633333333333333,"{'gap': 0.0, 'volume': 0.0, 'trend': 0.457, 'position': 0.0, 'sector': 0.0, 'continuity': 0.3}",0.0,[],竞价涨幅 0.32% 超出区间
301193,家联科技,20.0,20.84,20.94,0.48,0.024,1470000.0,143010000.0,0.01028,-0.05,-2.35,0.48,0.53,False,-2.83,0.9812286689419796,False,False,False,False,0,家居用品,0,6,False,False,A,2.5,12.4,12.383333333333333,"{'gap': 0.0, 'volume': 0.0, 'trend': 0.544, 'position': 0.0, 'sector': 0.0, 'continuity': 0.3}",0.0,[],竞价涨幅 0.48% 超出区间
300808,久量股份,20.0,22.66,23.11,1.99,0.099,810000.0,142910000.0,0.00567,4.81,4.77,1.99,-2.82,False,2.78,0.7126436781609196,False,False,False,False,0,光学光电子,1,3,False,False,A,1.4,0.0,0.0,"{'gap': 0.0, 'volume': 0.0, 'trend': 0.265, 'position': 0.2, 'sector': 0.0, 'continuity': 0.3}",12.5,['竞价尾段走弱'],竞价涨幅 1.99% 超出区间
300082,奥克股份,20.0,8.58,8.58,0.0,0.0,0.0,142600000.0,0.0,0.0,0.0,0.0,0.0,True,0.0,0.6220735785953176,False,False,False,False,0,化学原料,1,0,False,False,A,0.0,17.5,17.5,"{'gap': 0.0, 'volume': 0.0, 'trend': 0.65, 'position': 0.2, 'sector': 0.0, 'continuity': 0.3}",0.0,[],竞价涨幅 0.00% 超出区间
301631,壹连科技,20.0,62.32,62.99,1.08,0.054,920000.0,141710000.0,0.00649,0.0,0.0,1.08,1.08,True,-1.08,0.371274834437086,False,False,False,False,0,汽车零部件,1,2,False,False,B,1.6,17.4,17.377193708609273,"{'gap': 0.0, 'volume': 0.0, 'trend': 0.74, 'position': 0.072, 'sector': 0.0, 'continuity': 0.3}",0.0,[],竞价涨幅 1.08% 超出区间
920821,则成电子,30.0,21.13,21.21,0.38,0.013,1296000.0,141632600.0,0.00915,0.99,0.05,0.38,-0.62,False,-0.33,0.5546038543897216,False,False,False,False,0,元件,5,1,False,False,A,2.2,28.8,28.81111111111111,"{'gap': 0.0, 'volume': 0.0, 'trend': 0.466, 'position': 0.2, 'sector': 1.0, 'continuity': 0.3}",0.0,[],竞价涨幅 0.38% 超出区间
301231,荣信文化,20.0,28.12,31.57,12.27,0.613,5280000.0,141070000.0,0.03743,5.73,5.62,12.27,6.54,False,-6.65,0.6708333333333334,False,False,False,False,0,文化传媒,3,3,False,False,A,9.0,59.3,59.28724859745817,"{'gap': 0.0, 'volume': 0.911, 'trend': 1.0, 'position': 0.2, 'sector': 0.8, 'continuity': 0.3}",0.0,[],竞价涨幅 12.27% 超出区间
301509,金凯生科,20.0,29.86,29.93,0.23,0.012,1440000.0,141040000.0,0.01021,2.48,-0.67,0.23,-2.24,False,-0.9,0.48226018396846254,False,False,False,False,0,医疗服务,4,1,False,False,A,2.5,19.0,19.016666666666666,"{'gap': 0.0, 'volume': 0.0, 'trend': 0.313, 'position': 0.0, 'sector': 0.75, 'continuity': 0.3}",0.0,[],竞价涨幅 0.23% 超出区间
920799,艾融软件,30.0,31.7,31.95,0.79,0.026,1535800.0000000002,140690600.0,0.01092,0.32,0.44,0.79,0.47,True,-0.35,0.4600985221674876,False,False,False,False,0,软件开发,2,2,False,False,A,2.6,24.4,24.42359451215481,"{'gap': 0.0, 'volume': 0.046, 'trend': 0.676, 'position': 0.0, 'sector': 0.55, 'continuity': 0.3}",0.0,[],竞价涨幅 0.79% 超出区间
688501,青达环保,20.0,15.4,15.55,0.97,0.049,200000.0,139770000.0,0.00143,1.95,1.23,0.97,-0.97,False,0.26,0.350974930362117,True,False,False,False,0,环保设备,0,0,False,False,B,0.3,14.7,14.721773444753945,"{'gap': 0.0, 'volume': 0.0, 'trend': 0.419, 'position': 0.323, 'sector': 0.0, 'continuity': 0.3}",0.0,[],竞价涨幅 0.97% 超出区间
000430,张家界,10.0,7.03,6.95,-1.14,-0.114,440000.0,139530000.0,0.00315,-0.71,-1.14,-1.14,-0.43,False,0.0,0.5130434782608697,False,False,False,False,0,旅游及酒店,0,1,False,False,A,0.8,10.1,10.066666666666666,"{'gap': 0.0, 'volume': 0.0, 'trend': 0.428, 'position': 0.0, 'sector': 0.0, 'continuity': 0.3}",0.0,[],竞价涨幅 -1.14% 超出区间
001332,锡装股份,10.0,28.9,29.28,1.31,0.131,3620000.0,139340000.0,0.02598,5.36,5.22,1.31,-4.05,False,3.91,0.2523431867339581,False,False,True,False,1,专用设备,1,1,False,False,A,6.2,13.4,13.35488213836829,"{'gap': 0.0, 'volume': 0.864, 'trend': 0.0, 'position': 0.0, 'sector': 0.0, 'continuity': 0.85}",12.5,['竞价尾段走弱'],竞价涨幅 1.31% 超出区间
300830,金现代,20.0,8.0,8.08,1.0,0.05,430000.0,138970000.0,0.00309,0.12,0.0,1.0,0.88,False,-1.0,0.2743055555555556,False,False,False,False,0,软件开发,2,2,False,False,B,0.7,25.9,25.930208333333336,"{'gap': 0.0, 'volume': 0.0, 'trend': 0.573, 'position': 0.314, 'sector': 0.55, 'continuity': 0.3}",0.0,[],竞价涨幅 1.00% 超出区间
301130,西点药业,20.0,27.02,27.13,0.41,0.02,900000.0,138940000.0,0.00648,0.67,0.41,0.41,-0.26,False,0.0,0.29090909090909095,False,False,False,False,0,化学制药,0,0,False,False,B,1.6,15.2,15.157575757575758,"{'gap': 0.0, 'volume': 0.0, 'trend': 0.478, 'position': 0.273, 'sector': 0.0, 'continuity': 0.3}",0.0,[],竞价涨幅 0.41% 超出区间
001356,富岭股份,10.0,9.59,9.6,0.1,0.01,1600000.0,138590000.0,0.01154,-1.36,-1.67,0.1,1.46,False,-1.77,0.9862068965517244,False,False,False,False,0,家居用品,0,6,False,False,A,2.8,18.8,18.82122306811057,"{'gap': 0.0, 'volume': 0.098, 'trend': 0.743, 'position': 0.0, 'sector': 0.0, 'continuity': 0.3}",0.0,[],竞价涨幅 0.10% 超出区间
688191,智洋创新,20.0,21.32,21.5,0.84,0.042,660000.0,138260000.0,0.00477,-2.06,1.59,0.84,2.91,False,0.75,0.24371472550025652,False,False,False,False,0,IT服务,0,0,False,False,B,1.1,22.2,22.21069779374038,"{'gap': 0.0, 'volume': 0.0, 'trend': 0.743, 'position': 0.391, 'sector': 0.0, 'continuity': 0.3}",0.0,[],竞价涨幅 0.84% 超出区间
301107,瑜欣电子,20.0,23.67,23.5,-0.72,-0.036,340000.0,138080000.0,0.00246,0.04,0.0,-0.72,-0.76,False,0.72,0.9780645161290324,False,False,False,False,0,通用设备,1,3,False,False,A,0.6,10.2,10.233333333333333,"{'gap': 0.0, 'volume': 0.0, 'trend': 0.437, 'position': 0.0, 'sector': 0.0, 'continuity': 0.3}",0.0,[],竞价涨幅 -0.72% 超出区间
001312,福恩股份,10.0,18.62,18.5,-0.64,-0.064,2250000.0,137590000.0,0.01635,-0.54,-1.07,-0.64,-0.11,False,-0.43,0.6474576271186443,False,False,False,False,0,纺织制造,0,1,False,False,A,3.9,24.8,24.809793804903386,"{'gap': 0.0, 'volume': 0.427, 'trend': 0.482, 'position': 0.2, 'sector': 0.0, 'continuity': 0.3}",0.0,[],竞价涨幅 -0.64% 超出区间
603680,今创集团,10.0,10.57,10.57,0.0,0.0,1330000.0,137130000.0,0.0097,-0.19,-1.61,0.0,0.19,False,-1.61,0.9562841530054644,False,False,False,False,0,轨交设备,0,0,False,False,A,2.3,12.1,12.133333333333333,"{'gap': 0.0, 'volume': 0.0, 'trend': 0.532, 'position': 0.0, 'sector': 0.0, 'continuity': 0.3}",0.0,[],竞价涨幅 0.00% 超出区间
301317,鑫磊股份,20.0,51.12,51.52,0.78,0.039,90000.0,136480000.0,0.00066,0.0,0.76,0.78,0.78,True,-0.02,0.542113955408753,False,False,False,False,0,通用设备,1,3,False,False,A,0.2,15.8,15.799999999999997,"{'gap': 0.0, 'volume': 0.0, 'trend': 0.715, 'position': 0.0, 'sector': 0.0, 'continuity': 0.3}",0.0,[],竞价涨幅 0.78% 超出区间
600847,万里股份,10.0,13.92,13.79,-0.93,-0.093,2950000.0,135330000.0,0.0218,9.91,9.12,-0.93,-10.85,False,10.06,0.9947368421052633,False,False,True,False,1,电池,0,1,False,False,A,5.2,9.2,9.215311711773118,"{'gap': 0.0, 'volume': 0.699, 'trend': 0.0, 'position': 0.0, 'sector': 0.0, 'continuity': 0.85}",12.5,['竞价尾段走弱'],竞价涨幅 -0.93% 超出区间
000020,深华发Ａ,10.0,12.96,12.99,0.23,0.023,1350000.0,135080000.0,0.00999,-1.08,-1.08,0.23,1.31,True,-1.31,0.6339622641509436,False,False,False,False,0,光学光电子,1,3,False,False,A,2.4,21.9,21.866666666666667,"{'gap': 0.0, 'volume': 0.0, 'trend': 0.868, 'position': 0.2, 'sector': 0.0, 'continuity': 0.3}",0.0,[],竞价涨幅 0.23% 超出区间
688721,龙图光罩,20.0,41.28,41.46,0.44,0.022,490000.0,134130000.0,0.00365,0.46,0.46,0.44,-0.02,False,0.02,0.22138680033416885,False,False,False,False,0,半导体,7,4,False,False,B,0.9,33.2,33.164661654135344,"{'gap': 0.0, 'volume': 0.0, 'trend': 0.498, 'position': 0.447, 'sector': 1.0, 'continuity': 0.3}",0.0,[],竞价涨幅 0.44% 超出区间
688376,美埃科技,20.0,66.6,67.03,0.65,0.032,510000.0,133000000.0,0.00383,-0.02,-0.02,0.65,0.66,True,-0.66,0.12747180911913708,False,False,False,False,0,环保设备,0,0,False,False,B,0.9,25.8,25.81980715803236,"{'gap': 0.0, 'volume': 0.0, 'trend': 0.705, 'position': 0.681, 'sector': 0.0, 'continuity': 0.3}",0.0,[],竞价涨幅 0.65% 超出区间
000029,深深房Ａ,10.0,22.27,22.18,-0.4,-0.04,730000.0,132360000.0,0.00552,-0.13,-0.31,-0.4,-0.27,False,0.09,0.607664233576642,False,False,False,False,0,房地产,0,4,False,False,A,1.3,13.6,13.600000000000001,"{'gap': 0.0, 'volume': 0.0, 'trend': 0.455, 'position': 0.2, 'sector': 0.0, 'continuity': 0.3}",0.0,[],竞价涨幅 -0.40% 超出区间
301108,洁雅股份,20.0,46.26,45.8,-0.99,-0.05,690000.0,130450000.0,0.00529,0.0,0.0,-0.99,-0.99,False,0.99,1.0,True,False,False,False,0,美容护理,0,0,False,False,A,1.3,14.4,14.350000000000001,"{'gap': 0.0, 'volume': 0.0, 'trend': 0.417, 'position': 0.3, 'sector': 0.0, 'continuity': 0.3}",0.0,[],竞价涨幅 -0.99% 超出区间
301169,零点有数,20.0,55.38,55.04,-0.61,-0.031,2410000.0,128710000.0,0.01872,-1.19,-1.59,-0.61,0.58,False,-0.98,0.47842519685039386,False,False,False,False,0,其他社会服务,0,0,False,False,A,4.5,26.3,26.337521374390644,"{'gap': 0.0, 'volume': 0.555, 'trend': 0.548, 'position': 0.0, 'sector': 0.0, 'continuity': 0.3}",0.0,[],竞价涨幅 -0.61% 超出区间
920510,丰光精密,30.0,20.16,20.08,-0.4,-0.013,1125500.0,126474300.0,0.0089,-1.59,-1.59,-0.4,1.19,True,-1.19,0.15775401069518716,False,False,False,False,0,通用设备,1,3,False,False,B,2.1,24.9,24.906446821152706,"{'gap': 0.0, 'volume': 0.0, 'trend': 0.716, 'position': 0.606, 'sector': 0.0, 'continuity': 0.3}",0.0,[],竞价涨幅 -0.40% 超出区间
300235,方直科技,20.0,12.07,12.07,0.0,0.0,470000.0,126270000.0,0.00372,1.08,-0.58,0.0,-1.08,False,-0.58,0.6868686868686871,True,False,False,False,0,软件开发,2,2,False,False,A,0.9,25.4,25.45,"{'gap': 0.0, 'volume': 0.0, 'trend': 0.41, 'position': 0.5, 'sector': 0.55, 'continuity': 0.3}",0.0,[],竞价涨幅 0.00% 超出区间
001222,源飞宠物,10.0,15.34,15.39,0.33,0.033,1500000.0,126140000.0,0.01189,4.24,-1.11,0.33,-3.91,False,-1.43,0.6043165467625901,False,False,False,False,0,家居用品,0,6,False,False,A,2.9,7.7,7.659641525615693,"{'gap': 0.0, 'volume': 0.126, 'trend': 0.0, 'position': 0.2, 'sector': 0.0, 'continuity': 0.3}",0.0,[],竞价涨幅 0.33% 超出区间
600892,大晟文化,10.0,4.01,4.03,0.5,0.05,720000.0,125750000.0,0.00573,0.25,0.75,0.5,0.25,False,0.25,0.40983606557377045,False,False,False,False,0,游戏,0,0,False,False,A,1.4,12.3,12.333333333333334,"{'gap': 0.0, 'volume': 0.0, 'trend': 0.542, 'position': 0.0, 'sector': 0.0, 'continuity': 0.3}",0.0,[],竞价涨幅 0.50% 超出区间
301300,远翔新材,20.0,34.21,33.8,-1.2,-0.06,850000.0,124930000.0,0.0068,-0.03,-0.32,-1.2,-1.17,False,0.88,0.7790339157245634,True,False,False,False,0,橡胶制品,0,0,False,False,A,1.6,17.1,17.050000000000004,"{'gap': 0.0, 'volume': 0.0, 'trend': 0.403, 'position': 0.5, 'sector': 0.0, 'continuity': 0.3}",0.0,[],竞价涨幅 -1.20% 超出区间
001211,双枪科技,10.0,25.88,26.51,2.43,0.243,7950000.0,124230000.0,0.06399,9.97,9.97,2.43,-7.53,False,7.53,1.0,False,True,True,False,1,家居用品,0,6,False,False,A,15.4,0.0,0.0,"{'gap': 0.287, 'volume': 0.0, 'trend': 0.0, 'position': 0.5, 'sector': 0.0, 'continuity': 0.85}",42.5,"['竞价尾段走弱', '高位极端放量']",竞价量能 6.40%(量比≈15.4) 超出区间
920403,康农种业,30.0,20.4,20.12,-1.37,-0.046,711200.0,123118400.0,0.00578,-0.98,-1.08,-1.37,-0.39,False,0.29,0.4739382239382237,False,False,False,False,0,种植业与林业,0,0,False,False,A,1.4,11.1,11.066666666666668,"{'gap': 0.0, 'volume': 0.0, 'trend': 0.478, 'position': 0.0, 'sector': 0.0, 'continuity': 0.3}",0.0,[],竞价涨幅 -1.37% 超出区间
002900,哈三联,10.0,11.85,11.88,0.25,0.025,320000.0,123000000.0,0.0026,0.0,0.0,0.25,0.25,True,-0.25,0.41395348837209295,False,False,False,False,0,化学制药,0,0,False,False,A,0.6,15.3,15.333333333333332,"{'gap': 0.0, 'volume': 0.0, 'trend': 0.692, 'position': 0.0, 'sector': 0.0, 'continuity': 0.3}",0.0,[],竞价涨幅 0.25% 超出区间
001400,江顺科技,10.0,75.41,75.41,0.0,0.0,200000.0,122520000.0,0.00163,0.28,0.25,0.0,-0.28,False,0.25,0.2219965630370254,False,False,False,False,0,专用设备,1,1,False,False,B,0.4,17.2,17.241795552778218,"{'gap': 0.0, 'volume': 0.0, 'trend': 0.453, 'position': 0.445, 'sector': 0.0, 'continuity': 0.3}",0.0,[],竞价涨幅 0.00% 超出区间
688759,必贝特-U,20.0,22.45,22.65,0.89,0.045,230000.0,122260000.0,0.00188,0.04,0.0,0.89,0.85,False,-0.89,0.13630731102850058,False,False,False,False,0,化学制药,0,0,False,False,B,0.5,22.8,22.805142503097898,"{'gap': 0.0, 'volume': 0.0, 'trend': 0.571, 'position': 0.659, 'sector': 0.0, 'continuity': 0.3}",0.0,[],竞价涨幅 0.89% 超出区间
920367,新赣江,30.0,25.57,26.2,2.46,0.082,1397300.0,121814200.0,0.01147,2.07,1.92,2.46,0.39,False,-0.55,0.3934632306725331,False,False,False,False,0,化学制药,0,0,False,False,B,2.8,20.6,20.622771157025145,"{'gap': 0.307, 'volume': 0.092, 'trend': 0.522, 'position': 0.016, 'sector': 0.0, 'continuity': 0.3}",0.0,[],竞价额 140 万不足 300 万
301456,盘古智能,20.0,24.94,24.8,-0.56,-0.028,260000.0,120540000.0,0.00216,0.0,-0.24,-0.56,-0.56,False,0.32,1.0,True,False,False,False,0,风电设备,0,1,False,False,A,0.5,15.1,15.066666666666666,"{'gap': 0.0, 'volume': 0.0, 'trend': 0.453, 'position': 0.3, 'sector': 0.0, 'continuity': 0.3}",0.0,[],竞价涨幅 -0.56% 超出区间
301335,天元宠物,20.0,25.43,25.39,-0.16,-0.008,590000.0,118670000.0,0.00497,-2.83,-2.48,-0.16,2.67,True,-2.32,1.0,False,False,False,False,0,家居用品,0,6,False,False,A,1.2,18.9,18.95,"{'gap': 0.0, 'volume': 0.0, 'trend': 0.873, 'position': 0.0, 'sector': 0.0, 'continuity': 0.3}",0.0,[],竞价涨幅 -0.16% 超出区间
301151,冠龙节能,20.0,22.18,22.18,0.0,0.0,610000.0,116500000.0,0.00524,0.36,0.36,0.0,-0.36,False,0.36,0.903030303030303,False,False,False,False,0,通用设备,1,3,False,False,A,1.3,13.9,13.900000000000002,"{'gap': 0.0, 'volume': 0.0, 'trend': 0.47, 'position': 0.2, 'sector': 0.0, 'continuity': 0.3}",0.0,[],竞价涨幅 0.00% 超出区间
301556,托普云农,20.0,62.0,62.99,1.6,0.08,1230000.0,115830000.0,0.01062,0.02,0.02,1.6,1.58,True,-1.58,0.5507571508693212,False,False,False,False,0,IT服务,0,0,False,False,A,2.5,20.6,20.627324652272534,"{'gap': 0.0, 'volume': 0.02, 'trend': 0.782, 'position': 0.2, 'sector': 0.0, 'continuity': 0.3}",0.0,[],竞价涨幅 1.60% 超出区间
300904,威力传动,20.0,43.8,43.06,-1.69,-0.084,2470000.0,115740000.0,0.02134,-2.1,-4.04,-1.69,0.41,False,-2.35,1.0,True,False,False,False,0,风电设备,0,1,False,False,A,5.1,33.6,33.64536739937211,"{'gap': 0.0, 'volume': 0.678, 'trend': 0.534, 'position': 0.3, 'sector': 0.0, 'continuity': 0.3}",0.0,[],竞价涨幅 -1.69% 超出区间
301667,纳百川,20.0,58.68,58.79,0.19,0.009,710000.0,115550000.0,0.00614,2.25,1.4,0.19,-2.06,False,1.21,0.2078886310904871,False,False,False,False,0,汽车零部件,1,2,False,False,B,1.5,2.8,2.7708430007734037,"{'gap': 0.0, 'volume': 0.0, 'trend': 0.328, 'position': 0.48, 'sector': 0.0, 'continuity': 0.3}",12.5,['竞价尾段走弱'],竞价涨幅 0.19% 超出区间
920509,同惠电子,30.0,21.52,21.58,0.28,0.009,1923400.0,113790700.0,0.0169,1.77,0.0,0.28,-1.49,False,-0.28,0.33978494623655914,False,False,False,False,0,通用设备,1,3,False,False,B,4.1,23.6,23.559741276815004,"{'gap': 0.0, 'volume': 0.458, 'trend': 0.417, 'position': 0.151, 'sector': 0.0, 'continuity': 0.3}",0.0,[],竞价涨幅 0.28% 超出区间
603177,德创环保,10.0,11.34,11.34,0.0,0.0,940000.0,113400000.0,0.00829,-0.71,-1.15,0.0,0.71,False,-1.15,0.9971590909090909,False,False,False,True,0,环境治理,0,1,False,False,A,2.0,0.0,0.0,"{'gap': 0.0, 'volume': 0.0, 'trend': 0.618, 'position': 0.0, 'sector': 0.0, 'continuity': 0.3}",15.0,['昨日炸板'],竞价涨幅 0.00% 超出区间
300813,泰林生物,20.0,21.74,21.75,0.05,0.002,360000.0,112610000.0,0.0032,0.32,0.97,0.05,-0.28,False,0.92,0.9471544715447151,False,False,False,False,0,专用设备,1,1,False,False,A,0.8,14.0,14.033333333333337,"{'gap': 0.0, 'volume': 0.0, 'trend': 0.477, 'position': 0.2, 'sector': 0.0, 'continuity': 0.3}",0.0,[],竞价涨幅 0.05% 超出区间
300612,宣亚国际,20.0,11.99,12.15,1.33,0.067,630000.0,112010000.0,0.00562,1.33,1.33,1.33,0.0,True,0.0,0.6983471074380163,False,False,False,False,0,文化传媒,3,3,False,False,A,1.3,29.5,29.500000000000004,"{'gap': 0.0, 'volume': 0.0, 'trend': 0.65, 'position': 0.2, 'sector': 0.8, 'continuity': 0.3}",0.0,[],竞价涨幅 1.33% 超出区间
002893,京能热力,10.0,10.33,10.35,0.19,0.019,440000.0,110520000.0,0.00398,0.58,0.58,0.19,-0.39,False,0.39,0.5800000000000001,False,False,False,False,0,电力,0,2,False,False,A,1.0,13.2,13.200000000000001,"{'gap': 0.0, 'volume': 0.0, 'trend': 0.435, 'position': 0.2, 'sector': 0.0, 'continuity': 0.3}",0.0,[],竞价涨幅 0.19% 超出区间
688197,首药控股-U,20.0,35.29,35.49,0.57,0.028,160000.0,110180000.0,0.00145,0.0,0.0,0.57,0.57,True,-0.57,0.3428338762214984,False,False,False,False,0,化学制药,0,0,False,False,B,0.3,17.6,17.593729641693812,"{'gap': 0.0, 'volume': 0.0, 'trend': 0.698, 'position': 0.143, 'sector': 0.0, 'continuity': 0.3}",0.0,[],竞价涨幅 0.57% 超出区间
301577,美信科技,20.0,61.16,61.16,0.0,0.0,620000.0,109940000.0,0.00564,0.0,0.0,0.0,0.0,True,0.0,0.4987760097919215,True,False,False,False,0,通信设备,2,2,False,False,A,1.4,27.3,27.250000000000004,"{'gap': 0.0, 'volume': 0.0, 'trend': 0.65, 'position': 0.3, 'sector': 0.55, 'continuity': 0.3}",0.0,[],竞价涨幅 0.00% 超出区间
301525,儒竞科技,20.0,38.55,38.95,1.04,0.052,760000.0,109850000.0,0.00692,0.34,0.34,1.04,0.7,True,-0.7,0.16097278517660651,False,False,False,False,0,通用设备,1,3,False,False,B,1.7,24.6,24.630187222543924,"{'gap': 0.0, 'volume': 0.0, 'trend': 0.708, 'position': 0.598, 'sector': 0.0, 'continuity': 0.3}",0.0,[],竞价涨幅 1.04% 超出区间
600706,曲江文旅,10.0,8.23,8.18,-0.61,-0.061,440000.0,108670000.0,0.00405,-9.96,-1.58,-0.61,9.36,True,-0.97,0.5800711743772243,False,False,False,False,0,旅游及酒店,0,1,False,False,A,1.0,24.5,24.5,"{'gap': 0.0, 'volume': 0.0, 'trend': 1.0, 'position': 0.2, 'sector': 0.0, 'continuity': 0.3}",0.0,[],竞价涨幅 -0.61% 超出区间
001306,夏厦精密,10.0,55.34,55.34,0.0,0.0,1320000.0,108210000.0,0.0122,0.38,-0.61,0.0,-0.38,False,-0.61,0.5631868131868133,False,False,False,False,0,通用设备,1,3,False,False,A,2.9,17.0,17.000357474390643,"{'gap': 0.0, 'volume': 0.151, 'trend': 0.437, 'position': 0.2, 'sector': 0.0, 'continuity': 0.3}",0.0,[],竞价涨幅 0.00% 超出区间
301299,卓创资讯,20.0,46.91,46.91,0.0,0.0,1870000.0,106870000.0,0.0175,-2.22,-1.77,0.0,2.22,True,-1.77,1.0,False,False,False,False,0,文化传媒,3,3,False,False,A,4.2,42.5,42.48051758220862,"{'gap': 0.0, 'volume': 0.491, 'trend': 0.835, 'position': 0.0, 'sector': 0.8, 'continuity': 0.3}",0.0,[],竞价涨幅 0.00% 超出区间
688351,微电生理,20.0,17.8,17.85,0.28,0.014,290000.0,105790000.0,0.00274,-1.69,-1.69,0.28,1.97,True,-1.97,0.18621700879765388,False,False,False,False,0,医疗器械,0,0,False,False,B,0.7,25.8,25.800195503421314,"{'gap': 0.0, 'volume': 0.0, 'trend': 0.814, 'position': 0.534, 'sector': 0.0, 'continuity': 0.3}",0.0,[],竞价涨幅 0.28% 超出区间
603759,海天股份,10.0,7.8,7.8,0.0,0.0,650000.0,105530000.0,0.00616,-1.79,-1.92,0.0,1.79,False,-1.92,0.846153846153846,False,False,False,False,0,环境治理,0,1,False,False,A,1.5,20.5,20.466666666666665,"{'gap': 0.0, 'volume': 0.0, 'trend': 0.798, 'position': 0.2, 'sector': 0.0, 'continuity': 0.3}",0.0,[],竞价涨幅 0.00% 超出区间
301227,森鹰窗业,20.0,33.44,33.11,-0.99,-0.049,140000.0,102300000.0,0.00137,0.0,0.0,-0.99,-0.99,False,0.99,0.9054644808743167,False,False,False,False,0,家居用品,0,6,False,False,A,0.3,12.8,12.85,"{'gap': 0.0, 'volume': 0.0, 'trend': 0.417, 'position': 0.2, 'sector': 0.0, 'continuity': 0.3}",0.0,[],竞价涨幅 -0.99% 超出区间
688435,英方软件,20.0,29.71,29.9,0.64,0.032,270000.0,102080000.0,0.00264,0.0,-0.71,0.64,0.64,False,-1.35,0.35609756097560985,False,False,False,False,0,软件开发,2,2,False,False,B,0.6,22.5,22.463008130081302,"{'gap': 0.0, 'volume': 0.0, 'trend': 0.553, 'position': 0.11, 'sector': 0.55, 'continuity': 0.3}",0.0,[],竞价涨幅 0.64% 超出区间
920178,锐翔智能,30.0,93.66,95.51,1.98,0.066,840699.9999999999,101260900.0,0.0083,0.0,2.03,1.98,1.98,False,0.05,0.26568138855473444,False,False,False,False,0,自动化设备,3,0,False,False,B,2.0,26.2,26.236947929197456,"{'gap': 0.0, 'volume': 0.0, 'trend': 0.61, 'position': 0.336, 'sector': 0.5, 'continuity': 0.3}",0.0,[],竞价涨幅 1.98% 超出区间
301513,尚水智能,20.0,46.31,46.03,-0.6,-0.03,340000.0,100820000.0,0.00337,0.0,-0.67,-0.6,-0.6,False,-0.06,0.18479408658922916,False,False,False,False,0,电池,0,1,False,False,B,0.8,18.6,18.570221752903908,"{'gap': 0.0, 'volume': 0.0, 'trend': 0.45, 'position': 0.538, 'sector': 0.0, 'continuity': 0.3}",0.0,[],竞价涨幅 -0.60% 超出区间
603255,鼎际得,10.0,32.84,32.52,-0.97,-0.097,910000.0,100170000.0,0.00908,-2.01,-0.49,-0.97,1.04,False,0.49,0.8441314553990613,False,False,False,False,0,化学制品,2,3,False,False,A,2.2,26.2,26.216666666666672,"{'gap': 0.0, 'volume': 0.0, 'trend': 0.673, 'position': 0.2, 'sector': 0.55, 'continuity': 0.3}",0.0,[],竞价涨幅 -0.97% 超出区间
300826,测绘股份,20.0,15.48,15.37,-0.71,-0.036,260000.0,99000000.0,0.00263,-1.16,-1.16,-0.71,0.45,True,-0.45,1.0,False,False,False,False,0,建筑装饰,0,3,False,False,A,0.6,15.3,15.250000000000002,"{'gap': 0.0, 'volume': 0.0, 'trend': 0.688, 'position': 0.0, 'sector': 0.0, 'continuity': 0.3}",0.0,[],竞价涨幅 -0.71% 超出区间
603048,浙江黎明,10.0,24.33,24.5,0.7,0.07,540000.0,98560000.0,0.00548,-9.17,-4.23,0.7,9.86,True,-4.93,0.970307529162248,False,False,False,False,0,汽车零部件,1,2,False,False,A,1.3,21.5,21.500000000000004,"{'gap': 0.0, 'volume': 0.0, 'trend': 1.0, 'position': 0.0, 'sector': 0.0, 'continuity': 0.3}",0.0,[],竞价涨幅 0.70% 超出区间
301329,信音电子,20.0,20.88,20.91,0.14,0.007,280000.0,98270000.0,0.00285,0.14,0.24,0.14,0.0,False,0.1,0.5290055248618784,True,False,False,False,0,消费电子,0,1,False,False,A,0.7,16.0,16.000000000000004,"{'gap': 0.0, 'volume': 0.0, 'trend': 0.5, 'position': 0.3, 'sector': 0.0, 'continuity': 0.3}",0.0,[],竞价涨幅 0.14% 超出区间
301052,果麦文化,20.0,23.7,24.1,1.69,0.084,280000.0,96830000.0,0.00289,0.04,0.21,1.69,1.65,True,-1.48,0.5200668896321069,False,False,False,False,0,文化传媒,3,3,False,False,A,0.7,29.2,29.25,"{'gap': 0.0, 'volume': 0.0, 'trend': 0.787, 'position': 0.0, 'sector': 0.8, 'continuity': 0.3}",0.0,[],竞价涨幅 1.69% 超出区间
603276,恒兴新材,10.0,17.95,17.98,0.17,0.017,460000.0,95120000.0,0.00484,-0.5,-0.06,0.17,0.67,True,-0.22,1.0,True,False,False,False,0,化学原料,1,0,False,False,A,1.2,21.2,21.233333333333338,"{'gap': 0.0, 'volume': 0.0, 'trend': 0.762, 'position': 0.3, 'sector': 0.0, 'continuity': 0.3}",0.0,[],竞价涨幅 0.17% 超出区间
603293,埃泰克,10.0,37.57,37.89,0.85,0.085,1140000.0,94280000.0,0.01209,0.61,0.93,0.85,0.24,False,0.08,0.4112903225806452,False,False,False,False,0,汽车零部件,1,2,False,False,A,2.9,15.9,15.853286196518063,"{'gap': 0.0, 'volume': 0.142, 'trend': 0.54, 'position': 0.0, 'sector': 0.0, 'continuity': 0.3}",0.0,[],竞价涨幅 0.85% 超出区间
920786,骑士乳业,30.0,7.55,7.6,0.66,0.022,638000.0,93597900.00000001,0.00682,29.67,0.53,0.66,-29.01,False,-0.13,0.4643734643734643,False,False,False,False,0,饮料制造,1,1,False,False,A,1.6,1.5,1.5,"{'gap': 0.0, 'volume': 0.0, 'trend': 0.0, 'position': 0.0, 'sector': 0.0, 'continuity': 0.3}",0.0,[],竞价涨幅 0.66% 超出区间
301378,通达海,20.0,24.1,23.99,-0.46,-0.023,540000.0,92330000.0,0.00585,-2.9,-1.54,-0.46,2.45,True,-1.08,0.5279279279279282,False,False,False,False,0,软件开发,2,2,False,False,A,1.4,26.8,26.833333333333336,"{'gap': 0.0, 'volume': 0.0, 'trend': 0.854, 'position': 0.0, 'sector': 0.55, 'continuity': 0.3}",0.0,[],竞价涨幅 -0.46% 超出区间
688781,视涯科技-UW,20.0,39.66,40.0,0.86,0.043,1070000.0,91910000.0,0.01164,1.46,0.86,0.86,-0.61,False,0.0,0.3309608540925265,False,False,False,False,0,光学光电子,1,3,False,False,B,2.8,15.7,15.730469416622094,"{'gap': 0.0, 'volume': 0.106, 'trend': 0.449, 'position': 0.173, 'sector': 0.0, 'continuity': 0.3}",0.0,[],竞价涨幅 0.86% 超出区间
603321,梅轮电梯,10.0,7.18,7.41,3.2,0.32,2800000.0,91140000.0,0.03072,3.06,3.2,3.2,0.14,True,0.0,0.7782805429864252,False,False,False,False,0,专用设备,1,1,False,False,A,7.4,58.7,58.72950140049351,"{'gap': 0.8, 'volume': 0.991, 'trend': 0.673, 'position': 0.2, 'sector': 0.0, 'continuity': 0.3}",0.0,[],竞价额 280 万不足 300 万
301538,骏鼎达,20.0,41.3,41.3,0.0,0.0,260000.0,90500000.0,0.00287,-0.7,-1.21,0.0,0.7,False,-1.21,0.3447046843177187,False,False,False,False,0,塑料制品,0,1,False,False,B,0.7,14.7,14.74024100475222,"{'gap': 0.0, 'volume': 0.0, 'trend': 0.558, 'position': 0.138, 'sector': 0.0, 'continuity': 0.3}",0.0,[],竞价涨幅 0.00% 超出区间
300937,药易购,20.0,24.58,24.58,0.0,0.0,290000.0,90350000.0,0.00321,0.0,0.0,0.0,0.0,True,0.0,0.43626286619160715,False,False,False,False,0,医药商业,0,2,False,False,A,0.8,14.5,14.500000000000002,"{'gap': 0.0, 'volume': 0.0, 'trend': 0.65, 'position': 0.0, 'sector': 0.0, 'continuity': 0.3}",0.0,[],竞价涨幅 0.00% 超出区间
603391,力聚热能,10.0,66.05,66.99,1.42,0.142,90000.0,90300000.0,0.001,0.0,2.92,1.42,1.42,False,1.5,0.7126836813611753,False,False,False,False,0,专用设备,1,1,False,False,A,0.2,6.7,6.733333333333334,"{'gap': 0.0, 'volume': 0.0, 'trend': 0.737, 'position': 0.2, 'sector': 0.0, 'continuity': 0.3}",12.5,['竞价尾段走弱'],竞价涨幅 1.42% 超出区间
300517,海波重科,20.0,11.85,11.76,-0.76,-0.038,40000.0,89890000.0,0.00044,-2.53,-1.27,-0.76,1.77,True,-0.51,0.9095354523227381,False,False,False,False,0,建筑装饰,0,3,False,False,A,0.1,20.5,20.450000000000003,"{'gap': 0.0, 'volume': 0.0, 'trend': 0.797, 'position': 0.2, 'sector': 0.0, 'continuity': 0.3}",0.0,[],竞价涨幅 -0.76% 超出区间
301683,慧谷新材,20.0,98.61,98.57,-0.04,-0.002,350000.0,88220000.0,0.00397,0.6,0.29,-0.04,-0.64,False,0.33,0.14552238805970147,False,False,False,False,0,化学制品,2,3,False,False,B,1.0,28.2,28.226243781094528,"{'gap': 0.0, 'volume': 0.0, 'trend': 0.447, 'position': 0.636, 'sector': 0.55, 'continuity': 0.3}",0.0,[],竞价涨幅 -0.04% 超出区间
603376,大明电子,10.0,27.45,27.42,-0.11,-0.011,660000.0,88120000.0,0.00749,-0.11,-0.11,-0.11,0.0,True,0.0,0.7051070840197693,False,False,False,False,0,汽车零部件,1,2,False,False,A,1.8,17.5,17.5,"{'gap': 0.0, 'volume': 0.0, 'trend': 0.65, 'position': 0.2, 'sector': 0.0, 'continuity': 0.3}",0.0,[],竞价涨幅 -0.11% 超出区间
688398,赛特新材,20.0,23.82,25.1,5.37,0.269,1810000.0,87720000.0,0.02063,4.91,6.21,5.37,0.46,False,0.84,0.6564102564102565,True,True,False,False,0,化学制品,2,3,False,False,A,5.0,51.7,51.680201868534205,"{'gap': 0.0, 'volume': 0.647, 'trend': 0.538, 'position': 1.0, 'sector': 0.55, 'continuity': 0.3}",0.0,[],竞价涨幅 5.37% 超出区间
688253,英诺特,20.0,56.74,56.82,0.14,0.007,0.0,87590000.0,0.0,0.0,0.0,0.14,0.14,True,-0.14,0.3158388003748829,False,False,False,False,0,医疗器械,0,0,False,False,B,0.0,17.9,17.889378319275227,"{'gap': 0.0, 'volume': 0.0, 'trend': 0.662, 'position': 0.21, 'sector': 0.0, 'continuity': 0.3}",0.0,[],竞价涨幅 0.14% 超出区间
920206,彩客科技,30.0,39.47,39.66,0.48,0.016,503600.0,87200200.0,0.00578,2.05,1.34,0.48,-1.57,False,0.86,0.4212700051626226,False,False,False,False,0,化学制品,2,3,False,False,A,1.4,18.0,18.005555555555556,"{'gap': 0.0, 'volume': 0.0, 'trend': 0.413, 'position': 0.0, 'sector': 0.55, 'continuity': 0.3}",0.0,[],竞价涨幅 0.48% 超出区间
300787,海能实业,20.0,10.64,10.78,1.32,0.066,370000.0,87030000.0,0.00425,0.19,0.38,1.32,1.13,True,-0.94,1.0,False,True,False,False,0,消费电子,0,1,False,False,A,1.0,23.9,23.883333333333333,"{'gap': 0.0, 'volume': 0.0, 'trend': 0.744, 'position': 0.5, 'sector': 0.0, 'continuity': 0.3}",0.0,[],竞价涨幅 1.32% 超出区间
301371,敷尔佳,20.0,20.81,20.87,0.29,0.014,390000.0,86420000.0,0.00451,0.1,0.0,0.29,0.19,False,-0.29,0.06509695290858711,False,False,False,False,0,美容护理,0,0,False,False,B,1.1,24.4,24.375530932594653,"{'gap': 0.0, 'volume': 0.0, 'trend': 0.516, 'position': 0.837, 'sector': 0.0, 'continuity': 0.3}",0.0,[],竞价涨幅 0.29% 超出区间
688539,高华科技,20.0,24.53,24.53,0.0,0.0,130000.0,86050000.0,0.00151,1.1,0.2,0.0,-1.1,False,0.2,0.17862969004893972,False,False,False,False,0,通用设备,1,3,False,False,B,0.4,18.0,17.968053289831428,"{'gap': 0.0, 'volume': 0.0, 'trend': 0.408, 'position': 0.553, 'sector': 0.0, 'continuity': 0.3}",0.0,[],竞价涨幅 0.00% 超出区间
301449,天溯计量,20.0,41.34,40.98,-0.87,-0.044,1350000.0,85350000.0,0.01582,-2.81,-2.73,-0.87,1.94,True,-1.86,0.6132858837485174,False,False,False,False,0,其他社会服务,0,0,False,False,A,3.8,30.6,30.632155588653166,"{'gap': 0.0, 'volume': 0.396, 'trend': 0.812, 'position': 0.2, 'sector': 0.0, 'continuity': 0.3}",0.0,[],竞价涨幅 -0.87% 超出区间
301010,晶雪节能,20.0,18.38,18.45,0.38,0.019,780000.0,84960000.0,0.00918,0.98,0.98,0.38,-0.6,False,0.6,1.0,False,False,False,False,0,建筑材料,1,1,False,False,A,2.2,10.5,10.500000000000002,"{'gap': 0.0, 'volume': 0.0, 'trend': 0.45, 'position': 0.0, 'sector': 0.0, 'continuity': 0.3}",0.0,[],竞价涨幅 0.38% 超出区间
688712,北芯生命,20.0,31.07,31.95,2.83,0.142,2480000.0,84940000.0,0.0292,2.99,2.99,2.83,-0.16,False,0.16,0.17432052483598867,False,False,False,False,0,医疗器械,0,0,False,False,B,7.0,55.1,55.12514552241882,"{'gap': 0.553, 'volume': 0.974, 'trend': 0.487, 'position': 0.564, 'sector': 0.0, 'continuity': 0.3}",0.0,[],竞价额 248 万不足 300 万
301152,天力锂能,20.0,21.13,21.14,0.05,0.002,730000.0,84550000.0,0.00863,-0.76,-1.42,0.05,0.8,False,-1.47,0.46365105008077523,False,False,False,False,0,电池,0,1,False,False,A,2.1,12.8,12.833333333333336,"{'gap': 0.0, 'volume': 0.0, 'trend': 0.567, 'position': 0.0, 'sector': 0.0, 'continuity': 0.3}",0.0,[],竞价涨幅 0.05% 超出区间
920981,晶赛科技,30.0,30.6,31.42,2.68,0.089,506400.0,84379000.0,0.006,7.78,3.59,2.68,-5.1,False,0.92,0.20253164556962028,False,False,False,False,0,元件,5,1,False,False,B,1.4,37.3,37.30506329113924,"{'gap': 0.453, 'volume': 0.0, 'trend': 0.217, 'position': 0.494, 'sector': 1.0, 'continuity': 0.3}",0.0,[],竞价量能 0.60%(量比≈1.4) 超出区间
002316,亚联发展,10.0,4.26,4.28,0.47,0.047,510000.0,84030000.0,0.00607,0.0,0.7,0.47,0.47,False,0.23,0.6,False,False,False,False,0,综合,0,1,False,False,A,1.5,16.1,16.066666666666666,"{'gap': 0.0, 'volume': 0.0, 'trend': 0.578, 'position': 0.2, 'sector': 0.0, 'continuity': 0.3}",0.0,[],竞价涨幅 0.47% 超出区间
603205,健尔康,10.0,22.0,21.85,-0.68,-0.068,550000.0,83680000.0,0.00657,-0.18,-0.82,-0.68,-0.5,False,-0.14,0.5933147632311975,False,False,False,False,0,医疗器械,0,0,False,False,A,1.6,12.8,12.833333333333336,"{'gap': 0.0, 'volume': 0.0, 'trend': 0.417, 'position': 0.2, 'sector': 0.0, 'continuity': 0.3}",0.0,[],竞价涨幅 -0.68% 超出区间
301548,崇德科技,20.0,54.32,54.79,0.87,0.043,580000.0,83510000.0,0.00695,0.0,0.92,0.87,0.87,False,0.06,0.053196803196803255,False,False,False,False,0,通用设备,1,3,False,False,B,1.7,26.0,25.95511988011988,"{'gap': 0.0, 'volume': 0.0, 'trend': 0.573, 'position': 0.867, 'sector': 0.0, 'continuity': 0.3}",0.0,[],竞价涨幅 0.87% 超出区间
301336,趣睡科技,20.0,44.61,44.32,-0.65,-0.033,2820000.0,81920000.0,0.03442,0.0,0.02,-0.65,-0.65,False,0.67,0.8638790035587188,False,False,False,False,0,家居用品,0,6,False,False,A,8.3,37.0,37.04226257545429,"{'gap': 0.0, 'volume': 0.945, 'trend': 0.446, 'position': 0.2, 'sector': 0.0, 'continuity': 0.3}",0.0,[],竞价涨幅 -0.65% 超出区间
001373,翔腾新材,10.0,29.49,29.63,0.47,0.047,790000.0,79470000.0,0.00994,-2.34,-2.34,0.47,2.81,True,-2.81,0.82514450867052,False,False,False,False,0,光学光电子,1,3,False,False,A,2.4,24.5,24.5,"{'gap': 0.0, 'volume': 0.0, 'trend': 1.0, 'position': 0.2, 'sector': 0.0, 'continuity': 0.3}",0.0,[],竞价涨幅 0.47% 超出区间
688130,晶华微,20.0,25.8,25.82,0.08,0.004,270000.0,77910000.0,0.00347,1.24,1.24,0.08,-1.16,False,1.16,0.679304897314376,False,False,False,False,0,半导体,7,4,False,False,A,0.8,27.6,27.566666666666666,"{'gap': 0.0, 'volume': 0.0, 'trend': 0.403, 'position': 0.2, 'sector': 1.0, 'continuity': 0.3}",0.0,[],竞价涨幅 0.08% 超出区间
688651,盛邦安全,20.0,23.26,23.28,0.09,0.004,250000.0,72630000.0,0.00344,1.03,0.95,0.09,-0.95,False,0.86,0.2894534257120863,True,False,False,False,0,软件开发,2,2,False,False,B,0.8,25.3,25.312163202463434,"{'gap': 0.0, 'volume': 0.0, 'trend': 0.421, 'position': 0.476, 'sector': 0.55, 'continuity': 0.3}",0.0,[],竞价涨幅 0.09% 超出区间
001336,楚环科技,10.0,19.17,19.17,0.0,0.0,710000.0,71280000.0,0.00996,0.0,-0.89,0.0,0.0,False,-0.89,0.4746478873239439,False,False,False,False,0,环保设备,0,0,False,False,A,2.4,11.5,11.5,"{'gap': 0.0, 'volume': 0.0, 'trend': 0.5, 'position': 0.0, 'sector': 0.0, 'continuity': 0.3}",0.0,[],竞价涨幅 0.00% 超出区间
300640,德艺文创,20.0,6.09,6.08,-0.16,-0.008,60000.0,70990000.0,0.00085,0.0,-0.16,-0.16,-0.16,False,0.0,0.4093567251461989,False,False,False,False,0,家居用品,0,6,False,False,A,0.2,11.2,11.233333333333334,"{'gap': 0.0, 'volume': 0.0, 'trend': 0.487, 'position': 0.0, 'sector': 0.0, 'continuity': 0.3}",0.0,[],竞价涨幅 -0.16% 超出区间
603334,丰倍生物,10.0,31.45,31.39,-0.19,-0.019,340000.0,70320000.0,0.00484,0.1,0.1,-0.19,-0.29,False,0.29,0.2399403874813711,False,False,False,False,0,化学制品,2,3,False,False,B,1.2,24.8,24.78556880278192,"{'gap': 0.0, 'volume': 0.0, 'trend': 0.452, 'position': 0.4, 'sector': 0.55, 'continuity': 0.3}",0.0,[],竞价涨幅 -0.19% 超出区间
920790,联迪信息,30.0,23.78,23.6,-0.76,-0.025,348900.0,69769300.0,0.005,-2.69,-1.6,-0.76,1.93,True,-0.84,0.3178294573643412,False,False,False,False,0,IT服务,0,0,False,False,B,1.2,19.7,19.72583979328165,"{'gap': 0.0, 'volume': 0.0, 'trend': 0.757, 'position': 0.205, 'sector': 0.0, 'continuity': 0.3}",0.0,[],竞价涨幅 -0.76% 超出区间
300746,汉嘉数智,20.0,14.27,14.26,-0.07,-0.004,80000.0,69360000.0,0.00115,0.07,0.0,-0.07,-0.14,False,0.07,0.8492366412213739,False,False,False,False,0,IT服务,0,0,False,False,A,0.3,14.3,14.266666666666666,"{'gap': 0.0, 'volume': 0.0, 'trend': 0.488, 'position': 0.2, 'sector': 0.0, 'continuity': 0.3}",0.0,[],竞价涨幅 -0.07% 超出区间
301372,科净源,20.0,33.71,33.44,-0.8,-0.04,450000.0,68210000.0,0.0066,0.0,-1.51,-0.8,-0.8,False,-0.71,0.8338557993730411,True,False,False,False,0,环境治理,0,1,False,False,A,1.6,17.7,17.666666666666668,"{'gap': 0.0, 'volume': 0.0, 'trend': 0.433, 'position': 0.5, 'sector': 0.0, 'continuity': 0.3}",0.0,[],竞价涨幅 -0.80% 超出区间
920220,朗信电气,30.0,42.91,42.89,-0.05,-0.002,174899.99999999997,67058400.0,0.00261,-0.98,-0.91,-0.05,0.93,True,-0.86,0.22622478386167116,False,False,False,False,0,汽车零部件,1,2,False,False,B,0.6,22.0,22.049903938520664,"{'gap': 0.0, 'volume': 0.0, 'trend': 0.702, 'position': 0.434, 'sector': 0.0, 'continuity': 0.3}",0.0,[],竞价涨幅 -0.05% 超出区间
301157,华塑科技,20.0,64.85,64.69,-0.25,-0.012,80000.0,64260000.0,0.00124,0.0,0.0,-0.25,-0.25,False,0.25,1.0,True,False,False,False,0,其他电源设备,1,0,False,False,A,0.3,15.6,15.583333333333332,"{'gap': 0.0, 'volume': 0.0, 'trend': 0.479, 'position': 0.3, 'sector': 0.0, 'continuity': 0.3}",0.0,[],竞价涨幅 -0.25% 超出区间
603116,红蜻蜓,10.0,6.6,6.55,-0.76,-0.076,720000.0,62590000.0,0.0115,-0.15,-1.52,-0.76,-0.61,False,-0.76,1.0,False,False,False,False,0,服装家纺,0,4,False,False,A,2.8,11.8,11.839283920419554,"{'gap': 0.0, 'volume': 0.095, 'trend': 0.398, 'position': 0.0, 'sector': 0.0, 'continuity': 0.3}",0.0,[],竞价涨幅 -0.76% 超出区间
300804,广康生化,20.0,45.45,45.45,0.0,0.0,140000.0,61660000.0,0.00227,0.07,0.0,0.0,-0.07,False,0.0,0.9758162031438937,False,False,False,False,0,农化制品,0,0,False,False,A,0.5,11.4,11.383333333333333,"{'gap': 0.0, 'volume': 0.0, 'trend': 0.494, 'position': 0.0, 'sector': 0.0, 'continuity': 0.3}",0.0,[],竞价涨幅 0.00% 超出区间
000910,大亚圣象,10.0,5.69,6.0,5.45,0.545,15230000.0,59710000.0,0.25507,10.02,5.27,5.45,-4.57,False,-0.18,1.0,False,True,True,False,1,家居用品,0,6,False,False,A,61.2,0.0,0.0,"{'gap': 0.0, 'volume': 0.0, 'trend': 0.0, 'position': 0.5, 'sector': 0.0, 'continuity': 0.85}",30.0,['高位极端放量'],竞价涨幅 5.45% 超出区间
920001,纬达光电,30.0,11.7,11.77,0.6,0.02,190600.0,57288300.0,0.00333,-0.26,-1.2,0.6,0.85,False,-1.79,0.23696682464454974,False,False,False,False,0,光学光电子,1,3,False,False,B,0.8,18.6,18.558188520273834,"{'gap': 0.0, 'volume': 0.0, 'trend': 0.547, 'position': 0.408, 'sector': 0.0, 'continuity': 0.3}",0.0,[],竞价涨幅 0.60% 超出区间
301668,昊创瑞通,20.0,32.78,32.58,-0.61,-0.031,650000.0,56920000.0,0.01142,-1.07,-1.4,-0.61,0.46,False,-0.79,0.34603501544799165,False,False,False,False,0,电网设备,1,6,False,False,B,2.7,16.5,16.498234040708088,"{'gap': 0.0, 'volume': 0.088, 'trend': 0.538, 'position': 0.135, 'sector': 0.0, 'continuity': 0.3}",0.0,[],竞价涨幅 -0.61% 超出区间
920016,中草香料,30.0,14.91,14.72,-1.27,-0.042,276900.0,56799600.0,0.00488,-0.94,-1.54,-1.27,-0.34,False,-0.27,0.870967741935484,True,False,False,False,0,化学制品,2,3,False,False,A,1.2,26.9,26.872222222222224,"{'gap': 0.0, 'volume': 0.0, 'trend': 0.481, 'position': 0.5, 'sector': 0.55, 'continuity': 0.3}",0.0,[],竞价涨幅 -1.27% 超出区间
920046,亿能电力,30.0,20.11,20.01,-0.5,-0.017,85000.0,56649700.0,0.0015,-0.55,-0.5,-0.5,0.05,True,0.0,0.26848874598070716,False,False,False,False,0,电网设备,1,6,False,False,B,0.4,19.5,19.487227581279036,"{'gap': 0.0, 'volume': 0.0, 'trend': 0.653, 'position': 0.329, 'sector': 0.0, 'continuity': 0.3}",0.0,[],竞价涨幅 -0.50% 超出区间
301533,威马农机,20.0,28.79,28.94,0.52,0.026,580000.0,54700000.0,0.0106,-1.77,-1.49,0.52,2.29,True,-2.01,0.7290249433106576,False,False,False,False,0,专用设备,1,1,False,False,A,2.5,21.8,21.766174559001893,"{'gap': 0.0, 'volume': 0.018, 'trend': 0.841, 'position': 0.2, 'sector': 0.0, 'continuity': 0.3}",0.0,[],竞价涨幅 0.52% 超出区间
603075,热威股份,10.0,19.8,19.73,-0.35,-0.035,460000.0,52900000.0,0.0087,-0.56,0.05,-0.35,0.2,False,0.4,0.3726315789473683,False,False,False,False,0,白色家电,0,0,False,False,B,2.1,13.2,13.192982456140356,"{'gap': 0.0, 'volume': 0.0, 'trend': 0.533, 'position': 0.068, 'sector': 0.0, 'continuity': 0.3}",0.0,[],竞价涨幅 -0.35% 超出区间
920976,视声智能,30.0,22.61,22.7,0.4,0.013,742500.0,51865000.0,0.01432,2.65,1.68,0.4,-2.26,False,1.28,1.0,False,False,False,False,0,计算机设备,0,1,False,False,A,3.4,4.0,4.036885370495224,"{'gap': 0.0, 'volume': 0.302, 'trend': 0.374, 'position': 0.0, 'sector': 0.0, 'continuity': 0.3}",12.5,['竞价尾段走弱'],竞价涨幅 0.40% 超出区间
603284,林平发展,10.0,41.17,41.17,0.0,0.0,400000.0,49750000.0,0.00804,0.0,0.02,0.0,0.0,False,0.02,0.5268614514608863,False,False,False,False,0,造纸,0,0,False,False,A,1.9,11.5,11.5,"{'gap': 0.0, 'volume': 0.0, 'trend': 0.5, 'position': 0.0, 'sector': 0.0, 'continuity': 0.3}",0.0,[],竞价涨幅 0.00% 超出区间
920159,农大科技,30.0,29.75,29.65,-0.34,-0.011,308400.0,48327900.0,0.00638,-0.3,-0.3,-0.34,-0.03,False,0.03,0.40107430617726064,False,False,False,False,0,农化制品,0,0,False,False,A,1.5,11.5,11.466666666666669,"{'gap': 0.0, 'volume': 0.0, 'trend': 0.498, 'position': 0.0, 'sector': 0.0, 'continuity': 0.3}",0.0,[],竞价涨幅 -0.34% 超出区间
920006,晟楠科技,30.0,17.92,17.9,-0.11,-0.004,181800.0,47011899.99999999,0.00387,-0.11,-0.11,-0.11,0.0,True,0.0,0.4964788732394368,False,False,False,False,0,军工装备,0,0,False,False,A,0.9,14.5,14.500000000000002,"{'gap': 0.0, 'volume': 0.0, 'trend': 0.65, 'position': 0.0, 'sector': 0.0, 'continuity': 0.3}",0.0,[],竞价涨幅 -0.11% 超出区间
920706,铁拓机械,30.0,15.09,15.16,0.46,0.015,315500.0,44697900.0,0.00706,1.52,0.99,0.46,-1.06,False,0.53,0.5605633802816904,True,False,False,False,0,工程机械,0,0,False,False,A,1.7,17.8,17.822222222222223,"{'gap': 0.0, 'volume': 0.0, 'trend': 0.441, 'position': 0.5, 'sector': 0.0, 'continuity': 0.3}",0.0,[],竞价涨幅 0.46% 超出区间
920128,胜业电气,30.0,19.67,19.97,1.53,0.051,272700.0,44116100.0,0.00618,-0.05,-0.05,1.53,1.58,True,-1.58,0.532534246575343,False,False,False,False,0,元件,5,1,False,False,A,1.5,31.3,31.25555555555556,"{'gap': 0.0, 'volume': 0.0, 'trend': 0.738, 'position': 0.0, 'sector': 1.0, 'continuity': 0.3}",0.0,[],竞价涨幅 1.53% 超出区间
001396,誉帆科技,10.0,32.53,32.24,-0.89,-0.089,740000.0,41950000.0,0.01764,0.03,0.03,-0.89,-0.92,False,0.92,0.32968536251709996,False,False,False,False,0,其他社会服务,0,0,False,False,B,4.2,23.5,23.538686280788028,"{'gap': 0.0, 'volume': 0.499, 'trend': 0.347, 'position': 0.176, 'sector': 0.0, 'continuity': 0.3}",0.0,[],竞价涨幅 -0.89% 超出区间
001238,浙江正特,10.0,26.31,27.09,2.96,0.296,4110000.0,41570000.0,0.09887,5.28,2.62,2.96,-2.32,False,-0.34,0.6340579710144928,False,True,True,False,1,家居用品,0,6,False,False,A,23.7,29.8,29.816666666666663,"{'gap': 0.64, 'volume': 0.0, 'trend': 0.113, 'position': 0.7, 'sector': 0.0, 'continuity': 0.85}",0.0,[],竞价量能 9.89%(量比≈23.7) 超出区间
920181,赛英电子,30.0,71.34,71.5,0.22,0.007,150400.0,40020100.0,0.00376,0.22,0.22,0.22,0.0,True,0.0,0.17607555089192028,False,False,False,False,0,其他电子,2,1,False,False,B,0.9,26.6,26.647166841552988,"{'gap': 0.0, 'volume': 0.0, 'trend': 0.65, 'position': 0.56, 'sector': 0.25, 'continuity': 0.3}",0.0,[],竞价涨幅 0.22% 超出区间
300915,海融科技,20.0,20.94,21.02,0.38,0.019,340000.0,37760000.0,0.009,0.0,0.0,0.38,0.38,True,-0.38,0.9283667621776505,False,False,False,False,0,饮料制造,1,1,False,False,A,2.2,18.1,18.133333333333333,"{'gap': 0.0, 'volume': 0.0, 'trend': 0.682, 'position': 0.2, 'sector': 0.0, 'continuity': 0.3}",0.0,[],竞价涨幅 0.38% 超出区间
920036,觅睿科技,30.0,32.37,32.4,0.09,0.003,55100.0,34946900.0,0.00158,0.62,0.62,0.09,-0.53,False,0.53,0.4765998089780322,False,False,False,False,0,计算机设备,0,1,False,False,A,0.4,10.9,10.911111111111111,"{'gap': 0.0, 'volume': 0.0, 'trend': 0.471, 'position': 0.0, 'sector': 0.0, 'continuity': 0.3}",0.0,[],竞价涨幅 0.09% 超出区间
920970,大禹生物,30.0,6.49,6.48,-0.15,-0.005,90200.0,34917200.0,0.00258,0.0,0.0,-0.15,-0.15,False,0.15,0.38926174496644295,False,False,False,False,0,化学制品,2,3,False,False,B,0.6,20.0,19.986017897091724,"{'gap': 0.0, 'volume': 0.0, 'trend': 0.492, 'position': 0.027, 'sector': 0.55, 'continuity': 0.3}",0.0,[],竞价涨幅 -0.15% 超出区间
920564,天润科技,30.0,13.92,13.84,-0.57,-0.019,939900.0,34630500.0,0.02714,-3.52,-3.52,-0.57,2.95,True,-2.95,0.31604938271604915,False,False,False,False,0,IT服务,0,0,False,False,B,6.5,43.6,43.56162717249419,"{'gap': 0.0, 'volume': 0.905, 'trend': 0.814, 'position': 0.21, 'sector': 0.0, 'continuity': 0.3}",0.0,[],竞价涨幅 -0.57% 超出区间
920132,泰鹏智能,30.0,9.38,9.3,-0.85,-0.028,211700.00000000003,29617199.999999996,0.00715,0.0,0.0,-0.85,-0.85,False,0.85,0.8558558558558564,False,False,False,False,0,家居用品,0,6,False,False,A,1.7,13.6,13.555555555555554,"{'gap': 0.0, 'volume': 0.0, 'trend': 0.453, 'position': 0.2, 'sector': 0.0, 'continuity': 0.3}",0.0,[],竞价涨幅 -0.85% 超出区间
920072,科莱瑞迪,30.0,23.5,23.5,0.0,0.0,87000.0,28957800.000000004,0.003,-0.64,-0.64,0.0,0.64,True,-0.64,0.04039634146341459,False,False,False,False,0,医疗器械,0,0,False,False,B,0.7,28.7,28.696248306233063,"{'gap': 0.0, 'volume': 0.0, 'trend': 0.686, 'position': 0.899, 'sector': 0.0, 'continuity': 0.3}",0.0,[],竞价涨幅 0.00% 超出区间
920826,盖世食品,30.0,8.59,8.59,0.0,0.0,13500.0,28519800.0,0.00047,-4.19,0.0,0.0,4.19,True,0.0,0.44321329639889195,False,False,False,False,0,食品加工制造,0,0,False,False,A,0.1,19.2,19.15555555555556,"{'gap': 0.0, 'volume': 0.0, 'trend': 0.883, 'position': 0.0, 'sector': 0.0, 'continuity': 0.3}",0.0,[],竞价涨幅 0.00% 超出区间
920957,汉维科技,30.0,10.23,10.22,-0.1,-0.003,160300.0,27373300.0,0.00586,29.62,-0.1,-0.1,-29.72,False,0.0,0.8022388059701495,False,False,False,False,0,化学制品,2,3,False,False,A,1.4,12.8,12.75,"{'gap': 0.0, 'volume': 0.0, 'trend': 0.0, 'position': 0.2, 'sector': 0.55, 'continuity': 0.3}",0.0,[],竞价涨幅 -0.10% 超出区间
920096,嘉晨智能,30.0,31.97,31.94,-0.09,-0.003,442600.0,26606500.0,0.01664,0.03,0.03,-0.09,-0.13,False,0.13,0.07876230661040787,False,False,False,False,0,自动化设备,3,0,False,False,B,4.0,42.0,41.993326590344566,"{'gap': 0.0, 'volume': 0.444, 'trend': 0.493, 'position': 0.803, 'sector': 0.5, 'continuity': 0.3}",0.0,[],竞价涨幅 -0.09% 超出区间
920779,武汉蓝电,30.0,23.22,23.01,-0.9,-0.03,159500.0,24545900.0,0.0065,-1.42,-1.42,-0.9,0.52,True,-0.52,0.568154402895054,False,False,False,False,0,电池,0,1,False,False,A,1.6,18.1,18.077777777777776,"{'gap': 0.0, 'volume': 0.0, 'trend': 0.679, 'position': 0.2, 'sector': 0.0, 'continuity': 0.3}",0.0,[],竞价涨幅 -0.90% 超出区间
920218,新天力,30.0,15.11,15.1,-0.07,-0.002,81500.0,22446900.0,0.00363,0.0,0.0,-0.07,-0.07,False,0.07,0.12213740458015243,False,False,False,False,0,家居用品,0,6,False,False,B,0.9,21.8,21.84206955046651,"{'gap': 0.0, 'volume': 0.0, 'trend': 0.496, 'position': 0.695, 'sector': 0.0, 'continuity': 0.3}",0.0,[],竞价涨幅 -0.07% 超出区间
