code,name,limit_pct,prev_close,auc_price,gap_pct,gap_norm,auc_amount,prev_amount,auc_ratio,t1_chg,t2_chg,t3_chg,slope,monotonic,dive,pos_pct_60d,ma_bull,breakout,prev_limit_up,prev_broken_board,board_height,sector,sector_members,sector_prev_limitups,blacklisted,one_word,group,liangbi,score,score_raw,parts,penalty,risk_tags,rejected
300308,中际旭创,20.0,922.5,918.51,-0.43,-0.022,118850000.0,13680100000.0,0.00869,-0.0,-0.43,-0.43,-0.43,False,-0.0,0.28672427336999207,True,False,False,False,0,通信设备,0,1,False,False,B,2.1,18.0,18.031173081958634,"{'gap': 0.0, 'volume': 0.0, 'trend': 0.464, 'position': 0.483, 'sector': 0.0, 'continuity': 0.3}",0.0,[],竞价涨幅 -0.43% 超出区间
600487,亨通光电,10.0,69.94,69.8,-0.2,-0.02,71310000.0,11146720000.0,0.0064,-1.34,-1.34,-0.2,1.14,True,-1.14,0.4875643224699827,True,False,False,False,0,通信设备,0,1,False,False,A,1.5,22.8,22.800000000000004,"{'gap': 0.0, 'volume': 0.0, 'trend': 0.84, 'position': 0.3, 'sector': 0.0, 'continuity': 0.3}",0.0,[],竞价涨幅 -0.20% 超出区间
603986,兆易创新,10.0,398.72,393.0,-1.43,-0.143,114100000.0,10521760000.0,0.01084,-1.18,-1.43,-1.43,-0.25,False,0.0,0.16375293021154017,False,False,False,False,0,半导体,2,3,False,False,B,2.6,28.8,28.753785271100853,"{'gap': 0.0, 'volume': 0.039, 'trend': 0.458, 'position': 0.591, 'sector': 0.55, 'continuity': 0.3}",0.0,[],竞价涨幅 -1.43% 超出区间
300502,新易盛,20.0,451.2,451.26,0.01,0.001,70440000.0,10295200000.0,0.00684,-1.35,-0.91,0.01,1.36,True,-0.92,0.4051183491806593,True,False,False,False,0,通信设备,0,1,False,False,A,1.6,21.3,21.266666666666666,"{'gap': 0.0, 'volume': 0.0, 'trend': 0.763, 'position': 0.3, 'sector': 0.0, 'continuity': 0.3}",0.0,[],竞价涨幅 0.01% 超出区间
000725,京东方Ａ,10.0,6.02,5.97,-0.83,-0.083,84480000.0,9648280000.0,0.00876,-0.5,-0.83,-0.83,-0.33,False,0.0,0.195822454308094,False,False,False,False,0,光学光电子,1,2,False,False,B,2.1,18.1,18.056657963446476,"{'gap': 0.0, 'volume': 0.0, 'trend': 0.445, 'position': 0.51, 'sector': 0.0, 'continuity': 0.3}",0.0,[],竞价涨幅 -0.83% 超出区间
002384,东山精密,10.0,193.0,192.0,-0.52,-0.052,44830000.0,9439570000.0,0.00475,-0.12,-0.51,-0.52,-0.39,False,0.01,0.29158878504672886,True,False,False,False,0,元件,0,2,False,False,B,1.1,17.3,17.265420560747668,"{'gap': 0.0, 'volume': 0.0, 'trend': 0.435, 'position': 0.471, 'sector': 0.0, 'continuity': 0.3}",0.0,[],竞价涨幅 -0.52% 超出区间
688008,澜起科技,20.0,223.37,222.06,-0.59,-0.029,88990000.0,7987380000.0,0.01114,-2.4,-2.4,-0.59,1.82,True,-1.82,0.3891389432485323,True,False,False,False,0,半导体,2,3,False,False,B,2.7,30.8,30.81269618591125,"{'gap': 0.0, 'volume': 0.065, 'trend': 0.802, 'position': 0.227, 'sector': 0.55, 'continuity': 0.3}",0.0,[],竞价涨幅 -0.59% 超出区间
600641,先导基电,10.0,47.8,47.99,0.4,0.04,69810000.0,7955830000.0,0.00877,-2.47,-2.62,0.4,2.87,False,-3.01,0.9822795006041077,True,False,False,True,0,半导体,2,3,False,False,A,2.1,18.8,18.81666666666667,"{'gap': 0.0, 'volume': 0.0, 'trend': 0.978, 'position': 0.3, 'sector': 0.55, 'continuity': 0.3}",15.0,['昨日炸板'],竞价涨幅 0.40% 超出区间
002463,沪电股份,10.0,128.1,126.61,-1.16,-0.116,37070000.0,7915170000.0,0.00468,0.0,-1.26,-1.16,-1.16,False,-0.1,0.7742331288343555,False,False,False,False,0,元件,0,2,False,False,A,1.1,10.6,10.633333333333333,"{'gap': 0.0, 'volume': 0.0, 'trend': 0.307, 'position': 0.2, 'sector': 0.0, 'continuity': 0.3}",0.0,[],竞价涨幅 -1.16% 超出区间
300476,胜宏科技,20.0,244.3,241.0,-1.35,-0.068,47000000.0,7744770000.0,0.00607,-0.94,-1.23,-1.35,-0.41,False,0.12,0.5006655704330124,False,False,False,False,0,元件,0,2,False,False,A,1.5,10.8,10.816666666666668,"{'gap': 0.0, 'volume': 0.0, 'trend': 0.466, 'position': 0.0, 'sector': 0.0, 'continuity': 0.3}",0.0,[],竞价涨幅 -1.35% 超出区间
300750,宁德时代,20.0,301.0,300.0,-0.33,-0.017,62310000.0,7443570000.0,0.00837,-0.04,0.0,-0.33,-0.29,False,0.33,0.036077705827936894,False,False,False,False,0,电池,2,1,False,False,B,2.0,28.4,28.413752698119033,"{'gap': 0.0, 'volume': 0.0, 'trend': 0.476, 'position': 0.91, 'sector': 0.25, 'continuity': 0.3}",0.0,[],竞价涨幅 -0.33% 超出区间
002436,兴森科技,10.0,45.9,45.51,-0.85,-0.085,42590000.0,7072080000.0,0.00602,-2.92,-2.92,-0.85,2.07,True,-2.07,0.9765819631290484,True,False,False,False,0,元件,0,2,False,False,A,1.4,25.9,25.900000000000002,"{'gap': 0.0, 'volume': 0.0, 'trend': 0.995, 'position': 0.3, 'sector': 0.0, 'continuity': 0.3}",0.0,[],竞价涨幅 -0.85% 超出区间
603893,瑞芯微,10.0,223.01,223.0,-0.0,-0.0,40320000.0,6974830000.0,0.00578,-0.0,-0.9,-0.0,0.0,False,-0.9,0.8921857722078875,True,False,False,False,0,半导体,2,3,False,False,A,1.4,27.3,27.250000000000004,"{'gap': 0.0, 'volume': 0.0, 'trend': 0.5, 'position': 0.5, 'sector': 0.55, 'continuity': 0.3}",0.0,[],竞价涨幅 -0.00% 超出区间
002636,金安国纪,10.0,87.15,85.27,-2.16,-0.216,38960000.0,6777250000.0,0.00575,-2.01,-2.12,-2.16,-0.15,False,0.03,0.6198257080610023,True,False,False,False,0,元件,0,2,False,False,A,1.4,18.5,18.5,"{'gap': 0.0, 'volume': 0.0, 'trend': 0.475, 'position': 0.5, 'sector': 0.0, 'continuity': 0.3}",0.0,[],竞价涨幅 -2.16% 超出区间
600664,哈药股份,10.0,9.04,8.65,-4.31,-0.431,113770000.0,6732480000.0,0.0169,-9.96,-7.08,-4.31,5.64,True,-2.77,0.9300155520995332,False,False,False,False,0,化学制药,1,0,False,False,A,4.1,36.0,35.95723231624153,"{'gap': 0.0, 'volume': 0.458, 'trend': 1.0, 'position': 0.2, 'sector': 0.0, 'continuity': 0.3}",0.0,[],竞价涨幅 -4.31% 超出区间
600176,中国巨石,10.0,45.62,45.05,-1.25,-0.125,31360000.0,6698970000.0,0.00468,-0.04,-0.35,-1.25,-1.21,False,0.9,0.3137893593919651,True,False,False,False,0,建筑材料,0,2,False,False,B,1.1,13.7,13.699565689467978,"{'gap': 0.0, 'volume': 0.0, 'trend': 0.298, 'position': 0.416, 'sector': 0.0, 'continuity': 0.3}",0.0,[],竞价涨幅 -1.25% 超出区间
300394,天孚通信,20.0,275.4,273.22,-0.79,-0.04,33170000.0,6525430000.0,0.00508,-0.15,-0.81,-0.79,-0.65,False,-0.02,0.8778742195827621,True,False,False,False,0,通信设备,0,1,False,False,A,1.2,17.9,17.91666666666667,"{'gap': 0.0, 'volume': 0.0, 'trend': 0.446, 'position': 0.5, 'sector': 0.0, 'continuity': 0.3}",0.0,[],竞价涨幅 -0.79% 超出区间
688525,佰维存储,20.0,222.69,218.6,-1.84,-0.092,33930000.0,6124250000.0,0.00554,-1.85,-1.85,-1.84,0.02,True,-0.02,0.06707145442116694,False,False,False,False,0,半导体,2,3,False,False,B,1.3,35.3,35.26815379253958,"{'gap': 0.0, 'volume': 0.0, 'trend': 0.652, 'position': 0.832, 'sector': 0.55, 'continuity': 0.3}",0.0,[],竞价涨幅 -1.84% 超出区间
600522,中天科技,10.0,35.78,35.7,-0.22,-0.022,55060000.0,6118980000.0,0.009,0.59,-0.64,-0.22,-0.81,False,-0.42,0.33835845896147415,True,False,False,False,0,通信设备,0,1,False,False,B,2.2,14.1,14.111557788944717,"{'gap': 0.0, 'volume': 0.0, 'trend': 0.365, 'position': 0.354, 'sector': 0.0, 'continuity': 0.3}",0.0,[],竞价涨幅 -0.22% 超出区间
688498,XD源杰科,20.0,1733.98,1735.0,0.06,0.003,16990000.0,6095040000.0,0.00279,0.35,0.1,0.06,-0.29,False,0.04,0.8739534657320873,True,False,False,False,0,半导体,2,3,False,False,A,0.7,26.8,26.766666666666673,"{'gap': 0.0, 'volume': 0.0, 'trend': 0.476, 'position': 0.5, 'sector': 0.55, 'continuity': 0.3}",0.0,[],竞价涨幅 0.06% 超出区间
002185,华天科技,10.0,18.37,18.03,-1.85,-0.185,29190000.0,6037600000.0,0.00483,-1.58,-1.58,-1.85,-0.27,False,0.27,0.32997250229147584,True,False,False,False,0,半导体,2,3,False,False,B,1.2,24.5,24.47603116406966,"{'gap': 0.0, 'volume': 0.0, 'trend': 0.455, 'position': 0.375, 'sector': 0.55, 'continuity': 0.3}",0.0,[],竞价涨幅 -1.85% 超出区间
600183,生益科技,10.0,143.56,142.6,-0.67,-0.067,31570000.0,5996690000.0,0.00526,-0.4,-0.68,-0.67,-0.26,False,-0.01,0.7163097199341022,False,False,False,False,0,元件,0,2,True,False,A,1.3,13.6,13.633333333333333,"{'gap': 0.0, 'volume': 0.0, 'trend': 0.457, 'position': 0.2, 'sector': 0.0, 'continuity': 0.3}",0.0,[],隔夜公告黑名单
688256,寒武纪,20.0,1103.08,1098.0,-0.46,-0.023,25000000.0,5941320000.0,0.00421,-0.28,-0.46,-0.46,-0.18,False,0.0,0.23681885645628659,True,False,False,False,0,半导体,2,3,False,False,B,1.0,28.6,28.569292882889258,"{'gap': 0.0, 'volume': 0.0, 'trend': 0.485, 'position': 0.608, 'sector': 0.55, 'continuity': 0.3}",0.0,[],竞价涨幅 -0.46% 超出区间
000823,超声电子,10.0,27.2,26.1,-4.04,-0.404,95690000.0,5853080000.0,0.01635,-2.98,-4.04,-4.04,-1.07,False,0.0,1.0,True,False,False,True,0,元件,0,2,False,False,A,3.9,8.1,8.109793804903383,"{'gap': 0.0, 'volume': 0.427, 'trend': 0.322, 'position': 0.3, 'sector': 0.0, 'continuity': 0.3}",15.0,['昨日炸板'],竞价涨幅 -4.04% 超出区间
000636,风华高科,10.0,58.74,57.9,-1.43,-0.143,36530000.0,5394790000.0,0.00677,-0.26,-1.09,-1.43,-1.17,False,0.34,0.692595362752431,True,False,False,False,0,元件,0,2,False,False,A,1.6,15.1,15.100000000000001,"{'gap': 0.0, 'volume': 0.0, 'trend': 0.305, 'position': 0.5, 'sector': 0.0, 'continuity': 0.3}",0.0,[],竞价涨幅 -1.43% 超出区间
601208,东材科技,10.0,55.0,54.01,-1.8,-0.18,37640000.0,5365200000.0,0.00702,-1.82,-1.82,-1.8,0.02,True,-0.02,0.721153846153846,True,False,False,False,0,塑料制品,0,0,False,False,A,1.7,22.1,22.066666666666666,"{'gap': 0.0, 'volume': 0.0, 'trend': 0.653, 'position': 0.5, 'sector': 0.0, 'continuity': 0.3}",0.0,[],竞价涨幅 -1.80% 超出区间
600667,太极实业,10.0,20.59,20.17,-2.04,-0.204,27040000.0,5231650000.0,0.00517,-1.26,-1.02,-2.04,-0.78,False,1.02,0.36646382691007434,True,False,False,False,0,建筑装饰,0,2,False,False,B,1.2,13.2,13.157606490872215,"{'gap': 0.0, 'volume': 0.0, 'trend': 0.37, 'position': 0.284, 'sector': 0.0, 'continuity': 0.3}",0.0,[],竞价涨幅 -2.04% 超出区间
300285,国瓷材料,20.0,69.0,73.91,7.12,0.356,203040000.0,5126180000.0,0.03961,0.43,0.43,7.12,6.68,True,-6.68,0.4450664800559831,True,True,False,False,0,电子化学品,0,0,False,False,A,9.5,55.7,55.72115770028331,"{'gap': 0.0, 'volume': 0.889, 'trend': 1.0, 'position': 0.8, 'sector': 0.0, 'continuity': 0.3}",0.0,[],竞价涨幅 7.12% 超出区间
600186,莲花控股,10.0,13.59,13.25,-2.5,-0.25,26380000.0,4995250000.0,0.00528,-1.91,-1.91,-2.5,-0.59,False,0.59,1.0,True,False,False,False,0,食品加工制造,0,0,False,False,A,1.3,14.0,14.033333333333337,"{'gap': 0.0, 'volume': 0.0, 'trend': 0.402, 'position': 0.3, 'sector': 0.0, 'continuity': 0.3}",0.0,[],竞价涨幅 -2.50% 超出区间
603773,沃格光电,10.0,102.5,103.01,0.5,0.05,168330000.0,4992900000.0,0.03371,3.98,3.98,0.5,-3.48,False,3.48,0.5154384520378756,True,True,True,False,1,光学光电子,1,2,False,False,A,8.1,27.6,27.58402852416186,"{'gap': 0.0, 'volume': 0.953, 'trend': 0.0, 'position': 0.8, 'sector': 0.0, 'continuity': 0.85}",12.5,['竞价尾段走弱'],竞价涨幅 0.50% 超出区间
301217,铜冠铜箔,20.0,119.23,117.01,-1.86,-0.093,17810000.0,4984590000.0,0.00357,-1.59,-1.5,-1.86,-0.27,False,0.36,0.5179416895090956,True,False,False,False,0,电池,2,1,False,False,A,0.9,19.3,19.3,"{'gap': 0.0, 'volume': 0.0, 'trend': 0.477, 'position': 0.3, 'sector': 0.25, 'continuity': 0.3}",0.0,[],竞价涨幅 -1.86% 超出区间
688041,海光信息,20.0,251.66,249.5,-0.86,-0.043,19850000.0,4965870000.0,0.004,-0.26,-0.66,-0.86,-0.6,False,0.2,0.20011447377835018,False,False,False,False,0,半导体,2,3,False,False,B,1.0,26.2,26.245707233311872,"{'gap': 0.0, 'volume': 0.0, 'trend': 0.45, 'position': 0.5, 'sector': 0.55, 'continuity': 0.3}",0.0,[],竞价涨幅 -0.86% 超出区间
600418,江淮汽车,10.0,23.45,23.15,-1.28,-0.128,81580000.0,4935450000.0,0.01653,0.0,0.0,-1.28,-1.28,False,1.28,0.6224899598393573,False,False,True,False,2,汽车整车,0,1,False,False,A,4.0,12.2,12.168173584928294,"{'gap': 0.0, 'volume': 0.437, 'trend': 0.287, 'position': 0.2, 'sector': 0.0, 'continuity': 1.0}",12.5,['竞价尾段走弱'],竞价涨幅 -1.28% 超出区间
603256,宏和科技,10.0,156.8,157.91,0.71,0.071,34660000.0,4829600000.0,0.00718,0.77,0.58,0.71,-0.06,False,-0.13,0.33811542223671354,True,False,False,False,0,电子化学品,0,0,True,False,B,1.7,16.6,16.620671666123243,"{'gap': 0.0, 'volume': 0.0, 'trend': 0.49, 'position': 0.355, 'sector': 0.0, 'continuity': 0.3}",0.0,[],隔夜公告黑名单
601869,长飞光纤,10.0,457.89,453.63,-0.93,-0.093,14200000.0,4796510000.0,0.00296,0.0,-0.28,-0.93,-0.93,False,0.66,0.9192123319860889,True,False,False,False,0,通信设备,0,1,False,False,A,0.7,15.9,15.899999999999997,"{'gap': 0.0, 'volume': 0.0, 'trend': 0.345, 'position': 0.5, 'sector': 0.0, 'continuity': 0.3}",0.0,[],竞价涨幅 -0.93% 超出区间
002156,通富微电,10.0,62.8,62.49,-0.49,-0.049,23460000.0,4738870000.0,0.00495,-1.26,-1.26,-0.49,0.76,True,-0.76,0.41870661308001456,False,False,False,False,0,半导体,2,3,False,False,A,1.2,25.3,25.283333333333335,"{'gap': 0.0, 'volume': 0.0, 'trend': 0.777, 'position': 0.0, 'sector': 0.55, 'continuity': 0.3}",0.0,[],竞价涨幅 -0.49% 超出区间
000066,中国长城,10.0,15.14,15.21,0.46,0.046,25230000.0,4602640000.0,0.00548,-1.06,-1.06,0.46,1.52,True,-1.52,0.29569093610698377,False,False,False,False,0,计算机设备,0,0,False,False,B,1.3,23.5,23.47825656265478,"{'gap': 0.0, 'volume': 0.0, 'trend': 0.903, 'position': 0.261, 'sector': 0.0, 'continuity': 0.3}",0.0,[],竞价涨幅 0.46% 超出区间
603259,药明康德,10.0,167.95,166.8,-0.68,-0.068,25020000.0,4528480000.0,0.00553,0.55,0.03,-0.68,-1.24,False,0.71,0.9998097412480971,True,False,False,False,0,医疗服务,0,0,False,False,A,1.3,11.9,11.866666666666667,"{'gap': 0.0, 'volume': 0.0, 'trend': 0.293, 'position': 0.3, 'sector': 0.0, 'continuity': 0.3}",0.0,[],竞价涨幅 -0.68% 超出区间
002916,深南电路,10.0,414.77,414.77,0.0,0.0,15680000.0,4521230000.0,0.00347,-1.42,-1.42,0.0,1.42,True,-1.42,0.7663842805035884,True,False,False,False,0,元件,0,2,False,False,A,0.8,26.7,26.733333333333338,"{'gap': 0.0, 'volume': 0.0, 'trend': 0.887, 'position': 0.5, 'sector': 0.0, 'continuity': 0.3}",0.0,[],竞价涨幅 0.00% 超出区间
000002,万  科Ａ,10.0,3.92,3.89,-0.77,-0.077,79310000.0,4292100000.0,0.01848,-0.26,-2.3,-0.77,-0.51,False,-1.53,1.0,True,False,False,True,0,房地产,0,3,False,False,A,4.4,12.9,12.866354343219061,"{'gap': 0.0, 'volume': 0.543, 'trend': 0.415, 'position': 0.3, 'sector': 0.0, 'continuity': 0.3}",15.0,['昨日炸板'],竞价涨幅 -0.77% 超出区间
600584,XD长电科,10.0,71.77,70.98,-1.1,-0.11,15510000.0,4141970000.0,0.00374,-0.52,-0.82,-1.1,-0.59,False,0.28,0.2544684854186264,False,False,False,False,0,半导体,2,3,False,False,B,0.9,23.2,23.24076513013485,"{'gap': 0.0, 'volume': 0.0, 'trend': 0.402, 'position': 0.364, 'sector': 0.55, 'continuity': 0.3}",0.0,[],竞价涨幅 -1.10% 超出区间
300684,中石科技,20.0,119.5,119.41,-0.08,-0.004,34930000.0,4075890000.0,0.00857,1.26,1.25,-0.08,-1.33,False,1.32,1.0,True,False,False,False,0,电子化学品,0,0,False,False,A,2.1,1.3,1.2833333333333332,"{'gap': 0.0, 'volume': 0.0, 'trend': 0.389, 'position': 0.3, 'sector': 0.0, 'continuity': 0.3}",12.5,['竞价尾段走弱'],竞价涨幅 -0.08% 超出区间
001389,广合科技,10.0,192.25,188.87,-1.76,-0.176,18340000.0,4010930000.0,0.00457,-1.81,-1.85,-1.76,0.05,False,-0.09,0.8498603351955307,True,False,False,False,0,元件,0,2,False,False,A,1.1,19.2,19.166666666666664,"{'gap': 0.0, 'volume': 0.0, 'trend': 0.508, 'position': 0.5, 'sector': 0.0, 'continuity': 0.3}",0.0,[],竞价涨幅 -1.76% 超出区间
002491,通鼎互联,10.0,24.28,24.02,-1.07,-0.107,19550000.0,3993220000.0,0.0049,-1.15,-2.02,-1.07,0.08,False,-0.95,0.8168355416991427,True,False,False,False,0,通信设备,0,1,False,False,A,1.2,19.3,19.266666666666666,"{'gap': 0.0, 'volume': 0.0, 'trend': 0.513, 'position': 0.5, 'sector': 0.0, 'continuity': 0.3}",0.0,[],竞价涨幅 -1.07% 超出区间
300408,三环集团,20.0,130.4,129.51,-0.68,-0.034,19050000.0,3975430000.0,0.00479,-1.63,-1.55,-0.68,0.94,True,-0.87,0.6887023434767404,True,False,False,False,0,元件,0,2,False,False,A,1.1,23.6,23.56666666666667,"{'gap': 0.0, 'volume': 0.0, 'trend': 0.728, 'position': 0.5, 'sector': 0.0, 'continuity': 0.3}",0.0,[],竞价涨幅 -0.68% 超出区间
300489,光智科技,20.0,264.02,264.8,0.3,0.015,40490000.0,3911410000.0,0.01035,0.0,-2.05,0.3,0.3,False,-2.35,0.8471142664789766,False,True,False,False,0,光学光电子,1,2,False,False,A,2.5,22.5,22.500000000000004,"{'gap': 0.0, 'volume': 0.0, 'trend': 0.525, 'position': 0.7, 'sector': 0.0, 'continuity': 0.3}",0.0,[],竞价涨幅 0.30% 超出区间
600519,贵州茅台,10.0,1251.24,1250.01,-0.1,-0.01,22910000.0,3894630000.0,0.00588,0.38,-0.02,-0.1,-0.48,False,0.08,0.38452970986244905,False,False,False,False,0,白酒,0,0,False,False,B,1.4,10.5,10.480135880158162,"{'gap': 0.0, 'volume': 0.0, 'trend': 0.42, 'position': 0.039, 'sector': 0.0, 'continuity': 0.3}",0.0,[],竞价涨幅 -0.10% 超出区间
600869,远东股份,10.0,21.03,20.78,-1.19,-0.119,14480000.0,3833650000.0,0.00378,-2.04,-2.04,-1.19,0.86,True,-0.86,0.4869513641755635,False,False,False,False,0,电网设备,0,0,False,False,A,0.9,17.4,17.36666666666667,"{'gap': 0.0, 'volume': 0.0, 'trend': 0.793, 'position': 0.0, 'sector': 0.0, 'continuity': 0.3}",0.0,[],竞价涨幅 -1.19% 超出区间
002080,中材科技,10.0,60.7,60.0,-1.15,-0.115,29240000.0,3790900000.0,0.00771,-1.15,-1.15,-1.15,0.0,True,0.0,0.45497206703910614,True,False,False,False,0,建筑材料,0,2,False,False,A,1.9,19.0,19.0,"{'gap': 0.0, 'volume': 0.0, 'trend': 0.65, 'position': 0.3, 'sector': 0.0, 'continuity': 0.3}",0.0,[],竞价涨幅 -1.15% 超出区间
002428,云南锗业,10.0,94.39,92.58,-1.92,-0.192,19050000.0,3781620000.0,0.00504,-0.94,-1.47,-1.92,-0.97,False,0.44,0.6761410788381743,False,False,False,False,0,小金属,0,0,False,False,A,1.2,11.3,11.266666666666667,"{'gap': 0.0, 'volume': 0.0, 'trend': 0.338, 'position': 0.2, 'sector': 0.0, 'continuity': 0.3}",0.0,[],竞价涨幅 -1.92% 超出区间
600105,永鼎股份,10.0,44.87,44.51,-0.8,-0.08,14800000.0,3762940000.0,0.00393,-1.27,-1.27,-0.8,0.47,True,-0.47,0.5552941176470587,True,False,False,False,0,通信设备,0,1,False,False,A,0.9,23.6,23.56666666666667,"{'gap': 0.0, 'volume': 0.0, 'trend': 0.728, 'position': 0.5, 'sector': 0.0, 'continuity': 0.3}",0.0,[],竞价涨幅 -0.80% 超出区间
002281,光迅科技,10.0,190.0,189.09,-0.48,-0.048,13970000.0,3736560000.0,0.00374,0.0,0.0,-0.48,-0.48,False,0.48,0.4372098421541317,True,False,False,False,0,通信设备,0,1,False,False,A,0.9,14.4,14.400000000000002,"{'gap': 0.0, 'volume': 0.0, 'trend': 0.42, 'position': 0.3, 'sector': 0.0, 'continuity': 0.3}",0.0,[],竞价涨幅 -0.48% 超出区间
600206,有研新材,10.0,51.48,50.81,-1.3,-0.13,24900000.0,3693150000.0,0.00674,-1.3,-1.3,-1.3,0.0,True,0.0,0.68268156424581,True,False,False,False,0,半导体,2,3,False,False,A,1.6,30.3,30.250000000000004,"{'gap': 0.0, 'volume': 0.0, 'trend': 0.65, 'position': 0.5, 'sector': 0.55, 'continuity': 0.3}",0.0,[],竞价涨幅 -1.30% 超出区间
600172,黄河旋风,10.0,16.74,16.49,-1.49,-0.149,22490000.0,3632680000.0,0.00619,-1.43,-1.37,-1.49,-0.06,False,0.12,0.7864923747276688,True,False,False,False,0,通用设备,1,6,False,False,A,1.5,18.8,18.8,"{'gap': 0.0, 'volume': 0.0, 'trend': 0.49, 'position': 0.5, 'sector': 0.0, 'continuity': 0.3}",0.0,[],竞价涨幅 -1.49% 超出区间
688432,有研硅,20.0,55.0,54.0,-1.82,-0.091,20330000.0,3525580000.0,0.00577,-1.82,-1.82,-1.82,0.0,True,0.0,0.9444952729490699,True,False,False,False,0,半导体,2,3,False,False,A,1.4,30.3,30.250000000000004,"{'gap': 0.0, 'volume': 0.0, 'trend': 0.65, 'position': 0.5, 'sector': 0.55, 'continuity': 0.3}",0.0,[],竞价涨幅 -1.82% 超出区间
300058,蓝色光标,20.0,13.52,13.38,-1.04,-0.052,12740000.0,3454400000.0,0.00369,-1.18,-1.11,-1.04,0.15,True,-0.07,0.47433264887063653,False,False,False,False,0,文化传媒,0,3,False,False,A,0.9,14.8,14.750000000000002,"{'gap': 0.0, 'volume': 0.0, 'trend': 0.662, 'position': 0.0, 'sector': 0.0, 'continuity': 0.3}",0.0,[],竞价涨幅 -1.04% 超出区间
600127,金健米业,10.0,16.75,16.74,-0.06,-0.006,49770000.0,3436630000.0,0.01448,-0.3,-0.36,-0.06,0.24,False,-0.3,1.0,True,False,False,False,0,农产品加工,0,1,False,False,A,3.5,24.6,24.610204188413682,"{'gap': 0.0, 'volume': 0.312, 'trend': 0.54, 'position': 0.3, 'sector': 0.0, 'continuity': 0.3}",0.0,[],竞价涨幅 -0.06% 超出区间
688766,普冉股份,20.0,431.0,425.48,-1.28,-0.064,43070000.0,3426600000.0,0.01257,-0.7,-2.53,-1.28,-0.58,False,-1.25,0.2392021981063077,True,False,False,False,0,半导体,2,3,True,False,B,3.0,32.3,32.28532763298075,"{'gap': 0.0, 'volume': 0.179, 'trend': 0.452, 'position': 0.602, 'sector': 0.55, 'continuity': 0.3}",0.0,[],隔夜公告黑名单
301396,宏景科技,20.0,183.53,180.01,-1.92,-0.096,20520000.0,3357330000.0,0.00611,-1.02,-1.22,-1.92,-0.9,False,0.7,0.3286442656182812,False,False,False,False,0,IT服务,0,1,False,False,B,1.5,12.7,12.675840039314457,"{'gap': 0.0, 'volume': 0.0, 'trend': 0.425, 'position': 0.178, 'sector': 0.0, 'continuity': 0.3}",0.0,[],竞价涨幅 -1.92% 超出区间
603083,剑桥科技,10.0,218.17,215.65,-1.16,-0.116,19040000.0,3332240000.0,0.00571,-1.77,-1.45,-1.16,0.61,True,-0.3,0.844103547459252,False,False,False,False,0,通信设备,0,1,False,False,A,1.4,19.5,19.533333333333335,"{'gap': 0.0, 'volume': 0.0, 'trend': 0.752, 'position': 0.2, 'sector': 0.0, 'continuity': 0.3}",0.0,[],竞价涨幅 -1.16% 超出区间
001309,德明利,10.0,410.32,404.01,-1.54,-0.154,29530000.0,3291950000.0,0.00897,-0.69,-1.06,-1.54,-0.85,False,0.48,0.10464163822525596,False,False,False,False,0,半导体,2,3,False,False,B,2.2,28.0,27.99260523321957,"{'gap': 0.0, 'volume': 0.0, 'trend': 0.358, 'position': 0.738, 'sector': 0.55, 'continuity': 0.3}",0.0,[],竞价涨幅 -1.54% 超出区间
600150,中国船舶,10.0,38.59,38.59,0.0,0.0,13800000.0,3282330000.0,0.0042,-0.39,-0.23,0.0,0.39,True,-0.23,0.7200460829493088,True,False,False,False,0,军工装备,0,0,False,False,A,1.0,23.3,23.299999999999997,"{'gap': 0.0, 'volume': 0.0, 'trend': 0.715, 'position': 0.5, 'sector': 0.0, 'continuity': 0.3}",0.0,[],竞价涨幅 0.00% 超出区间
601899,紫金矿业,10.0,31.41,30.99,-1.34,-0.134,45330000.0,3240530000.0,0.01399,-0.67,-1.05,-1.34,-0.67,False,0.29,0.558469945355191,False,False,False,False,0,贵金属,0,0,False,False,A,3.4,19.3,19.264480066918505,"{'gap': 0.0, 'volume': 0.28, 'trend': 0.388, 'position': 0.2, 'sector': 0.0, 'continuity': 0.3}",0.0,[],竞价涨幅 -1.34% 超出区间
000938,紫光股份,10.0,33.66,33.58,-0.24,-0.024,14030000.0,3230510000.0,0.00434,0.0,0.0,-0.24,-0.24,False,0.24,0.29174543163200983,False,False,False,False,0,IT服务,0,1,False,False,B,1.0,14.8,14.759546313799632,"{'gap': 0.0, 'volume': 0.0, 'trend': 0.46, 'position': 0.271, 'sector': 0.0, 'continuity': 0.3}",0.0,[],竞价涨幅 -0.24% 超出区间
603228,景旺电子,10.0,107.45,107.01,-0.41,-0.041,8040000.0,3175750000.0,0.00253,-0.41,-0.41,-0.41,0.0,True,0.0,0.9126903553299492,False,False,False,False,0,元件,0,2,False,False,A,0.6,17.5,17.5,"{'gap': 0.0, 'volume': 0.0, 'trend': 0.65, 'position': 0.2, 'sector': 0.0, 'continuity': 0.3}",0.0,[],竞价涨幅 -0.41% 超出区间
300475,香农芯创,20.0,179.03,179.03,0.0,0.0,35750000.0,3150900000.0,0.01135,-0.58,-1.36,0.0,0.58,False,-1.36,0.32853909615244214,False,False,False,False,0,其他电子,0,0,False,False,B,2.7,17.2,17.209236876236893,"{'gap': 0.0, 'volume': 0.083, 'trend': 0.548, 'position': 0.179, 'sector': 0.0, 'continuity': 0.3}",0.0,[],竞价涨幅 0.00% 超出区间
603186,华正新材,10.0,227.7,228.6,0.4,0.04,19480000.0,3103630000.0,0.00628,-0.31,-0.31,0.4,0.7,True,-0.7,0.8308127936160626,False,False,False,False,0,元件,0,2,False,False,A,1.5,19.8,19.833333333333336,"{'gap': 0.0, 'volume': 0.0, 'trend': 0.767, 'position': 0.2, 'sector': 0.0, 'continuity': 0.3}",0.0,[],竞价涨幅 0.40% 超出区间
688702,盛科通信-U,20.0,335.0,330.0,-1.49,-0.075,22190000.0,3095330000.0,0.00717,-0.86,-0.9,-1.49,-0.63,False,0.6,0.2527594636639751,False,False,False,False,0,半导体,2,3,False,False,B,1.7,24.2,24.221520112600935,"{'gap': 0.0, 'volume': 0.0, 'trend': 0.448, 'position': 0.368, 'sector': 0.55, 'continuity': 0.3}",0.0,[],竞价涨幅 -1.49% 超出区间
002353,杰瑞股份,10.0,116.84,116.8,-0.03,-0.003,7840000.0,3072370000.0,0.00255,-1.57,-1.91,-0.03,1.53,False,-1.87,0.036741214057508104,False,False,False,False,0,专用设备,0,2,False,False,B,0.6,30.2,30.22220447284345,"{'gap': 0.0, 'volume': 0.0, 'trend': 0.755, 'position': 0.908, 'sector': 0.0, 'continuity': 0.3}",0.0,[],竞价涨幅 -0.03% 超出区间
688012,中微公司,20.0,349.35,347.01,-0.67,-0.033,12400000.0,3018040000.0,0.00411,-0.64,-0.59,-0.67,-0.03,False,0.08,0.24421911710152103,False,False,False,False,0,半导体,2,3,False,False,B,1.0,25.5,25.54178310869296,"{'gap': 0.0, 'volume': 0.0, 'trend': 0.497, 'position': 0.389, 'sector': 0.55, 'continuity': 0.3}",0.0,[],竞价涨幅 -0.67% 超出区间
300274,阳光电源,20.0,86.83,86.4,-0.5,-0.025,10760000.0,3010450000.0,0.00357,-0.35,-0.36,-0.5,-0.15,False,0.14,0.05593607305936078,False,False,False,False,0,光伏设备,0,1,False,False,B,0.9,24.2,24.152397260273972,"{'gap': 0.0, 'volume': 0.0, 'trend': 0.487, 'position': 0.86, 'sector': 0.0, 'continuity': 0.3}",0.0,[],竞价涨幅 -0.50% 超出区间
300570,太辰光,20.0,226.18,225.94,-0.11,-0.005,20090000.0,3009750000.0,0.00667,-0.96,-1.41,-0.11,0.86,False,-1.3,0.9166158536585367,True,False,False,False,0,通信设备,0,1,False,False,A,1.6,20.4,20.433333333333337,"{'gap': 0.0, 'volume': 0.0, 'trend': 0.572, 'position': 0.5, 'sector': 0.0, 'continuity': 0.3}",0.0,[],竞价涨幅 -0.11% 超出区间
688205,德科立,20.0,229.66,225.2,-1.94,-0.097,8500000.0,3001550000.0,0.00283,-0.2,-2.02,-1.94,-1.74,False,-0.07,0.9004290575528924,True,False,False,False,0,通信设备,0,1,False,False,A,0.7,16.1,16.099999999999998,"{'gap': 0.0, 'volume': 0.0, 'trend': 0.355, 'position': 0.5, 'sector': 0.0, 'continuity': 0.3}",0.0,[],竞价涨幅 -1.94% 超出区间
301526,国际复材,20.0,30.31,30.03,-0.92,-0.046,8810000.0,2937190000.0,0.003,1.91,-0.3,-0.92,-2.84,False,0.63,0.21653358384217938,True,False,False,False,0,建筑材料,0,2,False,False,B,0.7,16.6,16.646657272584942,"{'gap': 0.0, 'volume': 0.0, 'trend': 0.263, 'position': 0.659, 'sector': 0.0, 'continuity': 0.3}",0.0,[],竞价涨幅 -0.92% 超出区间
300757,罗博特科,20.0,597.98,596.0,-0.33,-0.017,17460000.0,2918360000.0,0.00598,-2.91,-2.0,-0.33,2.58,True,-1.67,0.8396612660531199,False,False,False,False,0,自动化设备,0,0,False,False,A,1.4,21.8,21.800000000000004,"{'gap': 0.0, 'volume': 0.0, 'trend': 0.865, 'position': 0.2, 'sector': 0.0, 'continuity': 0.3}",0.0,[],竞价涨幅 -0.33% 超出区间
301308,江波龙,20.0,346.0,341.31,-1.36,-0.068,29250000.0,2913160000.0,0.01004,-0.26,-0.86,-1.36,-1.1,False,0.49,0.07237569060773479,False,False,False,False,0,半导体,2,3,False,False,B,2.4,30.2,30.20257826887661,"{'gap': 0.0, 'volume': 0.0, 'trend': 0.408, 'position': 0.819, 'sector': 0.55, 'continuity': 0.3}",0.0,[],竞价涨幅 -1.36% 超出区间
002008,大族激光,10.0,92.98,92.05,-1.0,-0.1,5660000.0,2902670000.0,0.00195,-0.18,-0.33,-1.0,-0.82,False,0.67,0.2365353697749198,True,False,False,False,0,自动化设备,0,0,False,False,B,0.5,17.9,17.896590300107174,"{'gap': 0.0, 'volume': 0.0, 'trend': 0.363, 'position': 0.609, 'sector': 0.0, 'continuity': 0.3}",0.0,[],竞价涨幅 -1.00% 超出区间
000988,华工科技,10.0,106.06,105.42,-0.6,-0.06,16910000.0,2845270000.0,0.00594,-0.11,-0.72,-0.6,-0.49,False,-0.11,0.21763165551352934,True,False,False,False,0,自动化设备,0,0,False,False,B,1.4,19.7,19.70547958490932,"{'gap': 0.0, 'volume': 0.0, 'trend': 0.418, 'position': 0.656, 'sector': 0.0, 'continuity': 0.3}",0.0,[],竞价涨幅 -0.60% 超出区间
688521,芯原股份,20.0,210.2,211.46,0.6,0.03,30110000.0,2831510000.0,0.01063,-1.8,-2.47,0.6,2.4,False,-3.07,0.2786005973060278,True,False,False,False,0,半导体,2,3,True,False,B,2.6,31.8,31.818679228262205,"{'gap': 0.0, 'volume': 0.021, 'trend': 0.7, 'position': 0.503, 'sector': 0.55, 'continuity': 0.3}",0.0,[],隔夜公告黑名单
000338,潍柴动力,10.0,25.89,25.89,0.0,0.0,11070000.0,2830380000.0,0.00391,-0.54,-0.73,0.0,0.54,False,-0.73,0.20539152759948673,False,False,False,False,0,汽车零部件,0,2,False,False,B,0.9,20.6,20.597817715019247,"{'gap': 0.0, 'volume': 0.0, 'trend': 0.59, 'position': 0.487, 'sector': 0.0, 'continuity': 0.3}",0.0,[],竞价涨幅 0.00% 超出区间
688072,拓荆科技,20.0,730.3,722.68,-1.04,-0.052,10490000.0,2795290000.0,0.00375,-0.31,-1.14,-1.04,-0.73,False,-0.09,0.5362773581251209,True,False,False,False,0,半导体,2,3,False,False,A,0.9,23.0,23.033333333333335,"{'gap': 0.0, 'volume': 0.0, 'trend': 0.439, 'position': 0.3, 'sector': 0.55, 'continuity': 0.3}",0.0,[],竞价涨幅 -1.04% 超出区间
600309,万华化学,10.0,71.6,71.21,-0.54,-0.054,12160000.0,2769710000.0,0.00439,-0.14,-0.6,-0.54,-0.41,False,-0.06,0.3901006711409388,False,False,False,False,0,化学制品,1,2,False,False,B,1.1,10.5,10.504558165548127,"{'gap': 0.0, 'volume': 0.0, 'trend': 0.432, 'position': 0.025, 'sector': 0.0, 'continuity': 0.3}",0.0,[],竞价涨幅 -0.54% 超出区间
301511,德福科技,20.0,112.68,111.9,-0.69,-0.035,44060000.0,2747770000.0,0.01603,-4.51,-4.51,-0.69,3.82,True,-3.82,0.549738219895288,True,False,False,False,0,电池,2,1,True,False,A,3.8,39.3,39.32668179407313,"{'gap': 0.0, 'volume': 0.408, 'trend': 0.968, 'position': 0.3, 'sector': 0.25, 'continuity': 0.3}",0.0,[],隔夜公告黑名单
000977,浪潮信息,10.0,71.27,70.85,-0.59,-0.059,11780000.0,2725580000.0,0.00432,-0.59,-0.59,-0.59,0.0,True,0.0,0.2803598200899549,False,False,False,False,0,计算机设备,0,0,False,False,B,1.0,19.0,18.98650674662669,"{'gap': 0.0, 'volume': 0.0, 'trend': 0.65, 'position': 0.299, 'sector': 0.0, 'continuity': 0.3}",0.0,[],竞价涨幅 -0.59% 超出区间
601579,会稽山,10.0,36.75,37.64,2.42,0.242,49640000.0,2679430000.0,0.01853,-9.17,-5.63,2.42,11.59,True,-8.05,0.9697872340425532,True,False,False,True,0,饮料制造,1,0,False,False,A,4.4,30.2,30.230116745766416,"{'gap': 0.28, 'volume': 0.545, 'trend': 1.0, 'position': 0.3, 'sector': 0.0, 'continuity': 0.3}",15.0,['昨日炸板'],
601138,工业富联,10.0,62.98,62.3,-1.08,-0.108,17130000.0,2676610000.0,0.0064,-0.65,-0.67,-1.08,-0.43,False,0.41,0.5835982199618561,False,False,False,False,0,消费电子,0,2,False,False,A,1.5,13.1,13.066666666666665,"{'gap': 0.0, 'volume': 0.0, 'trend': 0.428, 'position': 0.2, 'sector': 0.0, 'continuity': 0.3}",0.0,[],竞价涨幅 -1.08% 超出区间
000657,中钨高新,10.0,59.16,58.62,-0.91,-0.091,10090000.0,2655350000.0,0.0038,-0.42,-0.42,-0.91,-0.49,False,0.49,0.2277732463295268,False,False,False,False,0,小金属,0,0,False,False,B,0.9,16.3,16.325169929309414,"{'gap': 0.0, 'volume': 0.0, 'trend': 0.418, 'position': 0.431, 'sector': 0.0, 'continuity': 0.3}",0.0,[],竞价涨幅 -0.91% 超出区间
301080,百普赛斯,20.0,129.8,127.0,-2.16,-0.108,34420000.0,2651550000.0,0.01298,-2.73,-3.5,-2.16,0.57,False,-1.34,1.0,True,False,False,False,0,生物制品,1,0,False,False,A,3.1,22.2,22.17950885797173,"{'gap': 0.0, 'volume': 0.209, 'trend': 0.547, 'position': 0.3, 'sector': 0.0, 'continuity': 0.3}",0.0,[],竞价涨幅 -2.16% 超出区间
688146,中船特气,20.0,217.4,214.51,-1.33,-0.066,11460000.0,2628750000.0,0.00436,0.0,-1.72,-1.33,-1.33,False,-0.39,0.10109622411693055,False,False,False,False,0,电子化学品,0,0,False,False,B,1.0,20.5,20.49222492894844,"{'gap': 0.0, 'volume': 0.0, 'trend': 0.389, 'position': 0.747, 'sector': 0.0, 'continuity': 0.3}",0.0,[],竞价涨幅 -1.33% 超出区间
002396,星网锐捷,10.0,36.52,36.8,0.77,0.077,27120000.0,2604530000.0,0.01041,-1.15,-1.01,0.77,1.92,True,-1.78,0.7988475641697226,False,False,False,False,0,通信设备,0,1,False,False,A,2.5,23.9,23.922679916042465,"{'gap': 0.0, 'volume': 0.001, 'trend': 0.97, 'position': 0.2, 'sector': 0.0, 'continuity': 0.3}",0.0,[],竞价涨幅 0.77% 超出区间
002241,歌尔股份,10.0,24.45,24.41,-0.16,-0.016,16610000.0,2602320000.0,0.00638,-1.64,-1.8,-0.16,1.47,False,-1.64,0.9550827423167846,False,False,False,False,0,消费电子,0,2,False,False,A,1.5,16.4,16.4,"{'gap': 0.0, 'volume': 0.0, 'trend': 0.745, 'position': 0.0, 'sector': 0.0, 'continuity': 0.3}",0.0,[],竞价涨幅 -0.16% 超出区间
688662,富信科技,20.0,130.61,133.0,1.83,0.091,38470000.0,2599490000.0,0.0148,-2.0,-2.0,1.83,3.83,True,-3.83,0.8660122386537482,True,False,False,False,0,其他电子,0,0,False,False,A,3.6,36.7,36.70937119264148,"{'gap': 0.0, 'volume': 0.333, 'trend': 0.969, 'position': 0.5, 'sector': 0.0, 'continuity': 0.3}",0.0,[],竞价涨幅 1.83% 超出区间
600330,天通股份,10.0,29.98,29.7,-0.93,-0.093,7070000.0,2580710000.0,0.00274,-1.37,-1.23,-0.93,0.43,True,-0.3,0.9398340248962654,True,False,False,False,0,电子化学品,0,0,False,False,A,0.7,23.4,23.433333333333334,"{'gap': 0.0, 'volume': 0.0, 'trend': 0.722, 'position': 0.5, 'sector': 0.0, 'continuity': 0.3}",0.0,[],竞价涨幅 -0.93% 超出区间
300604,长川科技,20.0,271.18,269.5,-0.62,-0.031,17630000.0,2550940000.0,0.00691,-0.8,-0.8,-0.62,0.18,True,-0.18,0.29854004639104936,False,False,False,False,0,半导体,2,3,False,False,B,1.7,26.9,26.854748260335654,"{'gap': 0.0, 'volume': 0.0, 'trend': 0.665, 'position': 0.254, 'sector': 0.55, 'continuity': 0.3}",0.0,[],竞价涨幅 -0.62% 超出区间
603629,利通电子,10.0,111.57,110.01,-1.4,-0.14,17380000.0,2546940000.0,0.00682,-1.25,-1.39,-1.4,-0.15,False,0.01,0.2799032035031112,False,False,False,False,0,IT服务,0,1,False,False,B,1.6,15.5,15.503629868633329,"{'gap': 0.0, 'volume': 0.0, 'trend': 0.475, 'position': 0.3, 'sector': 0.0, 'continuity': 0.3}",0.0,[],竞价涨幅 -1.40% 超出区间
300418,昆仑万维,20.0,42.88,42.5,-0.89,-0.044,11820000.0,2542770000.0,0.00465,-0.19,-0.75,-0.89,-0.7,False,0.14,0.47711511789181704,False,False,False,False,0,文化传媒,0,3,False,False,A,1.1,10.3,10.333333333333334,"{'gap': 0.0, 'volume': 0.0, 'trend': 0.442, 'position': 0.0, 'sector': 0.0, 'continuity': 0.3}",0.0,[],竞价涨幅 -0.89% 超出区间
601872,招商轮船,10.0,20.78,20.98,0.96,0.096,12860000.0,2525530000.0,0.00509,0.05,0.1,0.96,0.91,True,-0.87,0.7633333333333334,True,False,False,False,0,港口航运,0,0,False,False,A,1.2,25.0,25.033333333333335,"{'gap': 0.0, 'volume': 0.0, 'trend': 0.802, 'position': 0.5, 'sector': 0.0, 'continuity': 0.3}",0.0,[],竞价涨幅 0.96% 超出区间
300759,康龙化成,20.0,45.02,44.52,-1.11,-0.056,7330000.0,2467390000.0,0.00297,-0.71,-0.71,-1.11,-0.4,False,0.4,0.7218693284936482,True,False,False,False,0,医疗服务,0,0,False,False,A,0.7,18.3,18.333333333333336,"{'gap': 0.0, 'volume': 0.0, 'trend': 0.467, 'position': 0.5, 'sector': 0.0, 'continuity': 0.3}",0.0,[],竞价涨幅 -1.11% 超出区间
002371,北方华创,10.0,668.15,663.16,-0.75,-0.075,14720000.0,2455110000.0,0.006,-0.0,-0.32,-0.75,-0.75,False,0.42,0.16697698371825848,False,False,False,False,0,半导体,2,3,False,False,B,1.4,26.0,25.98836311056531,"{'gap': 0.0, 'volume': 0.0, 'trend': 0.375, 'position': 0.583, 'sector': 0.55, 'continuity': 0.3}",0.0,[],竞价涨幅 -0.75% 超出区间
300223,君正股份,20.0,146.97,145.06,-1.3,-0.065,17040000.0,2439740000.0,0.00698,-1.18,-1.34,-1.3,-0.12,False,-0.04,0.19898975526465565,True,False,False,False,0,半导体,2,3,False,False,B,1.7,30.1,30.087884177575418,"{'gap': 0.0, 'volume': 0.0, 'trend': 0.49, 'position': 0.703, 'sector': 0.55, 'continuity': 0.3}",0.0,[],竞价涨幅 -1.30% 超出区间
688048,长光华芯,20.0,348.9,348.0,-0.26,-0.013,7480000.0,2438430000.0,0.00307,-1.4,-1.12,-0.26,1.15,True,-0.86,0.5238205365402404,True,False,False,False,0,半导体,2,3,False,False,A,0.7,29.2,29.166666666666668,"{'gap': 0.0, 'volume': 0.0, 'trend': 0.746, 'position': 0.3, 'sector': 0.55, 'continuity': 0.3}",0.0,[],竞价涨幅 -0.26% 超出区间
000063,中兴通讯,10.0,32.28,32.15,-0.4,-0.04,8020000.0,2428310000.0,0.0033,0.0,0.0,-0.4,-0.4,False,0.4,0.04734411085450348,False,False,False,False,0,通信设备,0,1,False,False,B,0.8,23.4,23.391262509622784,"{'gap': 0.0, 'volume': 0.0, 'trend': 0.433, 'position': 0.882, 'sector': 0.0, 'continuity': 0.3}",0.0,[],竞价涨幅 -0.40% 超出区间
300857,协创数据,20.0,268.01,265.88,-0.79,-0.04,14810000.0,2423900000.0,0.00611,-0.75,-0.48,-0.79,-0.04,False,0.31,0.7130712008501592,True,False,False,False,0,计算机设备,0,0,False,False,A,1.5,18.9,18.933333333333337,"{'gap': 0.0, 'volume': 0.0, 'trend': 0.497, 'position': 0.5, 'sector': 0.0, 'continuity': 0.3}",0.0,[],竞价涨幅 -0.79% 超出区间
600721,百花医药,10.0,13.29,12.66,-4.74,-0.474,20930000.0,2422430000.0,0.00864,-8.8,-5.04,-4.74,4.06,True,-0.3,0.6653504442250741,False,False,False,False,0,医疗服务,0,0,False,False,A,2.1,24.5,24.5,"{'gap': 0.0, 'volume': 0.0, 'trend': 1.0, 'position': 0.2, 'sector': 0.0, 'continuity': 0.3}",0.0,[],竞价涨幅 -4.74% 超出区间
002335,科华数据,10.0,32.63,32.23,-1.23,-0.123,25370000.0,2400850000.0,0.01057,-0.4,-1.59,-1.23,-0.83,False,-0.37,0.48046875000000006,False,False,False,True,0,其他电源设备,0,0,False,False,A,2.5,0.0,0.0,"{'gap': 0.0, 'volume': 0.015, 'trend': 0.362, 'position': 0.0, 'sector': 0.0, 'continuity': 0.3}",15.0,['昨日炸板'],竞价涨幅 -1.23% 超出区间
603127,昭衍新药,10.0,47.77,48.95,2.47,0.247,21090000.0,2397500000.0,0.0088,-0.02,-0.15,2.47,2.49,False,-2.62,0.6168750000000003,False,False,False,False,0,医疗服务,0,0,False,False,A,2.1,29.1,29.066666666666674,"{'gap': 0.313, 'volume': 0.0, 'trend': 0.915, 'position': 0.2, 'sector': 0.0, 'continuity': 0.3}",0.0,[],竞价量能 0.88%(量比≈2.1) 超出区间
600498,烽火通信,10.0,42.54,42.19,-0.82,-0.082,7050000.0,2394680000.0,0.00294,-0.33,-0.56,-0.82,-0.49,False,0.26,0.3312282917587623,True,False,False,False,0,通信设备,0,1,False,False,B,0.7,15.4,15.445605725713085,"{'gap': 0.0, 'volume': 0.0, 'trend': 0.418, 'position': 0.372, 'sector': 0.0, 'continuity': 0.3}",0.0,[],竞价涨幅 -0.82% 超出区间
300433,蓝思科技,20.0,34.04,33.73,-0.91,-0.046,7650000.0,2301610000.0,0.00332,-0.32,-0.91,-0.91,-0.59,False,0.0,0.14867994441871238,False,False,False,False,0,消费电子,0,2,False,False,B,0.8,19.9,19.941168750964955,"{'gap': 0.0, 'volume': 0.0, 'trend': 0.451, 'position': 0.628, 'sector': 0.0, 'continuity': 0.3}",0.0,[],竞价涨幅 -0.91% 超出区间
300548,长芯博创,20.0,239.0,239.11,0.05,0.002,10780000.0,2287260000.0,0.00471,1.21,0.42,0.05,-1.16,False,0.37,0.9572517776064421,True,False,False,False,0,通信设备,0,1,False,False,A,1.1,14.1,14.066666666666666,"{'gap': 0.0, 'volume': 0.0, 'trend': 0.403, 'position': 0.3, 'sector': 0.0, 'continuity': 0.3}",0.0,[],竞价涨幅 0.05% 超出区间
600460,士兰微,10.0,33.67,33.35,-0.95,-0.095,5720000.0,2285970000.0,0.0025,-0.48,-0.48,-0.95,-0.48,False,0.48,0.2698481561822127,False,False,False,False,0,半导体,2,3,False,False,B,0.6,23.0,23.03069414316703,"{'gap': 0.0, 'volume': 0.0, 'trend': 0.42, 'position': 0.325, 'sector': 0.55, 'continuity': 0.3}",0.0,[],竞价涨幅 -0.95% 超出区间
688167,炬光科技,20.0,308.9,307.6,-0.42,-0.021,8630000.0,2273470000.0,0.0038,-3.2,-2.88,-0.42,2.78,True,-2.46,0.9539083217577976,True,False,False,False,0,半导体,2,3,False,False,A,0.9,31.9,31.883333333333336,"{'gap': 0.0, 'volume': 0.0, 'trend': 0.882, 'position': 0.3, 'sector': 0.55, 'continuity': 0.3}",0.0,[],竞价涨幅 -0.42% 超出区间
300395,菲利华,20.0,98.46,98.46,0.0,0.0,6680000.0,2248170000.0,0.00297,0.53,-1.22,0.0,-0.53,False,-1.22,0.5953357806089395,False,False,False,False,0,军工装备,0,0,False,False,A,0.7,13.6,13.616666666666665,"{'gap': 0.0, 'volume': 0.0, 'trend': 0.456, 'position': 0.2, 'sector': 0.0, 'continuity': 0.3}",0.0,[],竞价涨幅 0.00% 超出区间
600246,万通发展,10.0,14.78,14.44,-2.3,-0.23,12380000.0,2235280000.0,0.00554,0.14,-3.11,-2.3,-2.44,False,-0.81,0.42377756471716205,True,False,False,False,0,房地产,0,3,False,False,A,1.3,7.9,7.866666666666666,"{'gap': 0.0, 'volume': 0.0, 'trend': 0.093, 'position': 0.3, 'sector': 0.0, 'continuity': 0.3}",0.0,[],竞价涨幅 -2.30% 超出区间
000592,平潭发展,10.0,7.98,8.02,0.5,0.05,18570000.0,2231610000.0,0.00832,-2.63,-2.26,0.5,3.13,True,-2.76,0.7884057971014492,True,False,False,False,0,种植业与林业,1,1,False,False,A,2.0,29.0,29.000000000000004,"{'gap': 0.0, 'volume': 0.0, 'trend': 1.0, 'position': 0.5, 'sector': 0.0, 'continuity': 0.3}",0.0,[],竞价涨幅 0.50% 超出区间
688981,中芯国际,20.0,121.39,121.1,-0.24,-0.012,13960000.0,2229440000.0,0.00626,0.5,-0.24,-0.24,-0.74,False,0.0,0.12421517054132032,False,False,False,False,0,半导体,2,3,False,False,B,1.5,28.9,28.858597771367155,"{'gap': 0.0, 'volume': 0.0, 'trend': 0.438, 'position': 0.689, 'sector': 0.55, 'continuity': 0.3}",0.0,[],竞价涨幅 -0.24% 超出区间
002475,立讯精密,10.0,54.37,54.15,-0.4,-0.04,8140000.0,2226950000.0,0.00366,0.0,-0.07,-0.4,-0.4,False,0.33,0.2135619641465313,False,False,False,False,0,消费电子,0,2,False,False,B,0.9,17.2,17.158093011171744,"{'gap': 0.0, 'volume': 0.0, 'trend': 0.433, 'position': 0.466, 'sector': 0.0, 'continuity': 0.3}",0.0,[],竞价涨幅 -0.40% 超出区间
600110,诺德股份,10.0,12.46,12.3,-1.28,-0.128,10620000.0,2214590000.0,0.0048,0.0,-0.48,-1.28,-1.28,False,0.8,0.5743855109961191,True,False,False,False,0,电池,2,1,False,False,A,1.2,18.5,18.483333333333334,"{'gap': 0.0, 'volume': 0.0, 'trend': 0.287, 'position': 0.5, 'sector': 0.25, 'continuity': 0.3}",0.0,[],竞价涨幅 -1.28% 超出区间
300179,四方达,20.0,43.82,43.3,-1.19,-0.059,10930000.0,2193360000.0,0.00498,0.02,-1.57,-1.19,-1.21,False,-0.39,0.5254061527825786,True,False,False,False,0,通用设备,1,6,False,False,A,1.2,14.0,13.983333333333334,"{'gap': 0.0, 'volume': 0.0, 'trend': 0.399, 'position': 0.3, 'sector': 0.0, 'continuity': 0.3}",0.0,[],竞价涨幅 -1.19% 超出区间
002851,麦格米特,10.0,122.85,121.8,-0.85,-0.085,10830000.0,2185210000.0,0.00496,-0.2,-0.53,-0.85,-0.65,False,0.33,0.3459344740681788,False,False,False,False,0,其他电源设备,0,0,False,False,B,1.2,11.4,11.36079055577663,"{'gap': 0.0, 'volume': 0.0, 'trend': 0.392, 'position': 0.135, 'sector': 0.0, 'continuity': 0.3}",0.0,[],竞价涨幅 -0.85% 超出区间
301047,义翘神州,20.0,150.0,155.0,3.33,0.167,33850000.0,2182180000.0,0.01551,1.32,1.32,3.33,2.01,True,-2.01,1.0,True,True,False,False,0,生物制品,1,0,False,False,A,3.7,57.0,57.01514259722356,"{'gap': 0.887, 'volume': 0.377, 'trend': 0.818, 'position': 0.8, 'sector': 0.0, 'continuity': 0.3}",0.0,[],
300620,光库科技,20.0,289.18,288.28,-0.31,-0.016,15710000.0,2176880000.0,0.00722,-0.41,-1.14,-0.31,0.1,False,-0.83,0.7231200649398569,False,False,False,False,0,通信设备,0,1,False,False,A,1.7,14.7,14.666666666666666,"{'gap': 0.0, 'volume': 0.0, 'trend': 0.508, 'position': 0.2, 'sector': 0.0, 'continuity': 0.3}",0.0,[],竞价涨幅 -0.31% 超出区间
301171,易点天下,20.0,34.71,34.64,-0.2,-0.01,13680000.0,2173020000.0,0.0063,-0.58,-0.58,-0.2,0.37,True,-0.37,0.6298013245033115,False,False,False,False,0,文化传媒,0,3,False,False,A,1.5,18.1,18.11666666666667,"{'gap': 0.0, 'volume': 0.0, 'trend': 0.681, 'position': 0.2, 'sector': 0.0, 'continuity': 0.3}",0.0,[],竞价涨幅 -0.20% 超出区间
002487,大金重工,10.0,37.89,38.06,0.45,0.045,12960000.0,2171750000.0,0.00597,-0.69,-0.77,0.45,1.13,False,-1.21,0.2265758091993186,True,False,False,False,0,风电设备,0,0,False,False,B,1.4,24.8,24.770073821692222,"{'gap': 0.0, 'volume': 0.0, 'trend': 0.688, 'position': 0.634, 'sector': 0.0, 'continuity': 0.3}",0.0,[],竞价涨幅 0.45% 超出区间
002081,金 螳 螂,10.0,5.32,5.04,-5.26,-0.526,32860000.0,2167350000.0,0.01516,-5.45,-5.26,-5.26,0.19,True,0.0,0.657039711191336,False,False,False,False,0,建筑装饰,0,2,False,False,A,3.6,27.0,27.026517467909827,"{'gap': 0.0, 'volume': 0.356, 'trend': 0.682, 'position': 0.2, 'sector': 0.0, 'continuity': 0.3}",0.0,[],竞价涨幅 -5.26% 超出区间
300776,帝尔激光,20.0,129.39,127.95,-1.11,-0.056,15250000.0,2162930000.0,0.00705,-1.07,-5.48,-1.11,-0.04,False,-4.37,0.3768717892665864,True,False,False,False,0,光伏设备,0,1,False,False,B,1.7,15.3,15.300641235836343,"{'gap': 0.0, 'volume': 0.0, 'trend': 0.497, 'position': 0.258, 'sector': 0.0, 'continuity': 0.3}",0.0,[],竞价涨幅 -1.11% 超出区间
601318,中国平安,10.0,53.87,53.8,-0.13,-0.013,15180000.0,2146100000.0,0.00707,0.04,-0.13,-0.13,-0.17,False,0.0,0.5311158798283258,False,False,False,False,0,保险,0,0,False,False,A,1.7,10.9,10.933333333333334,"{'gap': 0.0, 'volume': 0.0, 'trend': 0.472, 'position': 0.0, 'sector': 0.0, 'continuity': 0.3}",0.0,[],竞价涨幅 -0.13% 超出区间
600048,保利发展,10.0,5.64,5.64,0.0,0.0,20980000.0,2140660000.0,0.0098,-0.71,-1.42,0.0,0.71,False,-1.42,0.9636363636363636,True,False,False,False,0,房地产,0,3,False,False,A,2.4,18.4,18.366666666666664,"{'gap': 0.0, 'volume': 0.0, 'trend': 0.618, 'position': 0.3, 'sector': 0.0, 'continuity': 0.3}",0.0,[],竞价涨幅 0.00% 超出区间
603993,洛阳钼业,10.0,17.66,17.48,-1.02,-0.102,17080000.0,2135570000.0,0.008,-0.79,-1.02,-1.02,-0.23,False,0.0,0.2015113350125947,False,False,False,False,0,工业金属,0,1,False,False,B,1.9,18.2,18.176658270361035,"{'gap': 0.0, 'volume': 0.0, 'trend': 0.462, 'position': 0.496, 'sector': 0.0, 'continuity': 0.3}",0.0,[],竞价涨幅 -1.02% 超出区间
601288,农业银行,10.0,6.83,6.83,0.0,0.0,15520000.0,2125710000.0,0.0073,0.0,0.0,0.0,0.0,True,0.0,0.7685950413223138,False,False,False,False,0,银行,0,0,False,False,A,1.8,17.5,17.5,"{'gap': 0.0, 'volume': 0.0, 'trend': 0.65, 'position': 0.2, 'sector': 0.0, 'continuity': 0.3}",0.0,[],竞价涨幅 0.00% 超出区间
300442,润泽科技,20.0,66.74,66.37,-0.55,-0.028,4060000.0,2101940000.0,0.00193,0.36,0.06,-0.55,-0.91,False,0.61,0.2956521739130434,False,False,False,False,0,通信服务,0,0,False,False,B,0.5,13.9,13.896376811594207,"{'gap': 0.0, 'volume': 0.0, 'trend': 0.424, 'position': 0.261, 'sector': 0.0, 'continuity': 0.3}",0.0,[],竞价涨幅 -0.55% 超出区间
688361,中科飞测,20.0,381.32,380.34,-0.26,-0.013,4470000.0,2101530000.0,0.00213,-1.66,-1.66,-0.26,1.4,True,-1.4,0.5556918882072256,True,False,False,False,0,半导体,2,3,False,False,A,0.5,32.6,32.583333333333336,"{'gap': 0.0, 'volume': 0.0, 'trend': 0.767, 'position': 0.5, 'sector': 0.55, 'continuity': 0.3}",0.0,[],竞价涨幅 -0.26% 超出区间
603618,杭电股份,10.0,37.74,37.54,-0.53,-0.053,8290000.0,2087050000.0,0.00397,-0.53,-0.53,-0.53,0.0,True,0.0,0.5896501457725949,False,False,False,False,0,电网设备,0,0,False,False,A,1.0,17.5,17.5,"{'gap': 0.0, 'volume': 0.0, 'trend': 0.65, 'position': 0.2, 'sector': 0.0, 'continuity': 0.3}",0.0,[],竞价涨幅 -0.53% 超出区间
600601,方正科技,10.0,15.06,14.9,-1.06,-0.106,13240000.0,2057250000.0,0.00644,-0.93,-1.06,-1.06,-0.13,False,0.0,0.9550898203592816,True,False,False,False,0,元件,0,2,False,False,A,1.5,15.6,15.566666666666668,"{'gap': 0.0, 'volume': 0.0, 'trend': 0.478, 'position': 0.3, 'sector': 0.0, 'continuity': 0.3}",0.0,[],竞价涨幅 -1.06% 超出区间
605358,立昂微,10.0,48.03,48.02,-0.02,-0.002,24100000.0,2053910000.0,0.01173,0.0,-0.02,-0.02,-0.02,False,0.0,0.3413488114980653,True,False,False,False,0,半导体,2,3,False,False,B,2.8,27.7,27.72268148237832,"{'gap': 0.0, 'volume': 0.114, 'trend': 0.497, 'position': 0.347, 'sector': 0.55, 'continuity': 0.3}",0.0,[],竞价涨幅 -0.02% 超出区间
605376,博迁新材,10.0,139.15,137.52,-1.17,-0.117,7410000.0,2053180000.0,0.00361,-0.47,-0.95,-1.17,-0.7,False,0.22,0.0699939135727329,False,False,False,False,0,能源金属,0,0,False,False,B,0.9,21.5,21.541894907689183,"{'gap': 0.0, 'volume': 0.0, 'trend': 0.383, 'position': 0.825, 'sector': 0.0, 'continuity': 0.3}",0.0,[],竞价涨幅 -1.17% 超出区间
002028,思源电气,10.0,128.56,128.27,-0.23,-0.023,4280000.0,2038960000.0,0.0021,-0.75,-0.72,-0.23,0.52,True,-0.5,0.002922374429223682,False,False,False,False,0,电网设备,0,0,False,False,B,0.5,31.1,31.123744292237447,"{'gap': 0.0, 'volume': 0.0, 'trend': 0.737, 'position': 0.993, 'sector': 0.0, 'continuity': 0.3}",0.0,[],竞价涨幅 -0.23% 超出区间
301150,中一科技,20.0,49.2,50.91,3.48,0.174,56200000.0,2023310000.0,0.02778,6.26,3.46,3.48,-2.78,False,-0.02,0.6652574942352039,True,True,True,False,1,电池,2,1,False,False,A,6.7,71.3,71.28572645580563,"{'gap': 0.987, 'volume': 0.927, 'trend': 0.268, 'position': 1.0, 'sector': 0.25, 'continuity': 0.85}",0.0,[],
300319,麦捷科技,20.0,21.54,21.23,-1.44,-0.072,10740000.0,2013460000.0,0.00533,-1.58,-1.53,-1.44,0.14,True,-0.09,0.5378787878787878,False,False,False,False,0,元件,0,2,False,False,A,1.3,14.7,14.733333333333338,"{'gap': 0.0, 'volume': 0.0, 'trend': 0.662, 'position': 0.0, 'sector': 0.0, 'continuity': 0.3}",0.0,[],竞价涨幅 -1.44% 超出区间
600900,长江电力,10.0,28.08,28.1,0.07,0.007,12270000.0,2011920000.0,0.0061,0.07,0.07,0.07,0.0,True,0.0,0.4448818897637793,False,False,False,False,0,电力,0,0,False,False,A,1.5,14.5,14.500000000000002,"{'gap': 0.0, 'volume': 0.0, 'trend': 0.65, 'position': 0.0, 'sector': 0.0, 'continuity': 0.3}",0.0,[],竞价涨幅 0.07% 超出区间
688300,联瑞新材,20.0,183.1,178.9,-2.29,-0.115,11630000.0,2008090000.0,0.00579,-1.66,-2.21,-2.29,-0.63,False,0.08,0.7620185678830773,False,False,False,False,0,非金属材料,0,0,False,False,A,1.4,13.5,13.450000000000001,"{'gap': 0.0, 'volume': 0.0, 'trend': 0.448, 'position': 0.2, 'sector': 0.0, 'continuity': 0.3}",0.0,[],竞价涨幅 -2.29% 超出区间
600707,彩虹股份,10.0,9.8,9.8,0.0,0.0,19890000.0,1992390000.0,0.00998,0.0,-1.94,0.0,0.0,False,-1.94,0.23102678571428573,True,False,False,False,0,光学光电子,1,2,False,False,B,2.4,20.8,20.83649553571429,"{'gap': 0.0, 'volume': 0.0, 'trend': 0.5, 'position': 0.622, 'sector': 0.0, 'continuity': 0.3}",0.0,[],竞价涨幅 0.00% 超出区间
000100,TCL科技,10.0,4.93,4.93,0.0,0.0,7270000.0,1986950000.0,0.00366,0.41,0.2,0.0,-0.41,False,0.2,0.22656249999999997,False,False,False,False,0,光学光电子,1,2,False,False,B,0.9,16.6,16.637239583333336,"{'gap': 0.0, 'volume': 0.0, 'trend': 0.432, 'position': 0.434, 'sector': 0.0, 'continuity': 0.3}",0.0,[],竞价涨幅 0.00% 超出区间
688347,华虹宏力,20.0,229.52,228.52,-0.44,-0.022,7420000.0,1983940000.0,0.00374,0.1,-0.23,-0.44,-0.54,False,0.21,0.09906207187269477,False,False,False,False,0,半导体,2,3,False,False,B,0.9,30.1,30.13517230477395,"{'gap': 0.0, 'volume': 0.0, 'trend': 0.455, 'position': 0.752, 'sector': 0.55, 'continuity': 0.3}",0.0,[],竞价涨幅 -0.44% 超出区间
600276,恒瑞医药,10.0,45.58,45.38,-0.44,-0.044,8340000.0,1983660000.0,0.0042,-0.29,-0.07,-0.44,-0.15,False,0.37,0.19622387053270376,False,False,False,False,0,化学制药,1,0,False,False,B,1.0,18.6,18.64160485502361,"{'gap': 0.0, 'volume': 0.0, 'trend': 0.475, 'position': 0.509, 'sector': 0.0, 'continuity': 0.3}",0.0,[],竞价涨幅 -0.44% 超出区间
300862,蓝盾光电,20.0,60.0,59.1,-1.5,-0.075,24530000.0,1974430000.0,0.01242,-1.25,-1.62,-1.5,-0.25,False,-0.12,1.0,True,False,False,False,0,环保设备,0,0,False,False,A,3.0,19.8,19.772111931835635,"{'gap': 0.0, 'volume': 0.168, 'trend': 0.479, 'position': 0.3, 'sector': 0.0, 'continuity': 0.3}",0.0,[],竞价涨幅 -1.50% 超出区间
300059,东方财富,20.0,18.65,18.56,-0.48,-0.024,8390000.0,1972100000.0,0.00425,-0.21,-0.11,-0.48,-0.27,False,0.38,0.18122977346278277,False,False,False,False,0,证券,0,0,False,False,B,1.0,19.3,19.253883495145647,"{'gap': 0.0, 'volume': 0.0, 'trend': 0.477, 'position': 0.547, 'sector': 0.0, 'continuity': 0.3}",0.0,[],竞价涨幅 -0.48% 超出区间
688795,摩尔线程-U,20.0,435.0,428.0,-1.61,-0.08,9130000.0,1952020000.0,0.00468,0.23,0.0,-1.61,-1.84,False,1.61,0.21545837570826679,False,False,False,False,0,半导体,2,3,False,False,B,1.1,11.1,11.10364424427333,"{'gap': 0.0, 'volume': 0.0, 'trend': 0.347, 'position': 0.461, 'sector': 0.55, 'continuity': 0.3}",12.5,['竞价尾段走弱'],竞价涨幅 -1.61% 超出区间
688313,仕佳光子,20.0,163.68,163.14,-0.33,-0.016,6050000.0,1943710000.0,0.00311,-0.62,-1.0,-0.33,0.29,False,-0.67,0.9106592025591227,True,False,False,False,0,通信设备,0,1,False,False,A,0.7,19.5,19.483333333333334,"{'gap': 0.0, 'volume': 0.0, 'trend': 0.524, 'position': 0.5, 'sector': 0.0, 'continuity': 0.3}",0.0,[],竞价涨幅 -0.33% 超出区间
300814,中富电路,20.0,145.22,144.74,-0.33,-0.017,9080000.0,1930130000.0,0.0047,-2.92,-2.3,-0.33,2.59,True,-1.97,0.6042485265225934,True,False,False,False,0,元件,0,2,False,False,A,1.1,26.3,26.31666666666667,"{'gap': 0.0, 'volume': 0.0, 'trend': 0.866, 'position': 0.5, 'sector': 0.0, 'continuity': 0.3}",0.0,[],竞价涨幅 -0.33% 超出区间
300209,行云科技,20.0,37.41,37.5,0.24,0.012,14700000.0,1911460000.0,0.00769,0.24,1.18,0.24,0.0,False,0.94,0.8883638511518015,True,False,False,False,0,互联网电商,0,0,False,False,A,1.8,19.0,19.0,"{'gap': 0.0, 'volume': 0.0, 'trend': 0.5, 'position': 0.5, 'sector': 0.0, 'continuity': 0.3}",0.0,[],竞价涨幅 0.24% 超出区间
605117,德业股份,10.0,78.01,78.31,0.38,0.038,8320000.0,1905210000.0,0.00437,1.2,0.76,0.38,-0.82,False,0.37,0.0,False,False,False,False,0,光伏设备,0,1,False,False,B,1.0,23.8,23.76666666666667,"{'gap': 0.0, 'volume': 0.0, 'trend': 0.363, 'position': 1.0, 'sector': 0.0, 'continuity': 0.3}",0.0,[],竞价涨幅 0.38% 超出区间
002354,天娱数科,10.0,7.53,7.6,0.93,0.093,21430000.0,1902780000.0,0.01126,-0.13,-1.06,0.93,1.06,False,-1.99,0.36425339366515846,False,False,False,False,0,文化传媒,0,3,False,False,B,2.7,18.2,18.24874725864622,"{'gap': 0.0, 'volume': 0.075, 'trend': 0.677, 'position': 0.089, 'sector': 0.0, 'continuity': 0.3}",0.0,[],竞价涨幅 0.93% 超出区间
688333,铂力特,20.0,113.61,115.7,1.84,0.092,10670000.0,1887140000.0,0.00565,0.09,0.09,1.84,1.75,True,-1.75,0.8982430453879942,False,False,False,False,0,通用设备,1,6,False,False,A,1.4,20.4,20.416666666666668,"{'gap': 0.0, 'volume': 0.0, 'trend': 0.796, 'position': 0.2, 'sector': 0.0, 'continuity': 0.3}",0.0,[],竞价涨幅 1.84% 超出区间
000021,深科技,10.0,36.91,36.4,-1.38,-0.138,9780000.0,1862320000.0,0.00525,-1.63,-1.63,-1.38,0.24,True,-0.24,0.1300745650372823,False,False,False,False,0,消费电子,0,2,False,False,B,1.3,25.4,25.422203811101916,"{'gap': 0.0, 'volume': 0.0, 'trend': 0.69, 'position': 0.675, 'sector': 0.0, 'continuity': 0.3}",0.0,[],竞价涨幅 -1.38% 超出区间
600552,凯盛科技,10.0,18.56,18.33,-1.24,-0.124,7010000.0,1861870000.0,0.00377,-0.16,-0.32,-1.24,-1.08,False,0.92,0.3253706754530477,True,False,False,False,0,光学光电子,1,2,False,False,B,0.9,13.7,13.698599670510708,"{'gap': 0.0, 'volume': 0.0, 'trend': 0.32, 'position': 0.387, 'sector': 0.0, 'continuity': 0.3}",0.0,[],竞价涨幅 -1.24% 超出区间
688183,生益电子,20.0,119.0,117.08,-1.61,-0.081,6820000.0,1857290000.0,0.00367,0.76,0.0,-1.61,-2.37,False,1.61,0.7243221848406886,False,False,False,False,0,元件,0,2,False,False,A,0.9,0.0,0.0,"{'gap': 0.0, 'volume': 0.0, 'trend': 0.302, 'position': 0.2, 'sector': 0.0, 'continuity': 0.3}",12.5,['竞价尾段走弱'],竞价涨幅 -1.61% 超出区间
000676,智度股份,10.0,7.25,7.14,-1.52,-0.152,43660000.0,1856720000.0,0.02351,-9.93,-9.93,-1.52,8.41,True,-8.41,0.781818181818182,False,False,False,False,0,文化传媒,0,3,False,False,A,5.6,43.7,43.74736979356023,"{'gap': 0.0, 'volume': 0.77, 'trend': 1.0, 'position': 0.2, 'sector': 0.0, 'continuity': 0.3}",0.0,[],竞价涨幅 -1.52% 超出区间
300207,欣旺达,20.0,19.53,19.31,-1.13,-0.056,13170000.0,1856670000.0,0.00709,-0.92,-1.02,-1.13,-0.2,False,0.1,0.8082191780821921,True,False,False,False,0,电池,2,1,False,False,A,1.7,22.4,22.416666666666668,"{'gap': 0.0, 'volume': 0.0, 'trend': 0.483, 'position': 0.5, 'sector': 0.25, 'continuity': 0.3}",0.0,[],竞价涨幅 -1.13% 超出区间
688123,聚辰股份,20.0,168.11,164.75,-2.0,-0.1,10740000.0,1843880000.0,0.00582,-2.0,-2.0,-2.0,0.0,False,-0.01,0.5705397826848931,True,False,False,False,0,半导体,2,3,False,False,A,1.4,27.3,27.250000000000004,"{'gap': 0.0, 'volume': 0.0, 'trend': 0.5, 'position': 0.5, 'sector': 0.55, 'continuity': 0.3}",0.0,[],竞价涨幅 -2.00% 超出区间
300456,赛微电子,20.0,39.0,38.7,-0.77,-0.038,5750000.0,1840590000.0,0.00312,-1.08,-1.08,-0.77,0.31,True,-0.31,0.7624688279301745,False,False,False,False,0,半导体,2,3,False,False,A,0.7,26.3,26.266666666666673,"{'gap': 0.0, 'volume': 0.0, 'trend': 0.676, 'position': 0.2, 'sector': 0.55, 'continuity': 0.3}",0.0,[],竞价涨幅 -0.77% 超出区间
002141,贤丰控股,10.0,7.1,7.16,0.85,0.085,11700000.0,1830040000.0,0.00639,-1.41,-1.41,0.85,2.25,True,-2.25,0.8817204301075269,True,False,False,False,0,元件,0,2,False,False,A,1.5,29.0,29.000000000000004,"{'gap': 0.0, 'volume': 0.0, 'trend': 1.0, 'position': 0.5, 'sector': 0.0, 'continuity': 0.3}",0.0,[],竞价涨幅 0.85% 超出区间
688388,嘉元科技,20.0,31.26,30.97,-0.93,-0.046,5600000.0,1816880000.0,0.00308,2.14,-0.83,-0.93,-3.07,False,0.1,0.49414389291689925,True,False,False,False,0,电池,2,1,False,False,A,0.7,14.6,14.633333333333331,"{'gap': 0.0, 'volume': 0.0, 'trend': 0.244, 'position': 0.3, 'sector': 0.25, 'continuity': 0.3}",0.0,[],竞价涨幅 -0.93% 超出区间
600396,华电辽能,10.0,12.99,12.9,-0.69,-0.069,4240000.0,1805150000.0,0.00235,0.0,0.0,-0.69,-0.69,False,0.69,0.1938202247191012,False,False,False,False,0,电力,0,0,False,False,B,0.6,16.9,16.931741573033705,"{'gap': 0.0, 'volume': 0.0, 'trend': 0.385, 'position': 0.515, 'sector': 0.0, 'continuity': 0.3}",0.0,[],竞价涨幅 -0.69% 超出区间
000981,山子高科,10.0,2.81,2.76,-1.78,-0.178,12590000.0,1804710000.0,0.00698,-1.78,-1.78,-1.78,0.0,True,0.0,0.5200000000000001,True,False,False,False,0,汽车零部件,0,2,False,False,A,1.7,19.0,19.0,"{'gap': 0.0, 'volume': 0.0, 'trend': 0.65, 'position': 0.3, 'sector': 0.0, 'continuity': 0.3}",0.0,[],竞价涨幅 -1.78% 超出区间
688802,沐曦股份-U,20.0,566.42,562.0,-0.78,-0.039,6040000.0,1799660000.0,0.00336,-0.59,-0.59,-0.78,-0.19,False,0.19,0.2022351088751487,False,False,False,False,0,半导体,2,3,False,False,B,0.8,26.8,26.849516750515264,"{'gap': 0.0, 'volume': 0.0, 'trend': 0.484, 'position': 0.494, 'sector': 0.55, 'continuity': 0.3}",0.0,[],竞价涨幅 -0.78% 超出区间
603067,振华股份,10.0,39.86,40.0,0.35,0.035,31600000.0,1761100000.0,0.01794,6.8,5.37,0.35,-6.45,False,5.02,0.5656219392752204,True,False,True,False,1,化学原料,0,1,False,False,A,4.3,12.1,12.116513739699155,"{'gap': 0.0, 'volume': 0.515, 'trend': 0.0, 'position': 0.5, 'sector': 0.0, 'continuity': 0.85}",12.5,['竞价尾段走弱'],竞价涨幅 0.35% 超出区间
002246,北化股份,10.0,25.59,25.45,-0.55,-0.055,6780000.0,1756760000.0,0.00386,1.02,1.02,-0.55,-1.56,False,1.56,0.8240647118301315,True,False,False,False,0,化学制品,1,2,False,False,A,0.9,1.3,1.3000000000000007,"{'gap': 0.0, 'volume': 0.0, 'trend': 0.24, 'position': 0.5, 'sector': 0.0, 'continuity': 0.3}",12.5,['竞价尾段走弱'],竞价涨幅 -0.55% 超出区间
600353,旭光电子,10.0,33.45,33.19,-0.78,-0.078,5650000.0,1738900000.0,0.00325,2.0,-1.61,-0.78,-2.78,False,-0.84,0.5134575569358178,False,False,False,False,0,其他电子,0,0,False,False,A,0.8,2.2,2.233333333333334,"{'gap': 0.0, 'volume': 0.0, 'trend': 0.037, 'position': 0.0, 'sector': 0.0, 'continuity': 0.3}",0.0,[],竞价涨幅 -0.78% 超出区间
002938,鹏鼎控股,10.0,88.19,87.1,-1.24,-0.124,5180000.0,1715890000.0,0.00302,0.0,0.0,-1.24,-1.24,False,1.24,0.41589585474477564,False,False,False,False,0,元件,0,2,False,False,A,0.7,0.0,0.0,"{'gap': 0.0, 'volume': 0.0, 'trend': 0.293, 'position': 0.0, 'sector': 0.0, 'continuity': 0.3}",12.5,['竞价尾段走弱'],竞价涨幅 -1.24% 超出区间
603002,宏昌电子,10.0,20.11,19.85,-1.29,-0.129,9000000.0,1710560000.0,0.00526,0.0,-0.7,-1.29,-1.29,False,0.6,0.7617777777777778,True,False,False,False,0,电子化学品,0,0,False,False,A,1.3,14.7,14.700000000000003,"{'gap': 0.0, 'volume': 0.0, 'trend': 0.285, 'position': 0.5, 'sector': 0.0, 'continuity': 0.3}",0.0,[],竞价涨幅 -1.29% 超出区间
002815,崇达技术,10.0,24.86,24.69,-0.68,-0.068,7570000.0,1707530000.0,0.00443,-0.93,-1.81,-0.68,0.24,False,-1.13,0.9637234770704995,True,False,False,False,0,元件,0,2,False,False,A,1.1,16.8,16.800000000000004,"{'gap': 0.0, 'volume': 0.0, 'trend': 0.54, 'position': 0.3, 'sector': 0.0, 'continuity': 0.3}",0.0,[],竞价涨幅 -0.68% 超出区间
300454,深信服,20.0,146.43,147.97,1.05,0.053,12960000.0,1707120000.0,0.00759,0.94,1.04,1.05,0.12,True,-0.01,0.9245948981228944,True,False,False,False,0,软件开发,0,0,False,False,A,1.8,22.2,22.200000000000003,"{'gap': 0.0, 'volume': 0.0, 'trend': 0.66, 'position': 0.5, 'sector': 0.0, 'continuity': 0.3}",0.0,[],竞价涨幅 1.05% 超出区间
600036,招商银行,10.0,40.6,40.6,0.0,0.0,8860000.0,1703220000.0,0.0052,0.37,0.37,0.0,-0.37,False,0.37,0.7648183556405358,False,False,False,False,0,银行,0,0,False,False,A,1.2,13.3,13.266666666666666,"{'gap': 0.0, 'volume': 0.0, 'trend': 0.438, 'position': 0.2, 'sector': 0.0, 'continuity': 0.3}",0.0,[],竞价涨幅 0.00% 超出区间
600410,华胜天成,10.0,15.87,15.8,-0.44,-0.044,7510000.0,1702930000.0,0.00441,-0.95,-1.07,-0.44,0.5,False,-0.63,0.6951501154734407,True,False,False,False,0,IT服务,0,1,False,False,A,1.1,20.7,20.666666666666668,"{'gap': 0.0, 'volume': 0.0, 'trend': 0.583, 'position': 0.5, 'sector': 0.0, 'continuity': 0.3}",0.0,[],竞价涨幅 -0.44% 超出区间
301536,星宸科技,20.0,133.81,134.78,0.72,0.036,6730000.0,1701140000.0,0.00396,-2.41,-2.25,0.72,3.14,True,-2.97,0.9293466223698782,False,False,False,False,0,半导体,2,3,False,False,A,1.0,31.0,30.983333333333334,"{'gap': 0.0, 'volume': 0.0, 'trend': 0.912, 'position': 0.2, 'sector': 0.55, 'continuity': 0.3}",0.0,[],竞价涨幅 0.72% 超出区间
688143,长盈通,20.0,193.59,191.91,-0.87,-0.043,8730000.0,1695310000.0,0.00515,-1.85,-1.84,-0.87,0.98,True,-0.97,0.908328675237563,True,False,False,False,0,通信设备,0,1,False,False,A,1.2,23.6,23.633333333333333,"{'gap': 0.0, 'volume': 0.0, 'trend': 0.732, 'position': 0.5, 'sector': 0.0, 'continuity': 0.3}",0.0,[],竞价涨幅 -0.87% 超出区间
301071,力量钻石,20.0,71.04,70.5,-0.76,-0.038,5530000.0,1686570000.0,0.00328,-0.79,-1.46,-0.76,0.03,False,-0.7,0.5521113009519162,True,False,False,False,0,非金属材料,0,0,False,False,A,0.8,19.1,19.05,"{'gap': 0.0, 'volume': 0.0, 'trend': 0.502, 'position': 0.5, 'sector': 0.0, 'continuity': 0.3}",0.0,[],竞价涨幅 -0.76% 超出区间
600367,红星发展,10.0,39.21,38.6,-1.56,-0.156,8540000.0,1680350000.0,0.00508,-0.48,-0.79,-1.56,-1.07,False,0.77,0.4161053276178812,False,False,False,False,0,化学原料,0,1,False,False,A,1.2,7.9,7.933333333333334,"{'gap': 0.0, 'volume': 0.0, 'trend': 0.322, 'position': 0.0, 'sector': 0.0, 'continuity': 0.3}",0.0,[],竞价涨幅 -1.56% 超出区间
688027,国盾量子,20.0,387.84,377.66,-2.62,-0.131,24260000.0,1657290000.0,0.01464,-2.62,-2.79,-2.62,0.0,False,-0.17,0.4063021316033363,False,False,False,False,0,通信设备,0,1,False,False,A,3.5,19.6,19.56953043353355,"{'gap': 0.0, 'volume': 0.323, 'trend': 0.5, 'position': 0.0, 'sector': 0.0, 'continuity': 0.3}",0.0,[],竞价涨幅 -2.62% 超出区间
002957,科瑞技术,10.0,43.88,43.58,-0.68,-0.068,8350000.0,1634860000.0,0.00511,-2.23,-2.78,-0.68,1.55,False,-2.1,0.7302558398220247,True,False,False,False,0,自动化设备,0,0,False,False,A,1.2,24.2,24.16666666666667,"{'gap': 0.0, 'volume': 0.0, 'trend': 0.758, 'position': 0.5, 'sector': 0.0, 'continuity': 0.3}",0.0,[],竞价涨幅 -0.68% 超出区间
300017,网宿科技,20.0,15.32,15.32,0.0,0.0,5800000.0,1632050000.0,0.00355,-0.78,-0.78,0.0,0.78,True,-0.78,0.6003552397868562,False,False,False,False,0,IT服务,0,1,False,False,A,0.9,18.8,18.8,"{'gap': 0.0, 'volume': 0.0, 'trend': 0.715, 'position': 0.2, 'sector': 0.0, 'continuity': 0.3}",0.0,[],竞价涨幅 0.00% 超出区间
301297,富乐德,20.0,49.69,50.01,0.64,0.032,7520000.0,1631200000.0,0.00461,0.0,-1.39,0.64,0.64,False,-2.03,0.7427867698803658,True,False,False,False,0,半导体,2,3,False,False,A,1.1,28.3,28.316666666666666,"{'gap': 0.0, 'volume': 0.0, 'trend': 0.553, 'position': 0.5, 'sector': 0.55, 'continuity': 0.3}",0.0,[],竞价涨幅 0.64% 超出区间
688519,南亚新材,20.0,309.5,306.34,-1.02,-0.051,3010000.0,1631010000.0,0.00185,0.37,0.48,-1.02,-1.39,False,1.51,0.6409958120055839,False,False,False,False,0,元件,0,2,False,False,A,0.4,0.0,0.0,"{'gap': 0.0, 'volume': 0.0, 'trend': 0.384, 'position': 0.2, 'sector': 0.0, 'continuity': 0.3}",12.5,['竞价尾段走弱'],竞价涨幅 -1.02% 超出区间
603938,三孚股份,10.0,51.5,50.01,-2.89,-0.289,8210000.0,1630240000.0,0.00504,-0.82,-1.28,-2.89,-2.08,False,1.61,0.48720089037284353,True,False,False,False,0,化学原料,0,1,False,False,A,1.2,0.0,0.0,"{'gap': 0.0, 'volume': 0.0, 'trend': 0.153, 'position': 0.3, 'sector': 0.0, 'continuity': 0.3}",12.5,['竞价尾段走弱'],竞价涨幅 -2.89% 超出区间
001216,华瓷股份,10.0,28.31,28.05,-0.92,-0.092,59650000.0,1626330000.0,0.03668,-10.0,-6.96,-0.92,9.08,True,-6.04,1.0,True,False,False,True,0,家居用品,1,1,False,False,A,8.8,4.0,3.9896573427389157,"{'gap': 0.0, 'volume': 0.92, 'trend': 1.0, 'position': 0.3, 'sector': 0.0, 'continuity': 0.3}",45.0,"['高位极端放量', '昨日炸板']",竞价涨幅 -0.92% 超出区间
600415,小商品城,10.0,10.81,11.02,1.94,0.194,8140000.0,1622130000.0,0.00502,0.09,0.09,1.94,1.85,True,-1.85,0.29357798165137644,False,False,False,False,0,零售,0,1,False,False,B,1.2,24.7,24.65749235474005,"{'gap': 0.0, 'volume': 0.0, 'trend': 0.958, 'position': 0.266, 'sector': 0.0, 'continuity': 0.3}",0.0,[],竞价涨幅 1.94% 超出区间
300142,沃森生物,20.0,14.08,13.98,-0.71,-0.036,16250000.0,1615730000.0,0.01006,-1.21,-1.35,-0.71,0.5,False,-0.64,0.5144230769230769,False,False,False,False,0,生物制品,1,0,True,False,A,2.4,12.3,12.333333333333334,"{'gap': 0.0, 'volume': 0.0, 'trend': 0.542, 'position': 0.0, 'sector': 0.0, 'continuity': 0.3}",0.0,[],隔夜公告黑名单
688808,联讯仪器,20.0,2280.02,2274.6,-0.24,-0.012,3820000.0,1611690000.0,0.00237,-0.0,-0.88,-0.24,-0.23,False,-0.64,0.6637701846730305,False,False,False,False,0,通用设备,1,6,False,False,A,0.6,14.1,14.116666666666667,"{'gap': 0.0, 'volume': 0.0, 'trend': 0.481, 'position': 0.2, 'sector': 0.0, 'continuity': 0.3}",0.0,[],竞价涨幅 -0.24% 超出区间
603118,共进股份,10.0,18.34,17.98,-1.96,-0.196,9500000.0,1609680000.0,0.0059,-0.98,-2.07,-1.96,-0.98,False,-0.11,0.8698539176626826,False,False,False,False,0,通信设备,0,1,False,False,A,1.4,11.2,11.233333333333334,"{'gap': 0.0, 'volume': 0.0, 'trend': 0.337, 'position': 0.2, 'sector': 0.0, 'continuity': 0.3}",0.0,[],竞价涨幅 -1.96% 超出区间
301132,满坤科技,20.0,74.56,74.0,-0.75,-0.038,22110000.0,1609380000.0,0.01374,1.93,-1.02,-0.75,-2.68,False,-0.27,1.0,True,False,False,False,0,元件,0,2,False,False,A,3.3,18.1,18.105631223080387,"{'gap': 0.0, 'volume': 0.263, 'trend': 0.277, 'position': 0.3, 'sector': 0.0, 'continuity': 0.3}",0.0,[],竞价涨幅 -0.75% 超出区间
688503,聚和材料,20.0,80.6,79.83,-0.96,-0.048,3780000.0,1605260000.0,0.00235,-1.44,-1.44,-0.96,0.48,True,-0.48,0.3480645666823381,True,False,False,False,0,光伏设备,0,1,False,False,B,0.6,20.2,20.24757874941232,"{'gap': 0.0, 'volume': 0.0, 'trend': 0.69, 'position': 0.33, 'sector': 0.0, 'continuity': 0.3}",0.0,[],竞价涨幅 -0.96% 超出区间
002484,江海股份,10.0,59.85,59.41,-0.74,-0.074,3310000.0,1596840000.0,0.00207,0.33,-0.42,-0.74,-1.07,False,0.32,0.1325435851586947,False,False,False,False,0,元件,0,2,False,False,B,0.5,18.0,17.962948889882284,"{'gap': 0.0, 'volume': 0.0, 'trend': 0.322, 'position': 0.669, 'sector': 0.0, 'continuity': 0.3}",0.0,[],竞价涨幅 -0.74% 超出区间
300458,全志科技,20.0,33.77,33.75,-0.06,-0.003,5050000.0,1594550000.0,0.00317,-1.36,-1.6,-0.06,1.3,False,-1.54,0.3622489959839359,False,False,False,False,0,半导体,2,3,False,False,B,0.8,23.3,23.332329317269075,"{'gap': 0.0, 'volume': 0.0, 'trend': 0.608, 'position': 0.094, 'sector': 0.55, 'continuity': 0.3}",0.0,[],竞价涨幅 -0.06% 超出区间
002409,雅克科技,10.0,137.28,135.47,-1.32,-0.132,8530000.0,1593800000.0,0.00535,-0.35,-0.73,-1.32,-0.97,False,0.59,0.17877033963088354,False,False,False,False,0,半导体,2,3,False,False,B,1.3,24.8,24.81277893050854,"{'gap': 0.0, 'volume': 0.0, 'trend': 0.338, 'position': 0.553, 'sector': 0.55, 'continuity': 0.3}",0.0,[],竞价涨幅 -1.32% 超出区间
688028,沃尔德,20.0,130.14,131.0,0.66,0.033,13110000.0,1578460000.0,0.00831,0.05,0.66,0.66,0.61,True,0.0,0.8175988599928748,True,False,False,False,0,通用设备,1,6,False,False,A,2.0,23.0,23.01666666666667,"{'gap': 0.0, 'volume': 0.0, 'trend': 0.701, 'position': 0.5, 'sector': 0.0, 'continuity': 0.3}",0.0,[],竞价涨幅 0.66% 超出区间
002222,福晶科技,10.0,69.93,69.37,-0.8,-0.08,3490000.0,1578340000.0,0.00221,-0.8,-0.83,-0.8,0.0,False,-0.03,0.5978863936591811,True,False,False,False,0,光学光电子,1,2,False,False,A,0.5,19.0,19.0,"{'gap': 0.0, 'volume': 0.0, 'trend': 0.5, 'position': 0.5, 'sector': 0.0, 'continuity': 0.3}",0.0,[],竞价涨幅 -0.80% 超出区间
002579,中京电子,10.0,18.6,18.68,0.43,0.043,16470000.0,1575610000.0,0.01045,0.43,0.0,0.43,0.0,False,-0.43,0.810483870967742,True,False,False,False,0,元件,0,2,False,False,A,2.5,19.1,19.113182235311864,"{'gap': 0.0, 'volume': 0.005, 'trend': 0.5, 'position': 0.5, 'sector': 0.0, 'continuity': 0.3}",0.0,[],竞价涨幅 0.43% 超出区间
600362,江西铜业,10.0,44.55,43.8,-1.68,-0.168,10690000.0,1570700000.0,0.00681,-1.1,-1.21,-1.68,-0.58,False,0.47,0.5381125226860253,False,False,False,False,0,工业金属,0,1,False,False,A,1.6,9.6,9.566666666666666,"{'gap': 0.0, 'volume': 0.0, 'trend': 0.403, 'position': 0.0, 'sector': 0.0, 'continuity': 0.3}",0.0,[],竞价涨幅 -1.68% 超出区间
688222,成都先导,20.0,46.02,45.55,-1.02,-0.051,7090000.0,1567180000.0,0.00452,-4.17,-2.56,-1.02,3.15,True,-1.54,1.0,True,False,False,False,0,医疗服务,0,0,False,False,A,1.1,24.2,24.25,"{'gap': 0.0, 'volume': 0.0, 'trend': 0.912, 'position': 0.3, 'sector': 0.0, 'continuity': 0.3}",0.0,[],竞价涨幅 -1.02% 超出区间
600699,均胜电子,10.0,21.53,21.52,-0.05,-0.005,9170000.0,1566620000.0,0.00585,0.09,0.09,-0.05,-0.14,False,0.14,0.6464088397790059,True,False,False,False,0,汽车零部件,0,2,False,False,A,1.4,18.5,18.533333333333335,"{'gap': 0.0, 'volume': 0.0, 'trend': 0.477, 'position': 0.5, 'sector': 0.0, 'continuity': 0.3}",0.0,[],竞价涨幅 -0.05% 超出区间
301373,凌玮科技,20.0,135.35,134.15,-0.89,-0.044,11750000.0,1562980000.0,0.00752,-2.48,-2.48,-0.89,1.59,True,-1.59,0.8516714924980257,True,False,False,False,0,化学制品,1,2,False,False,A,1.8,24.7,24.650000000000006,"{'gap': 0.0, 'volume': 0.0, 'trend': 0.783, 'position': 0.5, 'sector': 0.0, 'continuity': 0.3}",0.0,[],竞价涨幅 -0.89% 超出区间
300725,药石科技,20.0,54.35,53.94,-0.75,-0.038,8820000.0,1555750000.0,0.00567,-2.48,-2.65,-0.75,1.73,False,-1.9,0.9770594369134517,True,False,False,False,0,医疗服务,0,0,False,False,A,1.4,18.9,18.883333333333336,"{'gap': 0.0, 'volume': 0.0, 'trend': 0.644, 'position': 0.3, 'sector': 0.0, 'continuity': 0.3}",0.0,[],竞价涨幅 -0.75% 超出区间
688112,鼎阳科技,20.0,114.98,115.92,0.82,0.041,22390000.0,1554660000.0,0.0144,0.02,1.5,0.82,0.8,False,0.68,1.0,True,False,False,False,0,通用设备,1,6,False,False,A,3.5,25.0,25.012797847587276,"{'gap': 0.0, 'volume': 0.307, 'trend': 0.567, 'position': 0.3, 'sector': 0.0, 'continuity': 0.3}",0.0,[],竞价涨幅 0.82% 超出区间
300364,中文在线,20.0,24.46,24.59,0.53,0.027,7850000.0,1553580000.0,0.00505,-1.68,-1.27,0.53,2.21,True,-1.8,0.6071428571428572,False,False,False,False,0,文化传媒,0,3,False,False,A,1.2,21.2,21.183333333333337,"{'gap': 0.0, 'volume': 0.0, 'trend': 0.834, 'position': 0.2, 'sector': 0.0, 'continuity': 0.3}",0.0,[],竞价涨幅 0.53% 超出区间
601988,中国银行,10.0,6.58,6.59,0.15,0.015,11230000.0,1553550000.0,0.00723,0.0,-0.15,0.15,0.15,False,-0.3,0.910714285714286,True,False,False,False,0,银行,0,0,False,False,A,1.7,19.5,19.5,"{'gap': 0.0, 'volume': 0.0, 'trend': 0.525, 'position': 0.5, 'sector': 0.0, 'continuity': 0.3}",0.0,[],竞价涨幅 0.15% 超出区间
300136,信维通信,20.0,58.01,57.9,-0.19,-0.009,5370000.0,1548340000.0,0.00347,-0.71,-0.71,-0.19,0.52,True,-0.52,0.03942266264541143,False,False,False,False,0,消费电子,0,2,False,False,B,0.8,28.9,28.888316817463743,"{'gap': 0.0, 'volume': 0.0, 'trend': 0.693, 'position': 0.901, 'sector': 0.0, 'continuity': 0.3}",0.0,[],竞价涨幅 -0.19% 超出区间
002585,双星新材,10.0,11.72,11.49,-1.96,-0.196,10580000.0,1547680000.0,0.00684,-1.62,-1.62,-1.96,-0.34,False,0.34,0.8088803088803088,True,False,False,False,0,塑料制品,0,0,False,False,A,1.6,17.9,17.86666666666667,"{'gap': 0.0, 'volume': 0.0, 'trend': 0.443, 'position': 0.5, 'sector': 0.0, 'continuity': 0.3}",0.0,[],竞价涨幅 -1.96% 超出区间
601995,中金公司,10.0,32.65,32.19,-1.41,-0.141,11880000.0,1546560000.0,0.00768,-0.98,-1.35,-1.41,-0.43,False,0.06,0.12996941896024428,False,False,False,False,0,证券,0,0,False,False,B,1.8,20.2,20.192813455657504,"{'gap': 0.0, 'volume': 0.0, 'trend': 0.428, 'position': 0.675, 'sector': 0.0, 'continuity': 0.3}",0.0,[],竞价涨幅 -1.41% 超出区间
002131,利欧股份,10.0,4.41,4.4,-0.23,-0.023,7660000.0,1543480000.0,0.00496,-0.23,-0.68,-0.23,0.0,False,-0.45,0.32258064516129037,False,False,False,False,0,通用设备,1,6,False,False,B,1.2,14.4,14.403225806451614,"{'gap': 0.0, 'volume': 0.0, 'trend': 0.5, 'position': 0.194, 'sector': 0.0, 'continuity': 0.3}",0.0,[],竞价涨幅 -0.23% 超出区间
688630,芯碁微装,20.0,440.68,437.05,-0.82,-0.041,3410000.0,1538310000.0,0.00222,-1.29,-1.59,-0.82,0.47,False,-0.76,0.6460761817347409,True,False,False,False,0,专用设备,0,2,False,False,A,0.5,19.8,19.783333333333335,"{'gap': 0.0, 'volume': 0.0, 'trend': 0.539, 'position': 0.5, 'sector': 0.0, 'continuity': 0.3}",0.0,[],竞价涨幅 -0.82% 超出区间
301176,逸豪新材,20.0,65.52,63.0,-3.85,-0.192,8540000.0,1535340000.0,0.00556,0.0,-3.85,-3.85,-3.85,False,0.0,1.0,True,False,False,False,0,元件,0,2,False,False,A,1.3,9.6,9.583333333333332,"{'gap': 0.0, 'volume': 0.0, 'trend': 0.179, 'position': 0.3, 'sector': 0.0, 'continuity': 0.3}",0.0,[],竞价涨幅 -3.85% 超出区间
601398,工商银行,10.0,8.09,8.1,0.12,0.012,9160000.0,1517990000.0,0.00603,0.0,0.0,0.12,0.12,True,-0.12,0.8898305084745757,False,False,False,False,0,银行,0,0,False,False,A,1.4,17.9,17.9,"{'gap': 0.0, 'volume': 0.0, 'trend': 0.67, 'position': 0.2, 'sector': 0.0, 'continuity': 0.3}",0.0,[],竞价涨幅 0.12% 超出区间
688195,腾景科技,20.0,194.4,192.21,-1.13,-0.056,3180000.0,1514130000.0,0.0021,-0.58,-0.58,-1.13,-0.55,False,0.55,0.9070397985862303,False,False,False,False,0,光学光电子,1,2,False,False,A,0.5,13.6,13.583333333333334,"{'gap': 0.0, 'volume': 0.0, 'trend': 0.454, 'position': 0.2, 'sector': 0.0, 'continuity': 0.3}",0.0,[],竞价涨幅 -1.13% 超出区间
002407,多氟多,10.0,32.09,31.91,-0.56,-0.056,4580000.0,1508750000.0,0.00304,-0.47,-0.69,-0.56,-0.09,False,-0.12,0.14868913857677912,False,False,False,False,0,化学制品,1,2,False,False,B,0.7,20.6,20.624157303370783,"{'gap': 0.0, 'volume': 0.0, 'trend': 0.485, 'position': 0.628, 'sector': 0.0, 'continuity': 0.3}",0.0,[],竞价涨幅 -0.56% 超出区间
600547,山东黄金,10.0,30.93,30.37,-1.81,-0.181,23230000.0,1508180000.0,0.0154,-1.39,-2.0,-1.81,-0.42,False,-0.19,0.5070721357850071,False,False,False,False,0,贵金属,0,0,False,False,A,3.7,19.4,19.363848050742828,"{'gap': 0.0, 'volume': 0.371, 'trend': 0.43, 'position': 0.0, 'sector': 0.0, 'continuity': 0.3}",0.0,[],竞价涨幅 -1.81% 超出区间
002303,美盈森,10.0,6.7,6.62,-1.19,-0.119,10590000.0,1503630000.0,0.00704,-9.1,-4.48,-1.19,7.91,True,-3.28,0.93006993006993,True,False,False,False,0,包装印刷,0,0,False,False,A,1.7,29.0,29.000000000000004,"{'gap': 0.0, 'volume': 0.0, 'trend': 1.0, 'position': 0.5, 'sector': 0.0, 'continuity': 0.3}",0.0,[],竞价涨幅 -1.19% 超出区间
600479,千金药业,10.0,13.19,13.0,-1.44,-0.144,13110000.0,1500600000.0,0.00874,-0.99,-1.44,-1.44,-0.45,False,0.0,0.7032967032967031,False,False,False,False,0,中药,0,0,False,False,A,2.1,13.0,13.0,"{'gap': 0.0, 'volume': 0.0, 'trend': 0.425, 'position': 0.2, 'sector': 0.0, 'continuity': 0.3}",0.0,[],竞价涨幅 -1.44% 超出区间
688678,福立旺,20.0,31.43,31.0,-1.37,-0.068,12280000.0,1489630000.0,0.00824,-0.1,-0.1,-1.37,-1.27,False,1.27,1.0,True,False,False,False,0,消费电子,0,2,False,False,A,2.0,1.4,1.3833333333333329,"{'gap': 0.0, 'volume': 0.0, 'trend': 0.394, 'position': 0.3, 'sector': 0.0, 'continuity': 0.3}",12.5,['竞价尾段走弱'],竞价涨幅 -1.37% 超出区间
002594,比亚迪,10.0,85.85,85.7,-0.17,-0.017,4690000.0,1488950000.0,0.00315,0.01,0.01,-0.17,-0.19,False,0.19,0.1837539432176654,False,False,False,False,0,汽车整车,0,1,False,False,B,0.8,19.0,18.975893796004218,"{'gap': 0.0, 'volume': 0.0, 'trend': 0.468, 'position': 0.541, 'sector': 0.0, 'continuity': 0.3}",0.0,[],竞价涨幅 -0.17% 超出区间
300903,科翔股份,20.0,108.55,108.07,-0.44,-0.022,10340000.0,1488890000.0,0.00694,-0.46,-0.5,-0.44,0.02,False,-0.06,0.9375816519088405,True,False,False,False,0,元件,0,2,False,False,A,1.7,19.0,19.033333333333335,"{'gap': 0.0, 'volume': 0.0, 'trend': 0.502, 'position': 0.5, 'sector': 0.0, 'continuity': 0.3}",0.0,[],竞价涨幅 -0.44% 超出区间
002757,南兴股份,10.0,20.28,19.99,-1.43,-0.143,29930000.0,1485600000.0,0.02015,-6.8,-5.03,-1.43,5.37,True,-3.6,1.0,True,False,False,True,0,专用设备,0,2,False,False,A,4.8,26.6,26.607979559492627,"{'gap': 0.0, 'volume': 0.624, 'trend': 1.0, 'position': 0.3, 'sector': 0.0, 'continuity': 0.3}",15.0,['昨日炸板'],竞价涨幅 -1.43% 超出区间
301366,一博科技,20.0,75.15,75.41,0.35,0.017,9510000.0,1483980000.0,0.00641,0.07,0.31,0.35,0.28,True,-0.04,1.0,True,False,False,False,0,元件,0,2,False,False,A,1.5,19.5,19.466666666666672,"{'gap': 0.0, 'volume': 0.0, 'trend': 0.673, 'position': 0.3, 'sector': 0.0, 'continuity': 0.3}",0.0,[],竞价涨幅 0.35% 超出区间
002119,康强电子,10.0,26.92,28.52,5.94,0.594,93100000.0,1478910000.0,0.06295,9.99,5.91,5.94,-4.05,False,-0.04,0.38911290322580655,True,True,True,False,1,半导体,2,3,False,False,A,15.1,24.5,24.500000000000004,"{'gap': 0.0, 'volume': 0.0, 'trend': 0.0, 'position': 0.8, 'sector': 0.55, 'continuity': 0.85}",0.0,[],竞价涨幅 5.94% 超出区间
601086,国芳集团,10.0,17.02,17.2,1.06,0.106,19060000.0,1477720000.0,0.0129,-1.23,-0.65,1.06,2.29,True,-1.7,0.9006968641114982,True,False,False,False,0,零售,0,1,False,False,A,3.1,34.1,34.08361379775018,"{'gap': 0.0, 'volume': 0.203, 'trend': 1.0, 'position': 0.5, 'sector': 0.0, 'continuity': 0.3}",0.0,[],竞价涨幅 1.06% 超出区间
688578,艾力斯,20.0,112.42,111.7,-0.64,-0.032,2770000.0,1468120000.0,0.00189,0.07,-0.37,-0.64,-0.71,False,0.27,0.40468614405553943,False,False,False,False,0,化学制药,1,0,False,False,A,0.5,10.3,10.316666666666666,"{'gap': 0.0, 'volume': 0.0, 'trend': 0.441, 'position': 0.0, 'sector': 0.0, 'continuity': 0.3}",0.0,[],竞价涨幅 -0.64% 超出区间
688141,杰华特,20.0,119.29,116.91,-2.0,-0.1,7300000.0,1465520000.0,0.00498,-1.08,-1.91,-2.0,-0.91,False,0.08,0.2651216095759583,False,False,False,False,0,半导体,2,3,False,False,B,1.2,23.3,23.2912729742349,"{'gap': 0.0, 'volume': 0.0, 'trend': 0.424, 'position': 0.337, 'sector': 0.55, 'continuity': 0.3}",0.0,[],竞价涨幅 -2.00% 超出区间
600059,古越龙山,10.0,11.33,11.4,0.62,0.062,27320000.0,1462580000.0,0.01868,-2.12,-3.62,0.62,2.74,False,-4.24,0.9630541871921181,True,False,False,True,0,饮料制造,1,0,False,False,A,4.5,24.0,23.9537100521298,"{'gap': 0.0, 'volume': 0.553, 'trend': 0.957, 'position': 0.3, 'sector': 0.0, 'continuity': 0.3}",15.0,['昨日炸板'],竞价涨幅 0.62% 超出区间
300568,星源材质,20.0,17.0,17.42,2.47,0.124,15340000.0,1462260000.0,0.01049,0.0,-0.06,2.47,2.47,False,-2.53,0.603550295857988,True,True,False,False,0,电池,2,1,False,False,A,2.5,40.8,40.83667212845003,"{'gap': 0.313, 'volume': 0.008, 'trend': 0.706, 'position': 1.0, 'sector': 0.25, 'continuity': 0.3}",0.0,[],
300398,飞凯材料,20.0,39.14,38.78,-0.92,-0.046,5730000.0,1462090000.0,0.00392,-0.79,-0.79,-0.92,-0.13,False,0.13,0.3423019431988042,True,False,False,False,0,电子化学品,0,0,False,False,B,0.9,16.4,16.447010463378177,"{'gap': 0.0, 'volume': 0.0, 'trend': 0.489, 'position': 0.344, 'sector': 0.0, 'continuity': 0.3}",0.0,[],竞价涨幅 -0.92% 超出区间
000070,特发信息,10.0,17.99,17.81,-1.0,-0.1,5450000.0,1460550000.0,0.00373,0.0,-0.06,-1.0,-1.0,False,0.94,0.8544117647058821,True,False,False,False,0,通信设备,0,1,False,False,A,0.9,15.7,15.666666666666668,"{'gap': 0.0, 'volume': 0.0, 'trend': 0.333, 'position': 0.5, 'sector': 0.0, 'continuity': 0.3}",0.0,[],竞价涨幅 -1.00% 超出区间
603936,博敏电子,10.0,22.23,22.1,-0.58,-0.058,5640000.0,1458820000.0,0.00387,-0.58,-0.99,-0.58,0.0,False,-0.4,0.8779863481228669,True,False,False,False,0,元件,0,2,False,False,A,0.9,19.0,19.0,"{'gap': 0.0, 'volume': 0.0, 'trend': 0.5, 'position': 0.5, 'sector': 0.0, 'continuity': 0.3}",0.0,[],竞价涨幅 -0.58% 超出区间
603019,中科曙光,10.0,83.5,83.11,-0.47,-0.047,6940000.0,1445660000.0,0.0048,-0.41,-0.41,-0.47,-0.06,False,0.06,0.09433962264150944,False,False,False,False,0,计算机设备,0,0,False,False,B,1.2,22.8,22.762264150943395,"{'gap': 0.0, 'volume': 0.0, 'trend': 0.49, 'position': 0.764, 'sector': 0.0, 'continuity': 0.3}",0.0,[],竞价涨幅 -0.47% 超出区间
603068,博通集成,10.0,45.87,46.56,1.5,0.15,24900000.0,1442800000.0,0.01726,-1.13,1.5,1.5,2.64,True,0.0,0.851517107811491,True,False,False,False,0,半导体,2,3,False,False,A,4.1,49.2,49.20464196658756,"{'gap': 0.0, 'volume': 0.478, 'trend': 1.0, 'position': 0.5, 'sector': 0.55, 'continuity': 0.3}",0.0,[],竞价涨幅 1.50% 超出区间
000620,盈新发展,10.0,3.28,3.25,-0.91,-0.091,16030000.0,1429200000.0,0.01122,-0.61,-2.13,-0.91,-0.3,False,-1.22,0.6371681415929202,False,False,False,False,0,房地产,0,3,False,False,A,2.7,15.3,15.29093584707672,"{'gap': 0.0, 'volume': 0.072, 'trend': 0.45, 'position': 0.2, 'sector': 0.0, 'continuity': 0.3}",0.0,[],竞价涨幅 -0.91% 超出区间
002980,华盛昌,10.0,116.05,114.34,-1.47,-0.147,11540000.0,1422200000.0,0.00811,-1.47,-1.5,-1.47,0.0,False,-0.03,0.7440818041742542,False,False,False,False,0,电网设备,0,0,False,False,A,1.9,14.5,14.500000000000002,"{'gap': 0.0, 'volume': 0.0, 'trend': 0.5, 'position': 0.2, 'sector': 0.0, 'continuity': 0.3}",0.0,[],竞价涨幅 -1.47% 超出区间
688200,华峰测控,20.0,397.32,391.84,-1.38,-0.069,4130000.0,1420310000.0,0.00291,-3.86,-3.09,-1.38,2.48,True,-1.71,0.3470778056651129,False,False,False,False,0,半导体,2,3,False,False,B,0.7,28.9,28.867915620891598,"{'gap': 0.0, 'volume': 0.0, 'trend': 0.857, 'position': 0.132, 'sector': 0.55, 'continuity': 0.3}",0.0,[],竞价涨幅 -1.38% 超出区间
002913,奥士康,10.0,90.86,90.56,-0.33,-0.033,8000000.0,1417640000.0,0.00564,0.0,-0.18,-0.33,-0.33,False,0.15,1.0,True,False,False,False,0,元件,0,2,False,False,A,1.4,14.9,14.900000000000002,"{'gap': 0.0, 'volume': 0.0, 'trend': 0.445, 'position': 0.3, 'sector': 0.0, 'continuity': 0.3}",0.0,[],竞价涨幅 -0.33% 超出区间
688628,优利德,20.0,114.44,111.87,-2.25,-0.112,25120000.0,1408430000.0,0.01784,0.16,0.01,-2.25,-2.4,False,2.25,1.0,True,False,True,False,1,通用设备,1,6,False,False,A,4.3,15.0,14.984604783464768,"{'gap': 0.0, 'volume': 0.509, 'trend': 0.3, 'position': 0.3, 'sector': 0.0, 'continuity': 0.85}",12.5,['竞价尾段走弱'],竞价涨幅 -2.25% 超出区间
000333,美的集团,10.0,82.47,82.18,-0.35,-0.035,7080000.0,1402960000.0,0.00505,-0.16,0.0,-0.35,-0.19,False,0.35,0.45728643216080356,False,False,False,False,0,白色家电,0,0,False,False,A,1.2,10.9,10.866666666666667,"{'gap': 0.0, 'volume': 0.0, 'trend': 0.468, 'position': 0.0, 'sector': 0.0, 'continuity': 0.3}",0.0,[],竞价涨幅 -0.35% 超出区间
000703,恒逸石化,10.0,17.39,17.38,-0.06,-0.006,6860000.0,1399580000.0,0.0049,1.15,1.15,-0.06,-1.21,False,1.21,0.5501319261213721,False,False,False,False,0,化学纤维,0,0,False,False,A,1.2,0.0,0.0,"{'gap': 0.0, 'volume': 0.0, 'trend': 0.298, 'position': 0.2, 'sector': 0.0, 'continuity': 0.3}",12.5,['竞价尾段走弱'],竞价涨幅 -0.06% 超出区间
600026,中远海能,10.0,21.08,21.25,0.81,0.081,5740000.0,1392140000.0,0.00412,0.38,0.81,0.81,0.43,True,0.0,0.7887485648679675,True,False,False,False,0,港口航运,0,0,False,False,A,1.0,23.4,23.433333333333334,"{'gap': 0.0, 'volume': 0.0, 'trend': 0.722, 'position': 0.5, 'sector': 0.0, 'continuity': 0.3}",0.0,[],竞价涨幅 0.81% 超出区间
300672,国科微,20.0,201.07,199.9,-0.58,-0.029,4760000.0,1391240000.0,0.00342,-0.28,-0.28,-0.58,-0.3,False,0.3,0.537516126841855,True,False,False,False,0,半导体,2,3,False,False,A,0.8,23.8,23.750000000000004,"{'gap': 0.0, 'volume': 0.0, 'trend': 0.475, 'position': 0.3, 'sector': 0.55, 'continuity': 0.3}",0.0,[],竞价涨幅 -0.58% 超出区间
002138,顺络电子,10.0,54.66,53.92,-1.35,-0.135,5170000.0,1381660000.0,0.00374,-0.84,-1.45,-1.35,-0.51,False,-0.09,0.5631793478260869,True,False,False,False,0,元件,0,2,False,False,A,0.9,17.3,17.299999999999997,"{'gap': 0.0, 'volume': 0.0, 'trend': 0.415, 'position': 0.5, 'sector': 0.0, 'continuity': 0.3}",0.0,[],竞价涨幅 -1.35% 超出区间
002285,世联行,10.0,3.17,3.09,-2.52,-0.252,65110000.0,1373550000.0,0.0474,-10.09,-10.09,-2.52,7.57,True,-7.57,0.9759999999999998,True,False,False,True,0,房地产,0,3,False,False,A,11.4,0.0,0.0,"{'gap': 0.0, 'volume': 0.0, 'trend': 1.0, 'position': 0.3, 'sector': 0.0, 'continuity': 0.3}",45.0,"['高位极端放量', '昨日炸板']",竞价涨幅 -2.52% 超出区间
688813,泰金新能,20.0,161.24,159.81,-0.89,-0.044,14260000.0,1372120000.0,0.01039,-2.86,-1.39,-0.89,1.97,True,-0.5,0.7186917822397021,True,False,False,False,0,专用设备,0,2,False,False,A,2.5,25.3,25.283333333333335,"{'gap': 0.0, 'volume': 0.0, 'trend': 0.814, 'position': 0.5, 'sector': 0.0, 'continuity': 0.3}",0.0,[],竞价涨幅 -0.89% 超出区间
002827,高争民爆,10.0,79.41,77.58,-2.3,-0.23,8010000.0,1365670000.0,0.00587,2.0,0.74,-2.3,-4.31,False,3.05,1.0,True,False,False,False,0,化学制品,1,2,False,False,A,1.4,0.0,0.0,"{'gap': 0.0, 'volume': 0.0, 'trend': 0.0, 'position': 0.3, 'sector': 0.0, 'continuity': 0.3}",12.5,['竞价尾段走弱'],竞价涨幅 -2.30% 超出区间
002975,博杰股份,10.0,110.57,112.63,1.86,0.186,17190000.0,1361030000.0,0.01263,1.84,1.29,1.86,0.03,False,-0.57,0.747191011235955,True,False,False,False,0,自动化设备,0,0,False,False,A,3.0,23.7,23.68445051634153,"{'gap': 0.0, 'volume': 0.183, 'trend': 0.505, 'position': 0.5, 'sector': 0.0, 'continuity': 0.3}",0.0,[],竞价涨幅 1.86% 超出区间
688234,天岳先进,20.0,114.07,113.56,-0.45,-0.022,3910000.0,1358860000.0,0.00288,-1.82,-1.8,-0.45,1.38,True,-1.35,0.43441317047265005,True,False,False,False,0,半导体,2,3,False,False,A,0.7,29.6,29.550000000000004,"{'gap': 0.0, 'volume': 0.0, 'trend': 0.765, 'position': 0.3, 'sector': 0.55, 'continuity': 0.3}",0.0,[],竞价涨幅 -0.45% 超出区间
301666,大普微-UW,20.0,407.92,400.91,-1.72,-0.086,23330000.0,1358380000.0,0.01717,-6.04,-6.04,-1.72,4.32,True,-4.32,0.17329533889680437,False,False,False,False,0,半导体,2,3,False,False,B,4.1,50.1,50.082693803453836,"{'gap': 0.0, 'volume': 0.473, 'trend': 1.0, 'position': 0.567, 'sector': 0.55, 'continuity': 0.3}",0.0,[],竞价涨幅 -1.72% 超出区间
300413,芒果超媒,20.0,19.33,19.11,-1.14,-0.057,4390000.0,1356480000.0,0.00324,-0.16,-1.71,-1.14,-0.98,False,-0.57,0.6588669950738912,False,False,False,False,0,文化传媒,0,3,False,False,A,0.8,12.9,12.866666666666665,"{'gap': 0.0, 'volume': 0.0, 'trend': 0.418, 'position': 0.2, 'sector': 0.0, 'continuity': 0.3}",0.0,[],竞价涨幅 -1.14% 超出区间
688110,东芯股份,20.0,122.65,121.5,-0.94,-0.047,5740000.0,1352100000.0,0.00425,-1.18,-1.35,-0.94,0.24,False,-0.41,0.31272949816401474,False,False,False,False,0,半导体,2,3,False,False,B,1.0,23.4,23.422643818849448,"{'gap': 0.0, 'volume': 0.0, 'trend': 0.52, 'position': 0.218, 'sector': 0.55, 'continuity': 0.3}",0.0,[],竞价涨幅 -0.94% 超出区间
000504,南华生物,10.0,12.76,11.62,-8.93,-0.893,116160000.0,1347970000.0,0.08617,-10.03,-10.03,-8.93,1.1,True,-1.1,1.0,True,False,False,True,0,医疗服务,0,0,False,False,A,20.7,0.0,0.0,"{'gap': 0.0, 'volume': 0.0, 'trend': 0.833, 'position': 0.3, 'sector': 0.0, 'continuity': 0.3}",45.0,"['高位极端放量', '昨日炸板']",竞价涨幅 -8.93% 超出区间
002971,和远气体,10.0,41.78,40.74,-2.49,-0.249,24350000.0,1346900000.0,0.01808,-10.0,-7.37,-2.49,7.52,True,-4.88,0.22209220688041195,False,False,False,False,0,化学制品,1,2,False,False,B,4.3,41.2,41.22149849984803,"{'gap': 0.0, 'volume': 0.522, 'trend': 1.0, 'position': 0.445, 'sector': 0.0, 'continuity': 0.3}",0.0,[],竞价涨幅 -2.49% 超出区间
601600,中国铝业,10.0,9.12,9.06,-0.66,-0.066,7070000.0,1329180000.0,0.00532,0.11,0.11,-0.66,-0.77,False,0.77,0.5230769230769226,False,False,False,False,0,工业金属,0,1,False,False,A,1.3,8.9,8.933333333333335,"{'gap': 0.0, 'volume': 0.0, 'trend': 0.372, 'position': 0.0, 'sector': 0.0, 'continuity': 0.3}",0.0,[],竞价涨幅 -0.66% 超出区间
603920,世运电路,10.0,45.96,46.38,0.91,0.091,10430000.0,1328720000.0,0.00785,0.0,0.0,0.91,0.91,True,-0.91,0.9678284182305632,True,False,False,False,0,元件,0,2,False,False,A,1.9,22.0,22.03333333333333,"{'gap': 0.0, 'volume': 0.0, 'trend': 0.802, 'position': 0.3, 'sector': 0.0, 'continuity': 0.3}",0.0,[],竞价涨幅 0.91% 超出区间
600371,万向德农,10.0,17.28,18.08,4.63,0.463,52170000.0,1324590000.0,0.03939,9.95,5.9,4.63,-5.32,False,1.27,1.0,True,True,True,False,1,种植业与林业,1,1,False,False,A,9.5,1.0,0.9601873801267331,"{'gap': 0.247, 'volume': 0.891, 'trend': 0.0, 'position': 0.8, 'sector': 0.0, 'continuity': 0.85}",42.5,"['竞价尾段走弱', '高位极端放量']",假涨停撤单
600378,昊华科技,10.0,46.8,46.25,-1.18,-0.118,6290000.0,1319480000.0,0.00477,0.45,-1.5,-1.18,-1.62,False,-0.32,0.2046323364065661,False,False,False,False,0,化学制品,1,2,False,False,B,1.1,13.4,13.42628738475377,"{'gap': 0.0, 'volume': 0.0, 'trend': 0.23, 'position': 0.488, 'sector': 0.0, 'continuity': 0.3}",0.0,[],竞价涨幅 -1.18% 超出区间
002536,飞龙股份,10.0,52.27,51.9,-0.71,-0.071,5950000.0,1319210000.0,0.00451,0.0,-0.02,-0.71,-0.71,False,0.69,0.6581956797966964,False,False,False,False,0,汽车零部件,0,2,False,False,A,1.1,12.1,12.133333333333333,"{'gap': 0.0, 'volume': 0.0, 'trend': 0.382, 'position': 0.2, 'sector': 0.0, 'continuity': 0.3}",0.0,[],竞价涨幅 -0.71% 超出区间
300346,南大光电,20.0,55.68,55.49,-0.34,-0.017,5680000.0,1312270000.0,0.00433,-0.84,-1.19,-0.34,0.5,False,-0.84,0.21476032273374462,True,False,False,False,0,电子化学品,0,0,False,False,B,1.0,22.3,22.27982123081791,"{'gap': 0.0, 'volume': 0.0, 'trend': 0.542, 'position': 0.663, 'sector': 0.0, 'continuity': 0.3}",0.0,[],竞价涨幅 -0.34% 超出区间
002290,禾盛新材,10.0,74.65,74.25,-0.54,-0.054,6330000.0,1302810000.0,0.00486,-3.56,-2.21,-0.54,3.03,True,-1.67,0.6552684903748734,True,False,False,False,0,白色家电,0,0,False,False,A,1.2,29.0,29.000000000000004,"{'gap': 0.0, 'volume': 0.0, 'trend': 1.0, 'position': 0.5, 'sector': 0.0, 'continuity': 0.3}",0.0,[],竞价涨幅 -0.54% 超出区间
300666,江丰电子,20.0,251.99,251.19,-0.32,-0.016,4170000.0,1300410000.0,0.00321,-1.58,-1.56,-0.32,1.27,True,-1.24,0.3732100072435505,True,False,False,False,0,半导体,2,3,False,False,B,0.8,28.9,28.871291395033527,"{'gap': 0.0, 'volume': 0.0, 'trend': 0.756, 'position': 0.267, 'sector': 0.55, 'continuity': 0.3}",0.0,[],竞价涨幅 -0.32% 超出区间
603580,艾艾精工,10.0,77.56,79.11,2.0,0.2,8180000.0,1298760000.0,0.0063,0.01,0.01,2.0,1.99,True,-1.99,0.8679124740456796,False,False,False,False,0,塑料制品,0,0,False,False,A,1.5,24.1,24.133333333333333,"{'gap': 0.0, 'volume': 0.0, 'trend': 0.982, 'position': 0.2, 'sector': 0.0, 'continuity': 0.3}",0.0,[],竞价量能 0.63%(量比≈1.5) 超出区间
002602,世纪华通,10.0,14.26,14.21,-0.35,-0.035,3930000.0,1298700000.0,0.00303,1.05,0.98,-0.35,-1.4,False,1.33,0.5309278350515464,False,False,False,False,0,游戏,0,0,False,False,A,0.7,0.0,0.0,"{'gap': 0.0, 'volume': 0.0, 'trend': 0.267, 'position': 0.0, 'sector': 0.0, 'continuity': 0.3}",12.5,['竞价尾段走弱'],竞价涨幅 -0.35% 超出区间
600030,中信证券,10.0,26.79,26.75,-0.15,-0.015,5090000.0,1287130000.0,0.00395,0.34,0.0,-0.15,-0.49,False,0.15,0.20521172638436447,False,False,False,False,0,证券,0,0,False,False,B,0.9,17.2,17.171226927253,"{'gap': 0.0, 'volume': 0.0, 'trend': 0.418, 'position': 0.487, 'sector': 0.0, 'continuity': 0.3}",0.0,[],竞价涨幅 -0.15% 超出区间
603538,美诺华,10.0,27.78,27.6,-0.65,-0.065,3430000.0,1279220000.0,0.00268,0.0,0.0,-0.65,-0.65,False,0.65,0.19228817858954855,False,False,False,False,0,化学制药,1,0,False,False,B,0.6,17.1,17.122526636225267,"{'gap': 0.0, 'volume': 0.0, 'trend': 0.392, 'position': 0.519, 'sector': 0.0, 'continuity': 0.3}",0.0,[],竞价涨幅 -0.65% 超出区间
300870,欧陆通,20.0,212.8,212.0,-0.38,-0.019,4830000.0,1277490000.0,0.00378,0.0,-1.22,-0.38,-0.38,False,-0.85,0.35481366459627345,False,False,False,False,0,其他电源设备,0,0,False,False,B,0.9,12.6,12.561154244306413,"{'gap': 0.0, 'volume': 0.0, 'trend': 0.468, 'position': 0.113, 'sector': 0.0, 'continuity': 0.3}",0.0,[],竞价涨幅 -0.38% 超出区间
603588,XD高能环,10.0,17.32,17.1,-1.27,-0.127,12450000.0,1268690000.0,0.00981,0.17,-1.27,-1.27,-1.44,False,0.0,0.7128834355828221,True,False,False,False,0,环境治理,0,0,False,False,A,2.4,14.2,14.200000000000001,"{'gap': 0.0, 'volume': 0.0, 'trend': 0.26, 'position': 0.5, 'sector': 0.0, 'continuity': 0.3}",0.0,[],竞价涨幅 -1.27% 超出区间
688120,华海清科,20.0,254.01,252.6,-0.56,-0.028,3550000.0,1260790000.0,0.00282,-0.56,-0.56,-0.56,0.0,True,0.0,0.23092043415092714,True,False,False,False,0,半导体,2,3,False,False,B,0.7,32.1,32.090483719340234,"{'gap': 0.0, 'volume': 0.0, 'trend': 0.65, 'position': 0.623, 'sector': 0.55, 'continuity': 0.3}",0.0,[],竞价涨幅 -0.56% 超出区间
600989,宝丰能源,10.0,22.58,22.68,0.44,0.044,5460000.0,1256260000.0,0.00435,0.71,0.8,0.44,-0.27,False,0.35,0.5155925155925151,False,False,False,False,0,化学原料,0,1,False,False,A,1.0,10.6,10.600000000000001,"{'gap': 0.0, 'volume': 0.0, 'trend': 0.455, 'position': 0.0, 'sector': 0.0, 'continuity': 0.3}",0.0,[],竞价涨幅 0.44% 超出区间
002768,国恩股份,10.0,79.02,77.44,-2.0,-0.2,15050000.0,1252310000.0,0.01202,-1.0,-1.0,-2.0,-1.0,False,1.0,1.0,True,False,False,False,0,塑料制品,0,0,False,False,A,2.9,16.1,16.08292290056637,"{'gap': 0.0, 'volume': 0.137, 'trend': 0.333, 'position': 0.3, 'sector': 0.0, 'continuity': 0.3}",0.0,[],竞价涨幅 -2.00% 超出区间
600160,XD巨化股,10.0,34.83,34.67,-0.46,-0.046,4180000.0,1246140000.0,0.00335,0.06,0.06,-0.46,-0.52,False,0.52,0.021760633036597317,False,False,False,False,0,化学制品,1,2,False,False,B,0.8,24.0,23.95064292779427,"{'gap': 0.0, 'volume': 0.0, 'trend': 0.413, 'position': 0.946, 'sector': 0.0, 'continuity': 0.3}",0.0,[],竞价涨幅 -0.46% 超出区间
002046,国机精工,10.0,66.1,65.5,-0.91,-0.091,4500000.0,1245740000.0,0.00361,0.0,-0.3,-0.91,-0.91,False,0.61,0.8008220044261773,True,False,False,False,0,通用设备,1,6,False,False,A,0.9,16.0,15.966666666666669,"{'gap': 0.0, 'volume': 0.0, 'trend': 0.348, 'position': 0.5, 'sector': 0.0, 'continuity': 0.3}",0.0,[],竞价涨幅 -0.91% 超出区间
605058,澳弘电子,10.0,58.6,58.0,-1.02,-0.102,29500000.0,1243560000.0,0.02372,2.18,-1.02,-1.02,-3.21,False,0.0,1.0,True,False,True,False,2,元件,0,2,False,False,A,5.7,29.0,28.957224010430526,"{'gap': 0.0, 'volume': 0.778, 'trend': 0.0, 'position': 0.3, 'sector': 0.0, 'continuity': 1.0}",0.0,[],竞价涨幅 -1.02% 超出区间
605589,圣泉集团,10.0,41.23,41.02,-0.51,-0.051,3270000.0,1243210000.0,0.00263,-0.32,-0.32,-0.51,-0.19,False,0.19,0.3353510895883775,True,False,False,False,0,塑料制品,0,0,False,False,B,0.6,16.3,16.291000807102513,"{'gap': 0.0, 'volume': 0.0, 'trend': 0.468, 'position': 0.362, 'sector': 0.0, 'continuity': 0.3}",0.0,[],竞价涨幅 -0.51% 超出区间
600031,三一重工,10.0,17.51,17.53,0.11,0.011,4830000.0,1238770000.0,0.0039,-0.4,-0.4,0.11,0.51,True,-0.51,0.0,False,False,False,False,0,工程机械,0,0,False,False,B,0.9,31.2,31.2,"{'gap': 0.0, 'volume': 0.0, 'trend': 0.735, 'position': 1.0, 'sector': 0.0, 'continuity': 0.3}",0.0,[],竞价涨幅 0.11% 超出区间
300852,四会富仕,20.0,79.51,79.69,0.23,0.011,10690000.0,1235960000.0,0.00865,-3.58,-4.33,0.23,3.81,False,-4.55,1.0,True,False,False,False,0,元件,0,2,False,False,A,2.1,22.4,22.35,"{'gap': 0.0, 'volume': 0.0, 'trend': 0.818, 'position': 0.3, 'sector': 0.0, 'continuity': 0.3}",0.0,[],竞价涨幅 0.23% 超出区间
000978,桂林旅游,10.0,8.79,8.47,-3.64,-0.364,10270000.0,1235060000.0,0.00832,-2.16,-3.41,-3.64,-1.48,False,0.23,0.6316725978647686,False,False,False,False,0,旅游及酒店,0,0,False,False,A,2.0,9.6,9.566666666666666,"{'gap': 0.0, 'volume': 0.0, 'trend': 0.253, 'position': 0.2, 'sector': 0.0, 'continuity': 0.3}",0.0,[],竞价涨幅 -3.64% 超出区间
300124,汇川技术,20.0,52.72,52.5,-0.42,-0.021,2240000.0,1229110000.0,0.00182,-0.04,-0.04,-0.42,-0.38,False,0.38,0.06180589087397396,False,False,False,False,0,自动化设备,0,0,False,False,B,0.4,23.5,23.548945758892643,"{'gap': 0.0, 'volume': 0.0, 'trend': 0.468, 'position': 0.845, 'sector': 0.0, 'continuity': 0.3}",0.0,[],竞价涨幅 -0.42% 超出区间
002297,博云新材,10.0,21.3,21.15,-0.7,-0.07,5800000.0,1228640000.0,0.00472,-0.52,-1.08,-0.7,-0.19,False,-0.38,0.4757575757575759,False,False,False,False,0,军工装备,0,0,False,False,A,1.1,10.9,10.866666666666667,"{'gap': 0.0, 'volume': 0.0, 'trend': 0.468, 'position': 0.0, 'sector': 0.0, 'continuity': 0.3}",0.0,[],竞价涨幅 -0.70% 超出区间
000858,五 粮 液,10.0,70.34,70.1,-0.34,-0.034,7900000.0,1225210000.0,0.00645,-0.17,-0.31,-0.34,-0.17,False,0.03,0.12831389183457126,False,False,False,False,0,白酒,0,0,False,False,B,1.5,21.1,21.121562389536912,"{'gap': 0.0, 'volume': 0.0, 'trend': 0.472, 'position': 0.679, 'sector': 0.0, 'continuity': 0.3}",0.0,[],竞价涨幅 -0.34% 超出区间
002837,英维克,10.0,61.25,60.7,-0.9,-0.09,4970000.0,1223310000.0,0.00406,-0.39,-0.41,-0.9,-0.51,False,0.49,0.5030591434398367,False,False,False,False,0,专用设备,0,2,False,False,A,1.0,9.8,9.8,"{'gap': 0.0, 'volume': 0.0, 'trend': 0.415, 'position': 0.0, 'sector': 0.0, 'continuity': 0.3}",0.0,[],竞价涨幅 -0.90% 超出区间
605111,新洁能,10.0,62.38,61.3,-1.73,-0.173,8100000.0,1213060000.0,0.00668,-1.17,-1.76,-1.73,-0.56,False,-0.03,0.44074567243675117,True,False,False,False,0,半导体,2,3,False,False,A,1.6,22.4,22.38333333333334,"{'gap': 0.0, 'volume': 0.0, 'trend': 0.407, 'position': 0.3, 'sector': 0.55, 'continuity': 0.3}",0.0,[],竞价涨幅 -1.73% 超出区间
603087,甘李药业,10.0,74.56,74.5,-0.08,-0.008,5600000.0,1211730000.0,0.00462,-0.74,-0.75,-0.08,0.66,False,-0.67,0.8556599110232328,False,False,False,False,0,生物制品,1,0,False,False,A,1.1,16.7,16.7,"{'gap': 0.0, 'volume': 0.0, 'trend': 0.61, 'position': 0.2, 'sector': 0.0, 'continuity': 0.3}",0.0,[],竞价涨幅 -0.08% 超出区间
000560,我爱我家,10.0,3.86,3.87,0.26,0.026,76370000.0,1210340000.0,0.0631,10.1,1.81,0.26,-9.84,False,1.55,1.0,False,True,True,False,3,房地产,0,3,False,False,A,15.1,0.0,0.0,"{'gap': 0.0, 'volume': 0.0, 'trend': 0.0, 'position': 0.5, 'sector': 0.0, 'continuity': 0.6}",42.5,"['竞价尾段走弱', '高位极端放量', '3连板 高位']",竞价涨幅 0.26% 超出区间
600549,厦门钨业,10.0,48.71,48.38,-0.68,-0.068,2210000.0,1209210000.0,0.00183,-0.35,-0.43,-0.68,-0.33,False,0.25,0.09986541049798117,False,False,False,False,0,小金属,0,0,False,False,B,0.4,21.7,21.65504710632571,"{'gap': 0.0, 'volume': 0.0, 'trend': 0.445, 'position': 0.75, 'sector': 0.0, 'continuity': 0.3}",0.0,[],竞价涨幅 -0.68% 超出区间
300671,富满微,20.0,62.26,61.88,-0.61,-0.031,4670000.0,1201730000.0,0.00389,-1.7,-1.54,-0.61,1.09,True,-0.93,0.23344814389590504,True,False,False,False,0,半导体,2,3,False,False,B,0.9,33.8,33.81236127057023,"{'gap': 0.0, 'volume': 0.0, 'trend': 0.741, 'position': 0.616, 'sector': 0.55, 'continuity': 0.3}",0.0,[],竞价涨幅 -0.61% 超出区间
003026,中晶科技,10.0,36.0,35.3,-1.94,-0.194,10490000.0,1199460000.0,0.00875,0.0,-1.86,-1.94,-1.94,False,0.08,0.6588571428571429,True,False,False,False,0,半导体,2,3,False,False,A,2.1,20.8,20.78333333333334,"{'gap': 0.0, 'volume': 0.0, 'trend': 0.177, 'position': 0.5, 'sector': 0.55, 'continuity': 0.3}",0.0,[],竞价涨幅 -1.94% 超出区间
603598,引力传媒,10.0,19.12,19.06,-0.31,-0.031,29110000.0,1199240000.0,0.02427,-9.99,-9.52,-0.31,9.68,True,-9.21,0.8653846153846155,False,False,False,True,0,文化传媒,0,3,False,False,A,5.8,29.5,29.498158215940087,"{'gap': 0.0, 'volume': 0.8, 'trend': 1.0, 'position': 0.2, 'sector': 0.0, 'continuity': 0.3}",15.0,['昨日炸板'],竞价涨幅 -0.31% 超出区间
300192,科德教育,20.0,22.95,22.94,-0.04,-0.002,10110000.0,1196980000.0,0.00845,0.65,-2.0,-0.04,-0.7,False,-1.96,1.0,True,False,False,False,0,教育,0,0,False,False,A,2.0,14.8,14.833333333333332,"{'gap': 0.0, 'volume': 0.0, 'trend': 0.442, 'position': 0.3, 'sector': 0.0, 'continuity': 0.3}",0.0,[],竞价涨幅 -0.04% 超出区间
600354,敦煌种业,10.0,10.08,10.09,0.1,0.01,6600000.0,1196570000.0,0.00552,1.98,-0.79,0.1,-1.88,False,-0.89,0.7927382753403934,True,False,False,False,0,种植业与林业,1,1,False,False,A,1.3,12.7,12.733333333333336,"{'gap': 0.0, 'volume': 0.0, 'trend': 0.187, 'position': 0.5, 'sector': 0.0, 'continuity': 0.3}",0.0,[],竞价涨幅 0.10% 超出区间
300199,翰宇药业,20.0,24.29,24.15,-0.58,-0.029,5130000.0,1195580000.0,0.00429,-1.07,-1.07,-0.58,0.49,True,-0.49,0.6636500754147812,True,False,False,False,0,化学制药,1,0,False,False,A,1.0,22.8,22.81666666666667,"{'gap': 0.0, 'volume': 0.0, 'trend': 0.691, 'position': 0.5, 'sector': 0.0, 'continuity': 0.3}",0.0,[],竞价涨幅 -0.58% 超出区间
688668,鼎通科技,20.0,244.89,243.23,-0.68,-0.034,3030000.0,1194450000.0,0.00254,0.0,0.0,-0.68,-0.68,False,0.68,0.4141771564475897,False,False,False,False,0,通信设备,0,1,False,False,A,0.6,10.4,10.366666666666667,"{'gap': 0.0, 'volume': 0.0, 'trend': 0.443, 'position': 0.0, 'sector': 0.0, 'continuity': 0.3}",0.0,[],竞价涨幅 -0.68% 超出区间
002886,沃特股份,10.0,27.14,26.87,-0.99,-0.099,11160000.0,1194440000.0,0.00934,-0.88,-2.06,-0.99,-0.11,False,-1.07,0.7362794012829651,False,False,False,False,0,塑料制品,0,0,False,False,A,2.2,14.1,14.133333333333336,"{'gap': 0.0, 'volume': 0.0, 'trend': 0.482, 'position': 0.2, 'sector': 0.0, 'continuity': 0.3}",0.0,[],竞价涨幅 -0.99% 超出区间
603230,内蒙新华,10.0,16.79,16.99,1.19,0.119,32450000.0,1192510000.0,0.02721,-9.77,-4.41,1.19,10.96,True,-5.6,1.0,True,False,False,False,0,文化传媒,0,3,False,False,A,6.5,48.7,48.696488458019786,"{'gap': 0.0, 'volume': 0.908, 'trend': 1.0, 'position': 0.3, 'sector': 0.0, 'continuity': 0.3}",0.0,[],竞价涨幅 1.19% 超出区间
002821,凯莱英,10.0,188.01,188.08,0.04,0.004,10120000.0,1186440000.0,0.00853,-0.64,-1.06,0.04,0.68,False,-1.1,0.8445783132530119,True,False,False,False,0,医疗服务,0,0,False,False,A,2.0,21.3,21.266666666666666,"{'gap': 0.0, 'volume': 0.0, 'trend': 0.613, 'position': 0.5, 'sector': 0.0, 'continuity': 0.3}",0.0,[],竞价涨幅 0.04% 超出区间
600503,华丽家族,10.0,2.94,2.7,-8.16,-0.816,21340000.0,1181590000.0,0.01806,-4.76,-4.76,-8.16,-3.4,False,3.4,1.0,True,False,True,False,3,房地产,0,3,False,False,A,4.3,8.0,8.02383732788584,"{'gap': 0.0, 'volume': 0.521, 'trend': 0.0, 'position': 0.3, 'sector': 0.0, 'continuity': 0.6}",12.5,"['竞价尾段走弱', '3连板 高位']",竞价涨幅 -8.16% 超出区间
301099,雅创电子,20.0,57.54,56.54,-1.74,-0.087,5500000.0,1180010000.0,0.00466,0.45,-0.42,-1.74,-2.19,False,1.32,0.2945319740500464,True,False,False,False,0,其他电子,0,0,False,False,B,1.1,2.3,2.3050509731232633,"{'gap': 0.0, 'volume': 0.0, 'trend': 0.318, 'position': 0.464, 'sector': 0.0, 'continuity': 0.3}",12.5,['竞价尾段走弱'],竞价涨幅 -1.74% 超出区间
603268,松发股份,10.0,215.32,216.99,0.78,0.078,5340000.0,1176290000.0,0.00454,0.26,0.78,0.78,0.52,False,0.0,0.9226567349472375,True,False,False,False,0,军工装备,0,0,False,False,A,1.1,20.7,20.733333333333338,"{'gap': 0.0, 'volume': 0.0, 'trend': 0.587, 'position': 0.5, 'sector': 0.0, 'continuity': 0.3}",0.0,[],竞价涨幅 0.78% 超出区间
688185,康希诺,20.0,85.25,83.5,-2.05,-0.103,9890000.0,1175440000.0,0.00841,-2.63,-3.38,-2.05,0.57,False,-1.33,0.8305199189736664,False,False,False,False,0,生物制品,1,0,False,False,A,2.0,15.5,15.450000000000003,"{'gap': 0.0, 'volume': 0.0, 'trend': 0.547, 'position': 0.2, 'sector': 0.0, 'continuity': 0.3}",0.0,[],竞价涨幅 -2.05% 超出区间
001896,豫能控股,10.0,11.34,11.26,-0.71,-0.071,6620000.0,1171320000.0,0.00565,-1.32,-1.23,-0.71,0.62,True,-0.53,0.0,False,False,False,False,0,电力,0,0,False,False,B,1.4,31.6,31.566666666666666,"{'gap': 0.0, 'volume': 0.0, 'trend': 0.753, 'position': 1.0, 'sector': 0.0, 'continuity': 0.3}",0.0,[],竞价涨幅 -0.71% 超出区间
002741,光华科技,10.0,27.47,27.3,-0.62,-0.062,7480000.0,1167930000.0,0.0064,-0.04,-2.99,-0.62,-0.58,False,-2.37,0.5175315568022439,True,False,False,False,0,电子化学品,0,0,False,False,A,1.5,14.1,14.066666666666666,"{'gap': 0.0, 'volume': 0.0, 'trend': 0.403, 'position': 0.3, 'sector': 0.0, 'continuity': 0.3}",0.0,[],竞价涨幅 -0.62% 超出区间
001979,招商蛇口,10.0,7.25,7.18,-0.97,-0.097,8620000.0,1166390000.0,0.00739,-0.69,-1.24,-0.97,-0.28,False,-0.28,0.7045454545454547,True,False,False,False,0,房地产,0,3,False,False,A,1.8,18.1,18.06666666666667,"{'gap': 0.0, 'volume': 0.0, 'trend': 0.453, 'position': 0.5, 'sector': 0.0, 'continuity': 0.3}",0.0,[],竞价涨幅 -0.97% 超出区间
600397,江钨装备,10.0,17.74,17.9,0.9,0.09,12170000.0,1165880000.0,0.01044,0.06,0.34,0.9,0.85,True,-0.56,0.33415841584158407,False,False,False,False,0,专用设备,0,2,False,False,B,2.5,19.9,19.892981913189633,"{'gap': 0.0, 'volume': 0.004, 'trend': 0.792, 'position': 0.165, 'sector': 0.0, 'continuity': 0.3}",0.0,[],竞价涨幅 0.90% 超出区间
000980,众泰汽车,10.0,2.2,2.1,-4.55,-0.455,19200000.0,1159470000.0,0.01656,-3.18,-3.18,-4.55,-1.36,False,1.36,0.8045977011494254,True,False,False,False,0,汽车整车,0,1,False,False,A,4.0,12.9,12.944296505372034,"{'gap': 0.0, 'volume': 0.439, 'trend': 0.273, 'position': 0.5, 'sector': 0.0, 'continuity': 0.3}",12.5,['竞价尾段走弱'],竞价涨幅 -4.55% 超出区间
300953,震裕科技,20.0,101.55,101.31,-0.24,-0.012,6430000.0,1157140000.0,0.00556,-1.71,-1.72,-0.24,1.48,False,-1.49,0.25431832202344223,True,False,False,False,0,电池,2,1,False,False,B,1.3,26.2,26.17972959078758,"{'gap': 0.0, 'volume': 0.0, 'trend': 0.623, 'position': 0.564, 'sector': 0.25, 'continuity': 0.3}",0.0,[],竞价涨幅 -0.24% 超出区间
301377,鼎泰高科,20.0,391.36,388.02,-0.85,-0.043,2250000.0,1151650000.0,0.00195,-0.34,-0.34,-0.85,-0.51,False,0.51,0.29979797979797984,True,False,False,False,0,通用设备,1,6,False,False,B,0.5,17.4,17.40757575757576,"{'gap': 0.0, 'volume': 0.0, 'trend': 0.458, 'position': 0.451, 'sector': 0.0, 'continuity': 0.3}",0.0,[],竞价涨幅 -0.85% 超出区间
301183,东田微,20.0,313.77,313.61,-0.05,-0.003,7060000.0,1150850000.0,0.00613,0.07,-0.88,-0.05,-0.12,False,-0.83,1.0,True,False,False,False,0,光学光电子,1,2,False,False,A,1.5,15.8,15.800000000000002,"{'gap': 0.0, 'volume': 0.0, 'trend': 0.49, 'position': 0.3, 'sector': 0.0, 'continuity': 0.3}",0.0,[],竞价涨幅 -0.05% 超出区间
300613,富瀚微,20.0,86.59,86.7,0.13,0.006,9420000.0,1150580000.0,0.00819,0.08,-0.25,0.13,0.05,False,-0.38,1.0,True,False,False,False,0,半导体,2,3,False,False,A,2.0,24.3,24.333333333333336,"{'gap': 0.0, 'volume': 0.0, 'trend': 0.504, 'position': 0.3, 'sector': 0.55, 'continuity': 0.3}",0.0,[],竞价涨幅 0.13% 超出区间
688131,皓元医药,20.0,110.37,110.0,-0.34,-0.017,2440000.0,1144540000.0,0.00213,-1.56,-1.55,-0.34,1.22,True,-1.21,1.0,True,False,False,False,0,医疗服务,0,0,False,False,A,0.5,21.0,21.03333333333334,"{'gap': 0.0, 'volume': 0.0, 'trend': 0.752, 'position': 0.3, 'sector': 0.0, 'continuity': 0.3}",0.0,[],竞价涨幅 -0.34% 超出区间
300110,华仁药业,20.0,3.65,3.61,-1.1,-0.055,11470000.0,1143570000.0,0.01003,-3.84,-2.74,-1.1,2.74,True,-1.64,0.7826086956521737,True,False,False,False,0,化学制药,1,0,False,False,A,2.4,26.6,26.56666666666667,"{'gap': 0.0, 'volume': 0.0, 'trend': 0.878, 'position': 0.5, 'sector': 0.0, 'continuity': 0.3}",0.0,[],竞价涨幅 -1.10% 超出区间
600884,杉杉股份,10.0,11.92,11.83,-0.76,-0.076,9980000.0,1142750000.0,0.00873,-2.68,-2.18,-0.76,1.93,True,-1.43,0.38297872340425554,False,False,False,False,0,电池,2,1,False,False,B,2.1,25.3,25.321631205673757,"{'gap': 0.0, 'volume': 0.0, 'trend': 0.972, 'position': 0.043, 'sector': 0.25, 'continuity': 0.3}",0.0,[],竞价涨幅 -0.76% 超出区间
300243,瑞丰高材,20.0,24.57,24.71,0.57,0.028,13470000.0,1138160000.0,0.01183,0.0,-2.32,0.57,0.57,False,-2.89,1.0,True,False,False,False,0,塑料制品,0,0,False,False,A,2.8,20.0,19.990256190926388,"{'gap': 0.0, 'volume': 0.122, 'trend': 0.547, 'position': 0.3, 'sector': 0.0, 'continuity': 0.3}",0.0,[],竞价涨幅 0.57% 超出区间
000737,北方铜业,10.0,14.82,14.7,-0.81,-0.081,23170000.0,1136160000.0,0.02039,-2.09,-2.29,-0.81,1.28,False,-1.48,0.6436285097192227,False,False,False,False,0,工业金属,0,1,False,False,A,4.9,34.7,34.65405887364796,"{'gap': 0.0, 'volume': 0.635, 'trend': 0.713, 'position': 0.2, 'sector': 0.0, 'continuity': 0.3}",0.0,[],竞价涨幅 -0.81% 超出区间
600770,综艺股份,10.0,6.51,6.3,-3.23,-0.323,18130000.0,1132000000.0,0.01602,-5.22,-5.53,-3.23,2.0,False,-2.3,0.9333333333333333,True,False,False,False,0,综合,0,0,False,False,A,3.8,35.9,35.8619557712391,"{'gap': 0.0, 'volume': 0.408, 'trend': 0.833, 'position': 0.5, 'sector': 0.0, 'continuity': 0.3}",0.0,[],竞价涨幅 -3.23% 超出区间
300803,指南针,20.0,58.25,58.2,-0.09,-0.004,3480000.0,1130350000.0,0.00308,-0.62,-0.6,-0.09,0.53,True,-0.52,0.012528107934468378,False,False,False,False,0,软件开发,0,0,False,False,B,0.7,29.9,29.91352928579077,"{'gap': 0.0, 'volume': 0.0, 'trend': 0.694, 'position': 0.969, 'sector': 0.0, 'continuity': 0.3}",0.0,[],竞价涨幅 -0.09% 超出区间
603115,海星股份,10.0,77.1,75.59,-1.96,-0.196,9530000.0,1129100000.0,0.00844,-2.43,-2.43,-1.96,0.47,True,-0.47,0.3143047534429141,False,False,False,False,0,电子化学品,0,0,False,False,B,2.0,19.3,19.280238412557395,"{'gap': 0.0, 'volume': 0.0, 'trend': 0.728, 'position': 0.214, 'sector': 0.0, 'continuity': 0.3}",0.0,[],竞价涨幅 -1.96% 超出区间
003031,中瓷电子,10.0,134.6,134.59,-0.01,-0.001,3890000.0,1125590000.0,0.00346,0.0,0.0,-0.01,-0.01,False,0.01,0.6368960468521229,True,False,False,False,0,通信设备,0,1,False,False,A,0.8,19.0,18.966666666666672,"{'gap': 0.0, 'volume': 0.0, 'trend': 0.498, 'position': 0.5, 'sector': 0.0, 'continuity': 0.3}",0.0,[],竞价涨幅 -0.01% 超出区间
601991,大唐发电,10.0,5.41,5.39,-0.37,-0.037,5740000.0,1122880000.0,0.00511,0.0,0.0,-0.37,-0.37,False,0.37,0.0,False,False,False,False,0,电力,0,0,False,False,B,1.2,25.3,25.266666666666666,"{'gap': 0.0, 'volume': 0.0, 'trend': 0.438, 'position': 1.0, 'sector': 0.0, 'continuity': 0.3}",0.0,[],竞价涨幅 -0.37% 超出区间
002558,巨人网络,10.0,23.6,23.6,0.0,0.0,7980000.0,1122550000.0,0.00711,-0.81,-0.76,0.0,0.81,True,-0.76,0.0,False,False,False,False,0,游戏,0,0,False,False,B,1.7,32.2,32.2,"{'gap': 0.0, 'volume': 0.0, 'trend': 0.785, 'position': 1.0, 'sector': 0.0, 'continuity': 0.3}",0.0,[],竞价涨幅 0.00% 超出区间
301520,万邦医药,20.0,78.77,78.9,0.17,0.008,13570000.0,1121290000.0,0.0121,2.7,2.7,0.17,-2.54,False,2.54,0.826990223463687,True,False,False,False,0,医疗服务,0,0,False,False,A,2.9,5.8,5.839463778579546,"{'gap': 0.0, 'volume': 0.143, 'trend': 0.288, 'position': 0.5, 'sector': 0.0, 'continuity': 0.3}",12.5,['竞价尾段走弱'],竞价涨幅 0.17% 超出区间
301021,英诺激光,20.0,91.01,90.67,-0.37,-0.019,4920000.0,1119720000.0,0.00439,-2.0,-2.94,-0.37,1.63,False,-2.57,0.7272066836178714,True,False,False,False,0,自动化设备,0,0,False,False,A,1.1,21.7,21.71666666666667,"{'gap': 0.0, 'volume': 0.0, 'trend': 0.636, 'position': 0.5, 'sector': 0.0, 'continuity': 0.3}",0.0,[],竞价涨幅 -0.37% 超出区间
688001,华兴源创,20.0,70.74,69.43,-1.85,-0.093,11020000.0,1115270000.0,0.00988,2.91,-0.9,-1.85,-4.76,False,0.95,0.8612526221156724,True,False,False,False,0,专用设备,0,2,False,False,A,2.4,11.1,11.066666666666666,"{'gap': 0.0, 'volume': 0.0, 'trend': 0.103, 'position': 0.5, 'sector': 0.0, 'continuity': 0.3}",0.0,[],竞价涨幅 -1.85% 超出区间
002792,通宇通讯,10.0,33.35,33.35,0.0,0.0,2850000.0,1113060000.0,0.00256,-0.33,-0.33,0.0,0.33,True,-0.33,0.6716417910447761,True,False,False,False,0,通信设备,0,1,False,False,A,0.6,23.1,23.100000000000005,"{'gap': 0.0, 'volume': 0.0, 'trend': 0.705, 'position': 0.5, 'sector': 0.0, 'continuity': 0.3}",0.0,[],竞价涨幅 0.00% 超出区间
688137,近岸蛋白,20.0,122.84,122.51,-0.27,-0.013,7400000.0,1111970000.0,0.00665,-3.03,-3.04,-0.27,2.76,False,-2.77,0.9816554315393966,True,False,False,False,0,生物制品,1,0,False,False,A,1.6,20.6,20.6,"{'gap': 0.0, 'volume': 0.0, 'trend': 0.73, 'position': 0.3, 'sector': 0.0, 'continuity': 0.3}",0.0,[],竞价涨幅 -0.27% 超出区间
000811,冰轮环境,10.0,39.83,39.82,-0.03,-0.003,6630000.0,1111680000.0,0.00596,-1.93,-1.93,-0.03,1.91,True,-1.91,0.3205869275233437,False,False,False,False,0,通用设备,1,6,True,False,B,1.4,23.8,23.844656884541276,"{'gap': 0.0, 'volume': 0.0, 'trend': 0.968, 'position': 0.199, 'sector': 0.0, 'continuity': 0.3}",0.0,[],隔夜公告黑名单
600887,伊利股份,10.0,26.92,26.9,-0.07,-0.007,2200000.0,1109290000.0,0.00198,-0.07,-0.19,-0.07,0.0,False,-0.11,0.762345679012346,True,False,False,False,0,饮料制造,1,0,False,False,A,0.5,19.0,19.0,"{'gap': 0.0, 'volume': 0.0, 'trend': 0.5, 'position': 0.5, 'sector': 0.0, 'continuity': 0.3}",0.0,[],竞价涨幅 -0.07% 超出区间
600988,赤峰黄金,10.0,42.5,41.96,-1.27,-0.127,7250000.0,1104510000.0,0.00656,-1.15,-1.18,-1.27,-0.12,False,0.09,0.6706273764258555,False,False,False,False,0,贵金属,0,0,False,False,A,1.6,14.1,14.100000000000001,"{'gap': 0.0, 'volume': 0.0, 'trend': 0.48, 'position': 0.2, 'sector': 0.0, 'continuity': 0.3}",0.0,[],竞价涨幅 -1.27% 超出区间
301486,致尚科技,20.0,218.3,220.48,1.0,0.05,8360000.0,1102180000.0,0.00758,-0.09,-1.92,1.0,1.09,False,-2.92,0.9903476804885256,True,False,False,False,0,通信设备,0,1,False,False,A,1.8,17.8,17.81666666666667,"{'gap': 0.0, 'volume': 0.0, 'trend': 0.591, 'position': 0.3, 'sector': 0.0, 'continuity': 0.3}",0.0,[],竞价涨幅 1.00% 超出区间
301251,威尔高,20.0,90.8,93.04,2.47,0.123,9720000.0,1101620000.0,0.00882,0.0,0.0,2.47,2.47,True,-2.47,1.0,True,True,False,False,0,元件,0,2,False,False,A,2.1,36.9,36.88333333333334,"{'gap': 0.313, 'volume': 0.0, 'trend': 0.856, 'position': 0.8, 'sector': 0.0, 'continuity': 0.3}",0.0,[],竞价量能 0.88%(量比≈2.1) 超出区间
301165,锐捷网络,20.0,114.16,113.78,-0.33,-0.017,7160000.0,1091700000.0,0.00656,-1.87,-1.75,-0.33,1.54,True,-1.42,0.46071713147410354,False,False,False,False,0,通信设备,0,1,False,False,A,1.6,17.1,17.06666666666667,"{'gap': 0.0, 'volume': 0.0, 'trend': 0.778, 'position': 0.0, 'sector': 0.0, 'continuity': 0.3}",0.0,[],竞价涨幅 -0.33% 超出区间
301008,宏昌科技,20.0,60.23,60.0,-0.38,-0.019,15250000.0,1086930000.0,0.01403,2.94,-2.04,-0.38,-3.32,False,-1.66,1.0,True,False,False,False,0,白色家电,0,0,False,False,A,3.4,17.5,17.5318561321754,"{'gap': 0.0, 'volume': 0.283, 'trend': 0.223, 'position': 0.3, 'sector': 0.0, 'continuity': 0.3}",0.0,[],竞价涨幅 -0.38% 超出区间
300033,同花顺,20.0,208.64,207.5,-0.55,-0.027,3090000.0,1086650000.0,0.00284,-0.29,-0.46,-0.55,-0.26,False,0.09,0.16305513838232122,False,False,False,False,0,软件开发,0,0,False,False,B,0.7,20.0,19.952098977329623,"{'gap': 0.0, 'volume': 0.0, 'trend': 0.478, 'position': 0.592, 'sector': 0.0, 'continuity': 0.3}",0.0,[],竞价涨幅 -0.55% 超出区间
688535,华海诚科,20.0,116.0,114.36,-1.41,-0.071,3650000.0,1082590000.0,0.00337,0.01,-0.86,-1.41,-1.42,False,0.55,0.3520606930490056,True,False,False,False,0,半导体,2,3,False,False,B,0.8,22.2,22.181057343995626,"{'gap': 0.0, 'volume': 0.0, 'trend': 0.382, 'position': 0.32, 'sector': 0.55, 'continuity': 0.3}",0.0,[],竞价涨幅 -1.41% 超出区间
300661,圣邦股份,20.0,122.45,121.28,-0.96,-0.048,3110000.0,1080240000.0,0.00288,1.98,1.63,-0.96,-2.94,False,2.59,0.6270507439908433,True,False,False,False,0,半导体,2,3,False,False,A,0.7,9.9,9.850000000000001,"{'gap': 0.0, 'volume': 0.0, 'trend': 0.255, 'position': 0.5, 'sector': 0.55, 'continuity': 0.3}",12.5,['竞价尾段走弱'],竞价涨幅 -0.96% 超出区间
603799,华友钴业,10.0,36.17,35.9,-0.75,-0.075,5430000.0,1079660000.0,0.00503,-0.22,-0.58,-0.75,-0.53,False,0.17,0.08340353833192941,False,False,False,False,0,能源金属,0,0,False,False,B,1.2,21.6,21.60570064588598,"{'gap': 0.0, 'volume': 0.0, 'trend': 0.412, 'position': 0.791, 'sector': 0.0, 'continuity': 0.3}",0.0,[],竞价涨幅 -0.75% 超出区间
002015,协鑫能科,10.0,15.27,15.26,-0.07,-0.007,5290000.0,1069530000.0,0.00495,-0.07,-1.38,-0.07,0.0,False,-1.31,0.5057471264367813,False,False,False,False,0,电力,0,0,False,False,A,1.2,11.5,11.5,"{'gap': 0.0, 'volume': 0.0, 'trend': 0.5, 'position': 0.0, 'sector': 0.0, 'continuity': 0.3}",0.0,[],竞价涨幅 -0.07% 超出区间
301230,泓博医药,20.0,40.07,39.73,-0.85,-0.042,8330000.0,1068440000.0,0.0078,-4.34,-2.94,-0.85,3.49,True,-2.1,0.8938775510204082,True,False,False,False,0,医疗服务,0,0,False,False,A,1.9,27.8,27.816666666666666,"{'gap': 0.0, 'volume': 0.0, 'trend': 0.941, 'position': 0.5, 'sector': 0.0, 'continuity': 0.3}",0.0,[],竞价涨幅 -0.85% 超出区间
601212,白银有色,10.0,6.04,5.86,-2.98,-0.298,13030000.0,1068340000.0,0.0122,-3.15,-3.15,-2.98,0.17,True,-0.17,0.4968354430379748,False,False,False,False,0,工业金属,0,1,False,False,A,2.9,18.8,18.83369080772398,"{'gap': 0.0, 'volume': 0.151, 'trend': 0.678, 'position': 0.0, 'sector': 0.0, 'continuity': 0.3}",0.0,[],竞价涨幅 -2.98% 超出区间
600737,中粮糖业,10.0,15.03,15.01,-0.13,-0.013,4410000.0,1065800000.0,0.00414,-0.2,-0.2,-0.13,0.07,True,-0.07,0.43617021276595735,False,False,False,False,0,农产品加工,0,1,False,False,A,1.0,14.7,14.733333333333338,"{'gap': 0.0, 'volume': 0.0, 'trend': 0.662, 'position': 0.0, 'sector': 0.0, 'continuity': 0.3}",0.0,[],竞价涨幅 -0.13% 超出区间
688485,九州一轨,20.0,128.02,127.99,-0.02,-0.001,6470000.0,1064960000.0,0.00608,-2.32,-0.02,-0.02,2.3,False,0.01,1.0,True,False,False,False,0,环境治理,0,0,False,False,A,1.5,19.8,19.833333333333336,"{'gap': 0.0, 'volume': 0.0, 'trend': 0.692, 'position': 0.3, 'sector': 0.0, 'continuity': 0.3}",0.0,[],竞价涨幅 -0.02% 超出区间
688603,天承科技,20.0,128.64,129.0,0.28,0.014,7370000.0,1062870000.0,0.00693,-3.67,-2.05,0.28,3.95,True,-2.33,0.5050355136223893,True,False,False,False,0,电子化学品,0,0,False,False,A,1.7,25.6,25.583333333333336,"{'gap': 0.0, 'volume': 0.0, 'trend': 0.979, 'position': 0.3, 'sector': 0.0, 'continuity': 0.3}",0.0,[],竞价涨幅 0.28% 超出区间
000792,盐湖股份,10.0,24.48,24.4,-0.33,-0.033,3880000.0,1059710000.0,0.00366,-0.74,-0.74,-0.33,0.41,True,-0.41,0.0,False,False,False,False,0,农化制品,0,0,False,False,B,0.9,30.9,30.86666666666667,"{'gap': 0.0, 'volume': 0.0, 'trend': 0.718, 'position': 1.0, 'sector': 0.0, 'continuity': 0.3}",0.0,[],竞价涨幅 -0.33% 超出区间
688126,沪硅产业,20.0,24.88,25.4,2.09,0.105,27150000.0,1054870000.0,0.02574,1.49,1.49,2.09,0.6,True,-0.6,0.190598840952994,False,True,False,False,0,半导体,2,3,True,False,A,6.2,53.8,53.83586942180118,"{'gap': 0.06, 'volume': 0.855, 'trend': 0.7, 'position': 0.5, 'sector': 0.55, 'continuity': 0.3}",0.0,[],隔夜公告黑名单
688700,东威科技,20.0,67.88,68.0,0.18,0.009,6560000.0,1054640000.0,0.00622,1.58,1.47,0.18,-1.4,False,1.3,0.6459298477829251,True,False,False,False,0,专用设备,0,2,False,False,A,1.5,4.2,4.166666666666668,"{'gap': 0.0, 'volume': 0.0, 'trend': 0.383, 'position': 0.5, 'sector': 0.0, 'continuity': 0.3}",12.5,['竞价尾段走弱'],竞价涨幅 0.18% 超出区间
001330,博纳影业,10.0,5.75,5.55,-3.48,-0.348,8250000.0,1052900000.0,0.00784,-0.87,-2.96,-3.48,-2.61,False,0.52,0.6808510638297874,False,False,False,False,0,影视院线,0,0,False,False,A,1.9,5.8,5.8,"{'gap': 0.0, 'volume': 0.0, 'trend': 0.065, 'position': 0.2, 'sector': 0.0, 'continuity': 0.3}",0.0,[],竞价涨幅 -3.48% 超出区间
000001,平安银行,10.0,11.35,11.35,0.0,0.0,19870000.0,1052020000.0,0.01889,1.15,0.88,0.0,-1.15,False,0.88,0.8048780487804877,False,False,False,False,0,银行,0,0,False,False,A,4.5,24.8,24.75085633647912,"{'gap': 0.0, 'volume': 0.563, 'trend': 0.308, 'position': 0.2, 'sector': 0.0, 'continuity': 0.3}",0.0,[],竞价涨幅 0.00% 超出区间
600028,中国石化,10.0,5.29,5.3,0.19,0.019,2550000.0,1037410000.0,0.00246,0.19,0.19,0.19,0.0,True,0.0,0.6831683168316831,False,False,False,False,0,石油加工贸易,0,0,False,False,A,0.6,17.5,17.5,"{'gap': 0.0, 'volume': 0.0, 'trend': 0.65, 'position': 0.2, 'sector': 0.0, 'continuity': 0.3}",0.0,[],竞价涨幅 0.19% 超出区间
301205,联特科技,20.0,324.88,325.58,0.22,0.011,17320000.0,1034100000.0,0.01675,0.5,-1.5,0.22,-0.28,False,-1.72,0.9695049504950495,False,False,False,False,0,通信设备,0,1,False,False,A,4.0,22.3,22.280176878699002,"{'gap': 0.0, 'volume': 0.45, 'trend': 0.477, 'position': 0.0, 'sector': 0.0, 'continuity': 0.3}",0.0,[],竞价涨幅 0.22% 超出区间
601168,西部矿业,10.0,36.81,36.5,-0.84,-0.084,13250000.0,1033580000.0,0.01282,-0.27,-0.43,-0.84,-0.57,False,0.41,0.6022871664548922,False,False,False,False,0,工业金属,0,1,False,False,A,3.1,17.5,17.5368111418937,"{'gap': 0.0, 'volume': 0.197, 'trend': 0.405, 'position': 0.2, 'sector': 0.0, 'continuity': 0.3}",0.0,[],竞价涨幅 -0.84% 超出区间
301626,苏州天脉,20.0,334.6,331.26,-1.0,-0.05,3840000.0,1028690000.0,0.00373,3.11,3.11,-1.0,-4.11,False,4.11,1.0,True,False,False,False,0,消费电子,0,2,False,False,A,0.9,0.0,0.0,"{'gap': 0.0, 'volume': 0.0, 'trend': 0.157, 'position': 0.3, 'sector': 0.0, 'continuity': 0.3}",12.5,['竞价尾段走弱'],竞价涨幅 -1.00% 超出区间
603124,江南新材,10.0,145.0,144.23,-0.53,-0.053,15680000.0,1025810000.0,0.01529,1.69,1.0,-0.53,-2.22,False,1.53,0.620896335649094,True,False,True,False,1,金属新材料,0,1,False,False,A,3.7,10.9,10.944682804286884,"{'gap': 0.0, 'volume': 0.364, 'trend': 0.13, 'position': 0.5, 'sector': 0.0, 'continuity': 0.85}",12.5,['竞价尾段走弱'],竞价涨幅 -0.53% 超出区间
002460,赣锋锂业,10.0,45.53,45.38,-0.33,-0.033,6170000.0,1025500000.0,0.00602,-0.77,-0.81,-0.33,0.44,False,-0.48,0.0,False,False,False,False,0,能源金属,0,0,False,False,B,1.4,28.0,27.96666666666667,"{'gap': 0.0, 'volume': 0.0, 'trend': 0.573, 'position': 1.0, 'sector': 0.0, 'continuity': 0.3}",0.0,[],竞价涨幅 -0.33% 超出区间
688025,杰普特,20.0,449.79,454.52,1.05,0.053,6620000.0,1020240000.0,0.00649,0.0,2.27,1.05,1.05,False,1.22,1.0,True,False,False,False,0,自动化设备,0,0,False,False,A,1.6,5.2,5.25,"{'gap': 0.0, 'volume': 0.0, 'trend': 0.588, 'position': 0.3, 'sector': 0.0, 'continuity': 0.3}",12.5,['竞价尾段走弱'],竞价涨幅 1.05% 超出区间
688037,芯源微,20.0,351.57,349.25,-0.66,-0.033,560000.0,1016460000.0,0.00055,0.69,-1.39,-0.66,-1.35,False,-0.73,0.5308287422342046,False,False,False,False,0,半导体,2,3,False,False,A,0.1,17.5,17.500000000000004,"{'gap': 0.0, 'volume': 0.0, 'trend': 0.388, 'position': 0.0, 'sector': 0.55, 'continuity': 0.3}",0.0,[],竞价涨幅 -0.66% 超出区间
600613,神奇制药,10.0,8.66,8.5,-1.85,-0.185,9960000.0,1008890000.0,0.00987,-1.96,-3.23,-1.85,0.12,False,-1.39,0.5235668789808917,False,False,False,False,0,化学制药,1,0,False,False,A,2.4,11.9,11.9,"{'gap': 0.0, 'volume': 0.0, 'trend': 0.52, 'position': 0.0, 'sector': 0.0, 'continuity': 0.3}",0.0,[],竞价涨幅 -1.85% 超出区间
300806,斯迪克,20.0,55.78,55.41,-0.66,-0.033,25310000.0,1008760000.0,0.02509,7.39,3.05,-0.66,-8.05,False,3.71,0.29294786096256686,True,False,False,False,0,塑料制品,0,0,False,False,B,6.0,16.8,16.796750792453896,"{'gap': 0.0, 'volume': 0.831, 'trend': 0.0, 'position': 0.468, 'sector': 0.0, 'continuity': 0.3}",12.5,['竞价尾段走弱'],竞价涨幅 -0.66% 超出区间
001696,宗申动力,10.0,16.42,16.12,-1.83,-0.183,6750000.0,1004880000.0,0.00672,-1.46,-1.34,-1.83,-0.37,False,0.49,0.4227642276422767,False,False,False,False,0,通用设备,1,6,False,False,A,1.6,10.3,10.266666666666667,"{'gap': 0.0, 'volume': 0.0, 'trend': 0.438, 'position': 0.0, 'sector': 0.0, 'continuity': 0.3}",0.0,[],竞价涨幅 -1.83% 超出区间
003036,泰坦股份,10.0,58.8,58.24,-0.95,-0.095,10540000.0,999310000.0,0.01055,-6.38,-4.98,-0.95,5.43,True,-4.03,0.38144989339019186,True,False,False,True,0,专用设备,0,2,False,False,B,2.5,10.5,10.533560082693302,"{'gap': 0.0, 'volume': 0.014, 'trend': 1.0, 'position': 0.246, 'sector': 0.0, 'continuity': 0.3}",15.0,['昨日炸板'],竞价涨幅 -0.95% 超出区间
002617,露笑科技,10.0,6.95,6.84,-1.58,-0.158,5140000.0,992240000.0,0.00518,-1.58,-1.58,-1.58,0.0,True,0.0,0.30555555555555564,True,False,False,False,0,电力,0,0,False,False,B,1.2,21.0,21.041666666666664,"{'gap': 0.0, 'volume': 0.0, 'trend': 0.65, 'position': 0.436, 'sector': 0.0, 'continuity': 0.3}",0.0,[],竞价涨幅 -1.58% 超出区间
688655,迅捷兴,20.0,78.15,78.14,-0.01,-0.001,7380000.0,991930000.0,0.00744,0.46,-0.19,-0.01,-0.47,False,-0.18,1.0,True,False,False,False,0,元件,0,2,False,False,A,1.8,15.2,15.216666666666667,"{'gap': 0.0, 'volume': 0.0, 'trend': 0.461, 'position': 0.3, 'sector': 0.0, 'continuity': 0.3}",0.0,[],竞价涨幅 -0.01% 超出区间
603039,泛微网络,10.0,37.86,37.49,-0.98,-0.098,5450000.0,991810000.0,0.0055,-1.0,-1.0,-0.98,0.03,True,-0.03,0.4556900726392251,False,False,False,False,0,软件开发,0,0,False,False,A,1.3,14.6,14.600000000000001,"{'gap': 0.0, 'volume': 0.0, 'trend': 0.655, 'position': 0.0, 'sector': 0.0, 'continuity': 0.3}",0.0,[],竞价涨幅 -0.98% 超出区间
600403,大有能源,10.0,7.24,7.21,-0.41,-0.041,8070000.0,991250000.0,0.00814,0.55,0.55,-0.41,-0.97,False,0.97,0.8274760383386581,False,False,False,False,0,煤炭开采加工,0,0,False,False,A,2.0,11.3,11.266666666666667,"{'gap': 0.0, 'volume': 0.0, 'trend': 0.338, 'position': 0.2, 'sector': 0.0, 'continuity': 0.3}",0.0,[],竞价涨幅 -0.41% 超出区间
300088,长信科技,20.0,7.36,7.29,-0.95,-0.048,4980000.0,991130000.0,0.00502,-1.22,-0.95,-0.95,0.27,True,0.0,0.2535545023696683,True,False,False,False,0,光学光电子,1,2,False,False,B,1.2,23.4,23.44170616113744,"{'gap': 0.0, 'volume': 0.0, 'trend': 0.672, 'position': 0.566, 'sector': 0.0, 'continuity': 0.3}",0.0,[],竞价涨幅 -0.95% 超出区间
002614,奥佳华,10.0,7.57,7.5,-0.92,-0.092,59800000.0,991040000.0,0.06034,9.64,5.68,-0.92,-10.57,False,6.61,1.0,True,False,True,False,3,小家电,0,1,False,False,A,14.5,0.0,0.0,"{'gap': 0.0, 'volume': 0.0, 'trend': 0.0, 'position': 0.3, 'sector': 0.0, 'continuity': 0.6}",42.5,"['竞价尾段走弱', '高位极端放量', '3连板 高位']",竞价涨幅 -0.92% 超出区间
688629,华丰科技,20.0,123.15,122.52,-0.51,-0.026,1850000.0,974980000.0,0.0019,0.85,-0.57,-0.51,-1.36,False,-0.06,0.03426339285714294,False,False,False,False,0,军工电子,0,1,False,False,B,0.5,22.9,22.948456101190473,"{'gap': 0.0, 'volume': 0.0, 'trend': 0.387, 'position': 0.914, 'sector': 0.0, 'continuity': 0.3}",0.0,[],竞价涨幅 -0.51% 超出区间
300001,特锐德,20.0,35.51,35.3,-0.59,-0.03,2140000.0,973730000.0,0.0022,-1.15,-1.15,-0.59,0.56,True,-0.56,0.6614950634696756,False,False,False,False,0,电网设备,0,0,False,False,A,0.5,18.4,18.433333333333334,"{'gap': 0.0, 'volume': 0.0, 'trend': 0.697, 'position': 0.2, 'sector': 0.0, 'continuity': 0.3}",0.0,[],竞价涨幅 -0.59% 超出区间
603328,依顿电子,10.0,15.2,15.2,0.0,0.0,26510000.0,971210000.0,0.0273,7.24,2.96,0.0,-7.24,False,2.96,1.0,True,False,True,False,1,元件,0,2,False,False,A,6.6,19.0,19.024414068154886,"{'gap': 0.0, 'volume': 0.911, 'trend': 0.0, 'position': 0.3, 'sector': 0.0, 'continuity': 0.85}",12.5,['竞价尾段走弱'],竞价涨幅 0.00% 超出区间
688312,燕麦科技,20.0,60.6,60.0,-0.99,-0.05,5230000.0,969920000.0,0.00539,1.62,0.66,-0.99,-2.61,False,1.65,0.6442362294151052,True,False,False,False,0,自动化设备,0,0,False,False,A,1.3,2.2,2.150000000000002,"{'gap': 0.0, 'volume': 0.0, 'trend': 0.282, 'position': 0.5, 'sector': 0.0, 'continuity': 0.3}",12.5,['竞价尾段走弱'],竞价涨幅 -0.99% 超出区间
688257,新锐股份,20.0,60.91,61.14,0.38,0.019,2770000.0,966570000.0,0.00287,0.84,-1.03,0.38,-0.46,False,-1.41,0.21377559117600378,True,False,False,False,0,通用设备,1,6,False,False,B,0.7,20.7,20.716748664233194,"{'gap': 0.0, 'volume': 0.0, 'trend': 0.462, 'position': 0.666, 'sector': 0.0, 'continuity': 0.3}",0.0,[],竞价涨幅 0.38% 超出区间
688002,睿创微纳,20.0,184.06,183.87,-0.1,-0.005,3300000.0,965080000.0,0.00342,-0.84,-0.1,-0.1,0.73,False,0.01,0.9553382233088833,True,False,False,False,0,半导体,2,3,False,False,A,0.8,25.5,25.466666666666672,"{'gap': 0.0, 'volume': 0.0, 'trend': 0.561, 'position': 0.3, 'sector': 0.55, 'continuity': 0.3}",0.0,[],竞价涨幅 -0.10% 超出区间
300404,博济医药,20.0,15.17,14.68,-3.23,-0.162,5880000.0,965040000.0,0.00609,-2.37,-2.37,-3.23,-0.86,False,0.86,0.7184241019698724,True,False,False,False,0,医疗服务,0,0,False,False,A,1.5,17.6,17.56666666666667,"{'gap': 0.0, 'volume': 0.0, 'trend': 0.428, 'position': 0.5, 'sector': 0.0, 'continuity': 0.3}",0.0,[],竞价涨幅 -3.23% 超出区间
002709,天赐材料,10.0,32.84,32.71,-0.4,-0.04,4360000.0,962210000.0,0.00453,-0.49,-0.64,-0.4,0.09,False,-0.24,0.023524189968930364,False,False,False,False,0,电池,2,1,False,False,B,1.1,29.7,29.667842876165114,"{'gap': 0.0, 'volume': 0.0, 'trend': 0.515, 'position': 0.941, 'sector': 0.25, 'continuity': 0.3}",0.0,[],竞价涨幅 -0.40% 超出区间
603991,领先股份,10.0,185.57,188.38,1.51,0.151,15670000.0,959030000.0,0.01634,2.3,2.44,1.51,-0.79,False,0.93,1.0,False,True,True,False,1,半导体,2,3,False,False,A,3.9,38.0,38.028689419324614,"{'gap': 0.0, 'volume': 0.426, 'trend': 0.368, 'position': 0.5, 'sector': 0.55, 'continuity': 0.85}",0.0,[],竞价涨幅 1.51% 超出区间
688820,盛合晶微,20.0,133.57,133.06,-0.38,-0.019,3520000.0,957930000.0,0.00367,-0.35,-0.35,-0.38,-0.03,False,0.03,0.181443080829454,True,False,False,False,0,半导体,2,3,False,False,B,0.9,30.9,30.895884468895478,"{'gap': 0.0, 'volume': 0.0, 'trend': 0.497, 'position': 0.746, 'sector': 0.55, 'continuity': 0.3}",0.0,[],竞价涨幅 -0.38% 超出区间
301312,智立方,20.0,92.6,91.43,-1.26,-0.063,7200000.0,954970000.0,0.00754,-0.66,-3.35,-1.26,-0.6,False,-2.08,0.6786863043846283,True,False,False,False,0,自动化设备,0,0,False,False,A,1.8,18.0,18.0,"{'gap': 0.0, 'volume': 0.0, 'trend': 0.45, 'position': 0.5, 'sector': 0.0, 'continuity': 0.3}",0.0,[],竞价涨幅 -1.26% 超出区间
688549,中巨芯-U,20.0,23.78,23.5,-1.18,-0.059,4150000.0,954370000.0,0.00435,0.17,-1.05,-1.18,-1.35,False,0.13,0.24895881536325787,True,False,False,False,0,电子化学品,0,0,False,False,B,1.0,17.9,17.914044423877833,"{'gap': 0.0, 'volume': 0.0, 'trend': 0.388, 'position': 0.578, 'sector': 0.0, 'continuity': 0.3}",0.0,[],竞价涨幅 -1.18% 超出区间
301188,力诺药包,20.0,36.86,36.01,-2.31,-0.115,12550000.0,952550000.0,0.01318,-2.31,-2.33,-2.31,0.0,False,-0.03,0.20294345468628966,False,False,False,False,0,医疗器械,0,2,False,False,B,3.2,24.5,24.479968919137317,"{'gap': 0.0, 'volume': 0.224, 'trend': 0.5, 'position': 0.493, 'sector': 0.0, 'continuity': 0.3}",0.0,[],竞价涨幅 -2.31% 超出区间
688512,慧智微-U,20.0,17.32,17.0,-1.85,-0.092,11370000.0,951460000.0,0.01195,3.35,0.0,-1.85,-5.2,False,1.85,1.0,True,False,True,False,1,半导体,2,3,False,False,A,2.9,9.1,9.11175925820157,"{'gap': 0.0, 'volume': 0.131, 'trend': 0.067, 'position': 0.3, 'sector': 0.55, 'continuity': 0.85}",12.5,['竞价尾段走弱'],竞价涨幅 -1.85% 超出区间
300166,东方国信,20.0,12.78,12.6,-1.41,-0.07,4240000.0,951320000.0,0.00446,0.0,-0.63,-1.41,-1.41,False,0.78,0.16460176991150435,False,False,False,False,0,IT服务,0,1,False,False,B,1.1,18.0,17.97743362831859,"{'gap': 0.0, 'volume': 0.0, 'trend': 0.383, 'position': 0.588, 'sector': 0.0, 'continuity': 0.3}",0.0,[],竞价涨幅 -1.41% 超出区间
600118,中国卫星,10.0,57.72,57.63,-0.16,-0.016,2370000.0,949460000.0,0.0025,0.0,-0.03,-0.16,-0.16,False,0.12,0.08034000548395939,False,False,False,False,0,军工装备,0,0,False,False,B,0.6,23.0,22.953916461018192,"{'gap': 0.0, 'volume': 0.0, 'trend': 0.473, 'position': 0.799, 'sector': 0.0, 'continuity': 0.3}",0.0,[],竞价涨幅 -0.16% 超出区间
002050,三花智控,10.0,35.99,35.85,-0.39,-0.039,2790000.0,948090000.0,0.00294,-0.72,-0.58,-0.39,0.33,True,-0.19,0.14809960681520343,False,False,False,False,0,白色家电,0,0,False,False,B,0.7,25.0,25.046264744429873,"{'gap': 0.0, 'volume': 0.0, 'trend': 0.705, 'position': 0.63, 'sector': 0.0, 'continuity': 0.3}",0.0,[],竞价涨幅 -0.39% 超出区间
300189,神农种业,20.0,6.45,6.56,1.71,0.085,8540000.0,946090000.0,0.00903,0.0,1.4,1.71,1.71,True,-0.31,0.6462765957446809,False,False,False,False,0,种植业与林业,1,1,False,False,A,2.2,20.4,20.35,"{'gap': 0.0, 'volume': 0.0, 'trend': 0.792, 'position': 0.2, 'sector': 0.0, 'continuity': 0.3}",0.0,[],竞价涨幅 1.71% 超出区间
300014,亿纬锂能,20.0,50.03,49.61,-0.84,-0.042,3400000.0,945660000.0,0.0036,0.74,-0.9,-0.84,-1.58,False,-0.06,0.13803680981595118,False,False,False,False,0,电池,2,1,False,False,B,0.9,22.4,22.440286298568495,"{'gap': 0.0, 'volume': 0.0, 'trend': 0.368, 'position': 0.655, 'sector': 0.25, 'continuity': 0.3}",0.0,[],竞价涨幅 -0.84% 超出区间
600606,绿地控股,10.0,1.51,1.5,-0.66,-0.066,28770000.0,944460000.0,0.03046,-2.65,-3.97,-0.66,1.99,False,-3.31,0.7567567567567566,True,False,False,True,0,房地产,0,3,False,False,A,7.3,35.5,35.481163675284726,"{'gap': 0.0, 'volume': 0.994, 'trend': 0.832, 'position': 0.5, 'sector': 0.0, 'continuity': 0.3}",15.0,['昨日炸板'],竞价涨幅 -0.66% 超出区间
601601,中国太保,10.0,31.61,31.6,-0.03,-0.003,3910000.0,944010000.0,0.00414,0.03,0.03,-0.03,-0.06,False,0.06,0.4715447154471544,False,False,False,False,0,保险,0,0,False,False,A,1.0,11.3,11.3,"{'gap': 0.0, 'volume': 0.0, 'trend': 0.49, 'position': 0.0, 'sector': 0.0, 'continuity': 0.3}",0.0,[],竞价涨幅 -0.03% 超出区间
600938,中国海油,10.0,32.29,32.34,0.15,0.015,6370000.0,942030000.0,0.00676,0.03,0.03,0.15,0.12,True,-0.12,0.6959798994974873,False,False,False,False,0,油气开采及服务,1,0,False,False,A,1.6,17.9,17.9,"{'gap': 0.0, 'volume': 0.0, 'trend': 0.67, 'position': 0.2, 'sector': 0.0, 'continuity': 0.3}",0.0,[],竞价涨幅 0.15% 超出区间
301678,新恒汇,20.0,59.22,56.65,-4.34,-0.217,13890000.0,941490000.0,0.01475,-2.4,-5.3,-4.34,-1.94,False,-0.96,0.7090405264980948,True,False,False,False,0,半导体,2,3,False,False,A,3.5,32.3,32.2628450561042,"{'gap': 0.0, 'volume': 0.33, 'trend': 0.338, 'position': 0.5, 'sector': 0.55, 'continuity': 0.3}",0.0,[],竞价涨幅 -4.34% 超出区间
300520,科大国创,20.0,25.66,25.1,-2.18,-0.109,22690000.0,940000000.0,0.02414,-4.52,-6.0,-2.18,2.34,False,-3.82,0.6846011131725419,False,False,False,False,0,软件开发,0,0,False,False,A,5.8,38.3,38.27141556022011,"{'gap': 0.0, 'volume': 0.795, 'trend': 0.695, 'position': 0.2, 'sector': 0.0, 'continuity': 0.3}",0.0,[],竞价涨幅 -2.18% 超出区间
603663,三祥新材,10.0,47.0,46.63,-0.79,-0.079,4470000.0,939930000.0,0.00476,0.83,0.0,-0.79,-1.62,False,0.79,0.2609299097848716,True,False,False,False,0,非金属材料,0,0,False,False,B,1.1,14.3,14.315128383067316,"{'gap': 0.0, 'volume': 0.0, 'trend': 0.23, 'position': 0.548, 'sector': 0.0, 'continuity': 0.3}",0.0,[],竞价涨幅 -0.79% 超出区间
300829,金丹科技,20.0,28.72,29.24,1.81,0.091,14990000.0,938940000.0,0.01596,1.67,1.67,1.81,0.14,True,-0.14,1.0,True,False,False,False,0,化学制品,1,2,False,False,A,3.8,29.3,29.340072799951383,"{'gap': 0.0, 'volume': 0.404, 'trend': 0.662, 'position': 0.3, 'sector': 0.0, 'continuity': 0.3}",0.0,[],竞价涨幅 1.81% 超出区间
300566,激智科技,20.0,27.57,27.56,-0.04,-0.002,5890000.0,936800000.0,0.00629,-1.99,-1.89,-0.04,1.96,True,-1.85,0.3551665725578768,False,False,False,False,0,光学光电子,1,2,False,False,B,1.5,19.4,19.44792019574629,"{'gap': 0.0, 'volume': 0.0, 'trend': 0.813, 'position': 0.112, 'sector': 0.0, 'continuity': 0.3}",0.0,[],竞价涨幅 -0.04% 超出区间
300324,旋极信息,20.0,3.95,3.89,-1.52,-0.076,6530000.0,934680000.0,0.00699,0.0,-0.76,-1.52,-1.52,False,0.76,0.779069767441861,False,False,False,False,0,计算机设备,0,0,False,False,A,1.7,12.0,11.966666666666665,"{'gap': 0.0, 'volume': 0.0, 'trend': 0.373, 'position': 0.2, 'sector': 0.0, 'continuity': 0.3}",0.0,[],竞价涨幅 -1.52% 超出区间
000807,云铝股份,10.0,26.58,26.51,-0.26,-0.026,6740000.0,932250000.0,0.00723,-0.6,-0.6,-0.26,0.34,True,-0.34,0.6625344352617076,False,False,False,False,0,工业金属,0,1,False,False,A,1.7,18.6,18.633333333333336,"{'gap': 0.0, 'volume': 0.0, 'trend': 0.707, 'position': 0.2, 'sector': 0.0, 'continuity': 0.3}",0.0,[],竞价涨幅 -0.26% 超出区间
003006,百亚股份,10.0,21.59,22.0,1.9,0.19,9970000.0,928590000.0,0.01074,2.27,2.27,1.9,-0.37,False,0.37,0.9543429844097996,True,False,False,False,0,美容护理,0,0,False,False,A,2.6,15.5,15.525811908069937,"{'gap': 0.0, 'volume': 0.03, 'trend': 0.438, 'position': 0.3, 'sector': 0.0, 'continuity': 0.3}",0.0,[],竞价涨幅 1.90% 超出区间
300390,天华新能,20.0,52.76,52.7,-0.11,-0.006,9220000.0,928590000.0,0.00993,-15.64,-11.87,-0.11,15.52,True,-11.75,0.01046405823475889,False,False,False,False,0,电池,2,1,False,False,B,2.4,39.9,39.857597816196545,"{'gap': 0.0, 'volume': 0.0, 'trend': 1.0, 'position': 0.974, 'sector': 0.25, 'continuity': 0.3}",0.0,[],竞价涨幅 -0.11% 超出区间
601668,中国建筑,10.0,4.28,4.28,0.0,0.0,3720000.0,927870000.0,0.00401,0.0,0.0,0.0,0.0,True,0.0,0.07692307692307705,False,False,False,False,0,建筑装饰,0,2,False,False,B,1.0,26.6,26.615384615384613,"{'gap': 0.0, 'volume': 0.0, 'trend': 0.65, 'position': 0.808, 'sector': 0.0, 'continuity': 0.3}",0.0,[],竞价涨幅 0.00% 超出区间
002437,誉衡药业,10.0,3.64,3.67,0.82,0.082,5830000.0,926100000.0,0.0063,-1.1,-1.1,0.82,1.92,True,-1.92,0.39639639639639646,False,False,False,False,0,化学制药,1,0,False,False,B,1.5,21.0,21.035135135135135,"{'gap': 0.0, 'volume': 0.0, 'trend': 0.97, 'position': 0.009, 'sector': 0.0, 'continuity': 0.3}",0.0,[],竞价涨幅 0.82% 超出区间
600489,中金黄金,10.0,23.4,22.93,-2.01,-0.201,18640000.0,924130000.0,0.02017,-1.03,-1.71,-2.01,-0.98,False,0.3,0.5292682926829266,False,False,False,False,0,贵金属,0,0,False,False,A,4.8,23.9,23.864724056279524,"{'gap': 0.0, 'volume': 0.625, 'trend': 0.337, 'position': 0.0, 'sector': 0.0, 'continuity': 0.3}",0.0,[],竞价涨幅 -2.01% 超出区间
000510,新金路,10.0,19.23,19.0,-1.2,-0.12,1130000.0,924040000.0,0.00122,-0.16,-0.16,-1.2,-1.04,False,1.04,0.6299292214357938,True,False,False,False,0,化学原料,0,1,False,False,A,0.3,15.5,15.533333333333331,"{'gap': 0.0, 'volume': 0.0, 'trend': 0.327, 'position': 0.5, 'sector': 0.0, 'continuity': 0.3}",0.0,[],竞价涨幅 -1.20% 超出区间
600593,大连圣亚,10.0,49.79,48.58,-2.43,-0.243,6450000.0,923240000.0,0.00699,-0.02,-2.83,-2.43,-2.41,False,-0.4,1.0,True,False,False,False,0,旅游及酒店,0,0,False,False,A,1.7,8.0,7.966666666666667,"{'gap': 0.0, 'volume': 0.0, 'trend': 0.098, 'position': 0.3, 'sector': 0.0, 'continuity': 0.3}",0.0,[],竞价涨幅 -2.43% 超出区间
002415,海康威视,10.0,33.11,33.01,-0.3,-0.03,2860000.0,918330000.0,0.00311,0.0,-0.3,-0.3,-0.3,False,0.0,0.10679611650485382,False,False,False,False,0,计算机设备,0,0,False,False,B,0.7,21.5,21.495145631067984,"{'gap': 0.0, 'volume': 0.0, 'trend': 0.45, 'position': 0.733, 'sector': 0.0, 'continuity': 0.3}",0.0,[],竞价涨幅 -0.30% 超出区间
601857,中国石油,10.0,10.71,10.69,-0.19,-0.019,9930000.0,917860000.0,0.01082,-0.19,-0.19,-0.19,0.0,True,0.0,0.7241379310344831,False,False,False,False,0,石油加工贸易,0,0,False,False,A,2.6,18.4,18.43427369506334,"{'gap': 0.0, 'volume': 0.037, 'trend': 0.65, 'position': 0.2, 'sector': 0.0, 'continuity': 0.3}",0.0,[],竞价涨幅 -0.19% 超出区间
601939,建设银行,10.0,10.83,10.83,0.0,0.0,6220000.0,915950000.0,0.00679,0.0,0.09,0.0,0.0,False,0.09,0.8121212121212119,False,False,False,False,0,银行,0,0,False,False,A,1.6,14.5,14.500000000000002,"{'gap': 0.0, 'volume': 0.0, 'trend': 0.5, 'position': 0.2, 'sector': 0.0, 'continuity': 0.3}",0.0,[],竞价涨幅 0.00% 超出区间
688202,美迪西,20.0,117.08,117.5,0.36,0.018,3970000.0,914380000.0,0.00434,-1.61,-0.75,0.36,1.96,True,-1.11,1.0,True,False,False,False,0,医疗服务,0,0,False,False,A,1.0,22.3,22.26666666666667,"{'gap': 0.0, 'volume': 0.0, 'trend': 0.813, 'position': 0.3, 'sector': 0.0, 'continuity': 0.3}",0.0,[],竞价涨幅 0.36% 超出区间
002106,莱宝高科,10.0,13.9,13.76,-1.01,-0.101,4770000.0,914290000.0,0.00522,0.0,0.0,-1.01,-1.01,False,1.01,0.6599131693198264,True,False,False,False,0,光学光电子,1,2,False,False,A,1.3,15.6,15.633333333333333,"{'gap': 0.0, 'volume': 0.0, 'trend': 0.332, 'position': 0.5, 'sector': 0.0, 'continuity': 0.3}",0.0,[],竞价涨幅 -1.01% 超出区间
002552,宝鼎科技,10.0,53.45,52.94,-0.95,-0.095,3650000.0,912150000.0,0.004,-0.64,-0.84,-0.95,-0.32,False,0.11,0.64409307875895,True,False,False,False,0,元件,0,2,False,False,A,1.0,17.9,17.933333333333334,"{'gap': 0.0, 'volume': 0.0, 'trend': 0.447, 'position': 0.5, 'sector': 0.0, 'continuity': 0.3}",0.0,[],竞价涨幅 -0.95% 超出区间
002859,洁美科技,10.0,68.65,68.0,-0.95,-0.095,3150000.0,907960000.0,0.00347,-0.01,-0.51,-0.95,-0.93,False,0.44,0.3081847279378145,True,False,False,False,0,其他电子,0,0,False,False,B,0.8,14.8,14.843072702331956,"{'gap': 0.0, 'volume': 0.0, 'trend': 0.345, 'position': 0.43, 'sector': 0.0, 'continuity': 0.3}",0.0,[],竞价涨幅 -0.95% 超出区间
300975,商络电子,20.0,27.1,26.83,-1.0,-0.05,1890000.0,906580000.0,0.00208,-1.22,-1.18,-1.0,0.22,True,-0.18,0.2087542087542088,True,False,False,False,0,其他电子,0,0,False,False,B,0.5,25.0,25.038383838383844,"{'gap': 0.0, 'volume': 0.0, 'trend': 0.668, 'position': 0.678, 'sector': 0.0, 'continuity': 0.3}",0.0,[],竞价涨幅 -1.00% 超出区间
002273,水晶光电,10.0,26.19,25.9,-1.11,-0.111,5470000.0,905490000.0,0.00604,-0.88,-1.11,-1.11,-0.23,False,0.0,0.15089344804765062,False,False,False,False,0,光学光电子,1,2,False,False,B,1.4,20.1,20.074829031546436,"{'gap': 0.0, 'volume': 0.0, 'trend': 0.462, 'position': 0.623, 'sector': 0.0, 'continuity': 0.3}",0.0,[],竞价涨幅 -1.11% 超出区间
601020,华钰矿业,10.0,22.14,21.82,-1.45,-0.145,5240000.0,898610000.0,0.00583,-1.54,-1.54,-1.45,0.09,True,-0.09,0.7352472089314194,False,False,False,False,0,工业金属,0,1,False,False,A,1.4,17.8,17.8,"{'gap': 0.0, 'volume': 0.0, 'trend': 0.665, 'position': 0.2, 'sector': 0.0, 'continuity': 0.3}",0.0,[],竞价涨幅 -1.45% 超出区间
603778,国晟科技,10.0,8.6,8.5,-1.16,-0.116,8150000.0,897300000.0,0.00908,-1.63,-2.21,-1.16,0.47,False,-1.05,0.044543429844097836,False,False,False,False,0,光伏设备,0,1,False,False,B,2.2,26.4,26.396288047513,"{'gap': 0.0, 'volume': 0.0, 'trend': 0.578, 'position': 0.889, 'sector': 0.0, 'continuity': 0.3}",0.0,[],竞价涨幅 -1.16% 超出区间
600499,科达制造,10.0,11.66,11.6,-0.51,-0.051,6920000.0,895180000.0,0.00773,-1.37,-1.29,-0.51,0.86,True,-0.77,0.0,False,False,False,False,0,家居用品,1,1,False,False,B,1.9,32.4,32.36666666666667,"{'gap': 0.0, 'volume': 0.0, 'trend': 0.793, 'position': 1.0, 'sector': 0.0, 'continuity': 0.3}",0.0,[],竞价涨幅 -0.51% 超出区间
002584,西陇科学,10.0,9.02,8.95,-0.78,-0.078,8040000.0,888250000.0,0.00905,-2.99,-2.77,-0.78,2.22,True,-2.0,0.5158924205378972,True,False,False,False,0,电子化学品,0,0,False,False,A,2.2,26.0,26.0,"{'gap': 0.0, 'volume': 0.0, 'trend': 1.0, 'position': 0.3, 'sector': 0.0, 'continuity': 0.3}",0.0,[],竞价涨幅 -0.78% 超出区间
002129,TCL中环,10.0,9.61,9.6,-0.1,-0.01,3370000.0,888190000.0,0.00379,0.52,0.52,-0.1,-0.62,False,0.62,0.43873517786561256,False,False,False,False,0,光伏设备,0,1,False,False,A,0.9,9.4,9.433333333333334,"{'gap': 0.0, 'volume': 0.0, 'trend': 0.397, 'position': 0.0, 'sector': 0.0, 'continuity': 0.3}",0.0,[],竞价涨幅 -0.10% 超出区间
300642,透景生命,20.0,21.44,21.06,-1.77,-0.089,6410000.0,887970000.0,0.00722,-0.09,-6.02,-1.77,-1.68,False,-4.24,1.0,False,False,False,False,0,医疗器械,0,2,False,False,A,1.7,8.7,8.7,"{'gap': 0.0, 'volume': 0.0, 'trend': 0.36, 'position': 0.0, 'sector': 0.0, 'continuity': 0.3}",0.0,[],竞价涨幅 -1.77% 超出区间
688396,华润微,20.0,61.21,60.8,-0.67,-0.033,3380000.0,887720000.0,0.00381,0.15,0.0,-0.67,-0.82,False,0.67,0.22931962799804204,False,False,False,False,0,半导体,2,3,False,False,B,0.9,24.8,24.783847283406757,"{'gap': 0.0, 'volume': 0.0, 'trend': 0.432, 'position': 0.427, 'sector': 0.55, 'continuity': 0.3}",0.0,[],竞价涨幅 -0.67% 超出区间
688301,奕瑞科技,20.0,95.95,95.0,-0.99,-0.05,1300000.0,886230000.0,0.00147,0.0,-0.36,-0.99,-0.99,False,0.63,0.3957286432160804,False,False,False,False,0,医疗器械,0,2,False,False,B,0.4,10.0,10.010175879396986,"{'gap': 0.0, 'volume': 0.0, 'trend': 0.417, 'position': 0.011, 'sector': 0.0, 'continuity': 0.3}",0.0,[],竞价涨幅 -0.99% 超出区间
300054,鼎龙股份,20.0,71.13,70.32,-1.14,-0.057,3290000.0,886220000.0,0.00371,-0.86,-0.51,-1.14,-0.28,False,0.63,0.24871562405560585,True,False,False,False,0,电子化学品,0,0,False,False,B,0.9,19.7,19.706497431248117,"{'gap': 0.0, 'volume': 0.0, 'trend': 0.477, 'position': 0.578, 'sector': 0.0, 'continuity': 0.3}",0.0,[],竞价涨幅 -1.14% 超出区间
688017,绿的谐波,20.0,286.9,286.0,-0.31,-0.016,5390000.0,883240000.0,0.0061,-0.31,-0.65,-0.31,0.0,False,-0.34,0.11409691629955937,False,False,False,False,0,自动化设备,0,0,False,False,B,1.5,22.2,22.221365638766528,"{'gap': 0.0, 'volume': 0.0, 'trend': 0.5, 'position': 0.715, 'sector': 0.0, 'continuity': 0.3}",0.0,[],竞价涨幅 -0.31% 超出区间
688608,恒玄科技,20.0,113.5,111.78,-1.52,-0.076,2380000.0,880140000.0,0.0027,3.0,2.2,-1.52,-4.51,False,3.72,0.5665417057169635,False,False,False,False,0,半导体,2,3,False,False,A,0.6,2.7,2.733333333333338,"{'gap': 0.0, 'volume': 0.0, 'trend': 0.124, 'position': 0.2, 'sector': 0.55, 'continuity': 0.3}",12.5,['竞价尾段走弱'],竞价涨幅 -1.52% 超出区间
688111,金山办公,20.0,226.6,226.0,-0.26,-0.013,2970000.0,879940000.0,0.00338,-0.26,-0.26,-0.26,-0.0,False,0.0,0.28210382513661214,False,False,False,False,0,软件开发,0,0,False,False,B,0.8,15.9,15.921106557377046,"{'gap': 0.0, 'volume': 0.0, 'trend': 0.5, 'position': 0.295, 'sector': 0.0, 'continuity': 0.3}",0.0,[],竞价涨幅 -0.26% 超出区间
600703,三安光电,10.0,12.83,12.74,-0.7,-0.07,3860000.0,879310000.0,0.00439,-0.55,-0.55,-0.7,-0.16,False,0.16,0.16532258064516137,False,False,False,False,0,光学光电子,1,2,False,False,B,1.1,19.8,19.767069892473117,"{'gap': 0.0, 'volume': 0.0, 'trend': 0.473, 'position': 0.587, 'sector': 0.0, 'continuity': 0.3}",0.0,[],竞价涨幅 -0.70% 超出区间
300016,北陆药业,20.0,10.29,10.01,-2.72,-0.136,10810000.0,876200000.0,0.01234,-2.62,-2.82,-2.72,-0.1,False,-0.1,0.9508196721311474,False,False,False,False,0,化学制药,1,0,False,False,A,3.0,15.4,15.369617373226585,"{'gap': 0.0, 'volume': 0.161, 'trend': 0.492, 'position': 0.0, 'sector': 0.0, 'continuity': 0.3}",0.0,[],竞价涨幅 -2.72% 超出区间
603011,合锻智能,10.0,27.1,26.95,-0.55,-0.055,1610000.0,874490000.0,0.00184,0.0,-0.55,-0.55,-0.55,False,0.0,0.6738715829624923,True,False,False,False,0,专用设备,0,2,False,False,A,0.4,17.2,17.166666666666668,"{'gap': 0.0, 'volume': 0.0, 'trend': 0.408, 'position': 0.5, 'sector': 0.0, 'continuity': 0.3}",0.0,[],竞价涨幅 -0.55% 超出区间
002074,国轩高科,10.0,27.28,27.15,-0.48,-0.048,1570000.0,874270000.0,0.0018,0.0,0.0,-0.48,-0.48,False,0.48,0.6534653465346537,False,False,False,False,0,电池,2,1,False,False,A,0.4,16.6,16.65,"{'gap': 0.0, 'volume': 0.0, 'trend': 0.42, 'position': 0.2, 'sector': 0.25, 'continuity': 0.3}",0.0,[],竞价涨幅 -0.48% 超出区间
603650,彤程新材,10.0,69.23,68.35,-1.27,-0.127,4440000.0,874200000.0,0.00508,-0.58,-0.79,-1.27,-0.69,False,0.48,0.3932680017043035,True,False,False,False,0,橡胶制品,0,0,False,False,B,1.2,12.5,12.452449936088621,"{'gap': 0.0, 'volume': 0.0, 'trend': 0.385, 'position': 0.217, 'sector': 0.0, 'continuity': 0.3}",0.0,[],竞价涨幅 -1.27% 超出区间
300931,通用电梯,20.0,19.21,19.01,-1.04,-0.052,12410000.0,873670000.0,0.0142,4.11,1.51,-1.04,-5.15,False,2.55,1.0,True,False,True,False,1,专用设备,0,2,False,False,A,3.4,5.0,5.016077537442673,"{'gap': 0.0, 'volume': 0.294, 'trend': 0.071, 'position': 0.3, 'sector': 0.0, 'continuity': 0.85}",12.5,['竞价尾段走弱'],竞价涨幅 -1.04% 超出区间
688362,甬矽电子,20.0,62.87,62.43,-0.7,-0.035,2270000.0,871840000.0,0.0026,-0.4,-0.4,-0.7,-0.3,False,0.3,0.17702060221870042,False,False,False,False,0,半导体,2,3,False,False,B,0.6,27.6,27.611727416798736,"{'gap': 0.0, 'volume': 0.0, 'trend': 0.475, 'position': 0.557, 'sector': 0.55, 'continuity': 0.3}",0.0,[],竞价涨幅 -0.70% 超出区间
300708,聚灿光电,20.0,9.88,9.8,-0.81,-0.04,5090000.0,869590000.0,0.00585,-0.71,-0.81,-0.81,-0.1,False,0.0,1.0,True,False,False,False,0,光学光电子,1,2,False,False,A,1.4,15.8,15.833333333333332,"{'gap': 0.0, 'volume': 0.0, 'trend': 0.492, 'position': 0.3, 'sector': 0.0, 'continuity': 0.3}",0.0,[],竞价涨幅 -0.81% 超出区间
300534,陇神戎发,20.0,13.74,13.47,-1.97,-0.098,7330000.0,867510000.0,0.00845,-0.8,-2.26,-1.97,-1.16,False,-0.29,0.4968992248062015,False,False,False,False,0,中药,0,0,False,False,A,2.0,9.6,9.566666666666666,"{'gap': 0.0, 'volume': 0.0, 'trend': 0.403, 'position': 0.0, 'sector': 0.0, 'continuity': 0.3}",0.0,[],竞价涨幅 -1.97% 超出区间
920438,戈碧迦,30.0,120.96,118.52,-2.02,-0.067,8731700.0,866756700.0,0.01007,-1.46,-1.46,-2.02,-0.56,False,0.56,0.4665775401069518,True,False,False,False,0,光学光电子,1,2,False,False,A,2.4,15.4,15.37777777777778,"{'gap': 0.0, 'volume': 0.0, 'trend': 0.469, 'position': 0.3, 'sector': 0.0, 'continuity': 0.3}",0.0,[],竞价涨幅 -2.02% 超出区间
600893,航发动力,10.0,39.56,39.31,-0.63,-0.063,1420000.0,865050000.0,0.00164,-0.38,-0.43,-0.63,-0.25,False,0.2,0.7707889125799575,False,False,False,False,0,军工装备,0,0,False,False,A,0.4,13.7,13.666666666666666,"{'gap': 0.0, 'volume': 0.0, 'trend': 0.458, 'position': 0.2, 'sector': 0.0, 'continuity': 0.3}",0.0,[],竞价涨幅 -0.63% 超出区间
603308,应流股份,10.0,40.15,39.8,-0.87,-0.087,3280000.0,864150000.0,0.0038,0.0,-0.9,-0.87,-0.87,False,-0.02,0.0,False,False,False,False,0,通用设备,1,6,False,False,B,0.9,23.6,23.599999999999998,"{'gap': 0.0, 'volume': 0.0, 'trend': 0.355, 'position': 1.0, 'sector': 0.0, 'continuity': 0.3}",0.0,[],竞价涨幅 -0.87% 超出区间
002703,浙江世宝,10.0,15.2,15.16,-0.26,-0.026,7040000.0,864130000.0,0.00815,-2.24,-2.63,-0.26,1.97,False,-2.37,0.5264797507788161,False,False,False,False,0,汽车零部件,0,2,False,False,A,2.0,18.1,18.06666666666667,"{'gap': 0.0, 'volume': 0.0, 'trend': 0.828, 'position': 0.0, 'sector': 0.0, 'continuity': 0.3}",0.0,[],竞价涨幅 -0.26% 超出区间
002600,领益智造,10.0,12.37,12.28,-0.73,-0.073,3250000.0,864060000.0,0.00376,-0.49,-0.57,-0.73,-0.24,False,0.16,0.145234493192133,False,False,False,False,0,消费电子,0,2,False,False,B,0.9,20.3,20.253706505295018,"{'gap': 0.0, 'volume': 0.0, 'trend': 0.46, 'position': 0.637, 'sector': 0.0, 'continuity': 0.3}",0.0,[],竞价涨幅 -0.73% 超出区间
000426,兴业银锡,10.0,34.37,33.44,-2.71,-0.271,24420000.0,861380000.0,0.02835,-2.53,-2.53,-2.71,-0.17,False,0.17,0.4843749999999999,False,False,False,False,0,贵金属,0,0,False,False,A,6.8,34.6,34.5983606755391,"{'gap': 0.0, 'volume': 0.947, 'trend': 0.472, 'position': 0.0, 'sector': 0.0, 'continuity': 0.3}",0.0,[],竞价涨幅 -2.71% 超出区间
002466,天齐锂业,10.0,42.42,42.0,-0.99,-0.099,13910000.0,860770000.0,0.01616,-0.99,-0.99,-0.99,0.0,True,0.0,0.017867113344500297,False,False,False,False,0,能源金属,0,0,False,False,B,3.9,39.2,39.23060510490044,"{'gap': 0.0, 'volume': 0.416, 'trend': 0.65, 'position': 0.955, 'sector': 0.0, 'continuity': 0.3}",0.0,[],竞价涨幅 -0.99% 超出区间
600162,香江控股,10.0,4.59,4.47,-2.61,-0.261,10900000.0,859790000.0,0.01268,-4.14,-4.14,-2.61,1.53,True,-1.53,0.7225609756097561,False,False,False,False,0,零售,0,1,False,False,A,3.0,27.3,27.27768829399613,"{'gap': 0.0, 'volume': 0.187, 'trend': 0.905, 'position': 0.2, 'sector': 0.0, 'continuity': 0.3}",0.0,[],竞价涨幅 -2.61% 超出区间
600815,厦工股份,10.0,4.23,4.15,-1.89,-0.189,9110000.0,853980000.0,0.01067,-0.47,-1.89,-1.89,-1.42,False,0.0,0.8440366972477065,False,False,False,False,0,工程机械,0,0,False,False,A,2.6,10.4,10.371501077254642,"{'gap': 0.0, 'volume': 0.024, 'trend': 0.263, 'position': 0.2, 'sector': 0.0, 'continuity': 0.3}",0.0,[],竞价涨幅 -1.89% 超出区间
600121,郑州煤电,10.0,4.81,4.81,0.0,0.0,3770000.0,851290000.0,0.00443,-2.29,-1.25,0.0,2.29,True,-1.25,0.6096491228070173,False,False,False,False,0,煤炭开采加工,0,0,False,False,A,1.1,24.5,24.5,"{'gap': 0.0, 'volume': 0.0, 'trend': 1.0, 'position': 0.2, 'sector': 0.0, 'continuity': 0.3}",0.0,[],竞价涨幅 0.00% 超出区间
603601,再升科技,10.0,10.12,10.02,-0.99,-0.099,2380000.0,850790000.0,0.0028,-1.19,-1.19,-0.99,0.2,True,-0.2,0.534188034188034,False,False,False,False,0,建筑材料,0,2,False,False,A,0.7,15.2,15.166666666666668,"{'gap': 0.0, 'volume': 0.0, 'trend': 0.683, 'position': 0.0, 'sector': 0.0, 'continuity': 0.3}",0.0,[],竞价涨幅 -0.99% 超出区间
300964,本川智能,20.0,80.69,79.72,-1.2,-0.06,4080000.0,850150000.0,0.0048,0.37,-1.85,-1.2,-1.57,False,-0.64,0.9306905370843988,True,False,False,False,0,元件,0,2,False,False,A,1.2,16.4,16.383333333333333,"{'gap': 0.0, 'volume': 0.0, 'trend': 0.369, 'position': 0.5, 'sector': 0.0, 'continuity': 0.3}",0.0,[],竞价涨幅 -1.20% 超出区间
002589,瑞康医药,10.0,3.38,3.44,1.78,0.178,10770000.0,849300000.0,0.01268,-0.59,-0.59,1.78,2.37,True,-2.37,0.7130434782608694,False,False,False,False,0,医药商业,0,0,False,False,A,3.0,29.2,29.17768829399613,"{'gap': 0.0, 'volume': 0.187, 'trend': 1.0, 'position': 0.2, 'sector': 0.0, 'continuity': 0.3}",0.0,[],竞价涨幅 1.78% 超出区间
000962,东方钽业,10.0,61.04,60.7,-0.56,-0.056,1540000.0,847850000.0,0.00182,-0.57,-1.13,-0.56,0.02,False,-0.57,0.4778866841979441,True,False,False,False,0,小金属,0,0,False,False,A,0.4,16.1,16.066666666666666,"{'gap': 0.0, 'volume': 0.0, 'trend': 0.503, 'position': 0.3, 'sector': 0.0, 'continuity': 0.3}",0.0,[],竞价涨幅 -0.56% 超出区间
688777,中控技术,20.0,81.29,81.0,-0.36,-0.018,530000.0,844530000.0,0.00063,0.7,-0.25,-0.36,-1.06,False,0.11,0.05870267097152922,False,False,False,False,0,自动化设备,0,0,False,False,B,0.2,22.5,22.531983171900986,"{'gap': 0.0, 'volume': 0.0, 'trend': 0.412, 'position': 0.853, 'sector': 0.0, 'continuity': 0.3}",0.0,[],竞价涨幅 -0.36% 超出区间
600111,北方稀土,10.0,37.42,37.2,-0.59,-0.059,4610000.0,843300000.0,0.00547,-0.32,-0.59,-0.59,-0.27,False,0.0,0.05827702702702742,False,False,False,False,0,小金属,0,0,False,False,B,1.3,23.4,23.414611486486475,"{'gap': 0.0, 'volume': 0.0, 'trend': 0.455, 'position': 0.854, 'sector': 0.0, 'continuity': 0.3}",0.0,[],竞价涨幅 -0.59% 超出区间
688105,诺唯赞,20.0,27.59,27.35,-0.87,-0.043,9580000.0,841670000.0,0.01138,-0.47,-1.67,-0.87,-0.4,False,-0.8,1.0,True,False,False,False,0,生物制品,1,0,False,False,A,2.7,17.5,17.458412119878712,"{'gap': 0.0, 'volume': 0.085, 'trend': 0.467, 'position': 0.3, 'sector': 0.0, 'continuity': 0.3}",0.0,[],竞价涨幅 -0.87% 超出区间
301392,汇成真空,20.0,176.07,174.8,-0.72,-0.036,2320000.0,841190000.0,0.00276,0.01,-0.61,-0.72,-0.73,False,0.11,0.3695151592682615,False,False,False,False,0,专用设备,0,2,False,False,B,0.7,11.4,11.426514860773526,"{'gap': 0.0, 'volume': 0.0, 'trend': 0.439, 'position': 0.076, 'sector': 0.0, 'continuity': 0.3}",0.0,[],竞价涨幅 -0.72% 超出区间
688409,富创精密,20.0,192.6,190.0,-1.35,-0.067,2750000.0,841000000.0,0.00327,0.0,0.0,-1.35,-1.35,False,1.35,0.3272779287655556,False,False,False,False,0,半导体,2,3,False,False,B,0.8,7.7,7.727077671291667,"{'gap': 0.0, 'volume': 0.0, 'trend': 0.388, 'position': 0.182, 'sector': 0.55, 'continuity': 0.3}",12.5,['竞价尾段走弱'],竞价涨幅 -1.35% 超出区间
688099,晶晨股份,20.0,92.89,92.36,-0.57,-0.029,1390000.0,840050000.0,0.00165,0.12,0.12,-0.57,-0.69,False,0.69,0.4837133550488597,False,False,False,False,0,半导体,2,3,False,False,A,0.4,18.6,18.6,"{'gap': 0.0, 'volume': 0.0, 'trend': 0.443, 'position': 0.0, 'sector': 0.55, 'continuity': 0.3}",0.0,[],竞价涨幅 -0.57% 超出区间
688082,盛美上海,20.0,291.33,291.0,-0.11,-0.006,1680000.0,839840000.0,0.002,0.06,-1.45,-0.11,-0.17,False,-1.34,0.23823132919924495,False,False,False,False,0,半导体,2,3,False,False,B,0.5,25.5,25.532991821694985,"{'gap': 0.0, 'volume': 0.0, 'trend': 0.486, 'position': 0.404, 'sector': 0.55, 'continuity': 0.3}",0.0,[],竞价涨幅 -0.11% 超出区间
600301,华锡有色,10.0,47.94,47.8,-0.29,-0.029,5750000.0,837640000.0,0.00686,-0.33,-0.31,-0.29,0.04,True,-0.02,0.4293415479399307,False,False,False,False,0,小金属,0,0,False,False,A,1.6,14.6,14.633333333333336,"{'gap': 0.0, 'volume': 0.0, 'trend': 0.657, 'position': 0.0, 'sector': 0.0, 'continuity': 0.3}",0.0,[],竞价涨幅 -0.29% 超出区间
002202,金风科技,10.0,17.83,17.84,0.06,0.006,2710000.0,837160000.0,0.00324,0.06,0.06,0.06,0.0,True,0.0,0.10817941952506556,False,False,False,False,0,风电设备,0,0,False,False,B,0.8,25.4,25.443271767810042,"{'gap': 0.0, 'volume': 0.0, 'trend': 0.65, 'position': 0.73, 'sector': 0.0, 'continuity': 0.3}",0.0,[],竞价涨幅 0.06% 超出区间
300679,电连技术,20.0,46.22,45.77,-0.97,-0.049,2540000.0,835470000.0,0.00304,0.0,-0.91,-0.97,-0.97,False,0.06,0.37717206132879044,False,False,False,False,0,消费电子,0,2,False,False,B,0.7,10.7,10.739381033503694,"{'gap': 0.0, 'volume': 0.0, 'trend': 0.419, 'position': 0.057, 'sector': 0.0, 'continuity': 0.3}",0.0,[],竞价涨幅 -0.97% 超出区间
002716,湖南白银,10.0,9.56,9.37,-1.99,-0.199,24730000.0,833800000.0,0.02966,-3.77,-3.97,-1.99,1.78,False,-1.99,0.5636743215031316,False,False,False,False,0,贵金属,0,0,False,False,A,7.1,45.2,45.16435713001516,"{'gap': 0.0, 'volume': 0.989, 'trend': 0.797, 'position': 0.2, 'sector': 0.0, 'continuity': 0.3}",0.0,[],竞价涨幅 -1.99% 超出区间
601127,赛力斯,10.0,47.2,47.0,-0.42,-0.042,7480000.0,832060000.0,0.00899,-0.21,-0.42,-0.42,-0.21,False,0.0,0.10363311494937476,False,False,False,False,0,汽车整车,0,1,False,False,B,2.2,21.9,21.913758189398447,"{'gap': 0.0, 'volume': 0.0, 'trend': 0.465, 'position': 0.741, 'sector': 0.0, 'continuity': 0.3}",0.0,[],竞价涨幅 -0.42% 超出区间
002172,澳洋健康,10.0,5.35,5.32,-0.56,-0.056,7980000.0,827660000.0,0.00964,-2.62,-2.62,-0.56,2.06,True,-2.06,0.8435374149659863,True,False,False,False,0,医疗服务,0,0,False,False,A,2.3,28.9,28.866666666666667,"{'gap': 0.0, 'volume': 0.0, 'trend': 0.993, 'position': 0.5, 'sector': 0.0, 'continuity': 0.3}",0.0,[],竞价涨幅 -0.56% 超出区间
002714,牧原股份,10.0,41.4,41.3,-0.24,-0.024,2230000.0,825290000.0,0.0027,-0.12,-0.24,-0.24,-0.12,False,0.0,0.6415620641562064,False,False,False,False,0,养殖业,1,0,False,False,A,0.6,14.1,14.100000000000001,"{'gap': 0.0, 'volume': 0.0, 'trend': 0.48, 'position': 0.2, 'sector': 0.0, 'continuity': 0.3}",0.0,[],竞价涨幅 -0.24% 超出区间
688627,精智达,20.0,475.0,469.83,-1.09,-0.054,2670000.0,823060000.0,0.00324,0.0,-3.15,-1.09,-1.09,False,-2.06,0.3736231884057971,False,False,False,False,0,专用设备,0,2,False,False,B,0.8,10.7,10.672463768115943,"{'gap': 0.0, 'volume': 0.0, 'trend': 0.409, 'position': 0.066, 'sector': 0.0, 'continuity': 0.3}",0.0,[],竞价涨幅 -1.09% 超出区间
300917,特发服务,20.0,32.6,31.57,-3.16,-0.158,23500000.0,821780000.0,0.0286,-10.09,-10.15,-3.16,6.93,False,-6.99,1.0,False,False,False,False,0,房地产,0,3,False,False,A,6.9,45.4,45.37221436952801,"{'gap': 0.0, 'volume': 0.955, 'trend': 1.0, 'position': 0.0, 'sector': 0.0, 'continuity': 0.3}",0.0,[],竞价涨幅 -3.16% 超出区间
300373,扬杰科技,20.0,91.39,90.5,-0.97,-0.049,2460000.0,819950000.0,0.003,0.1,-0.49,-0.97,-1.07,False,0.48,0.2014477401129943,False,False,False,False,0,半导体,2,3,False,False,B,0.7,25.4,25.41237641242938,"{'gap': 0.0, 'volume': 0.0, 'trend': 0.411, 'position': 0.496, 'sector': 0.55, 'continuity': 0.3}",0.0,[],竞价涨幅 -0.97% 超出区间
688018,乐鑫科技,20.0,122.23,121.89,-0.28,-0.014,2000000.0,818850000.0,0.00244,-0.25,-0.01,-0.28,-0.02,False,0.27,0.8947523584905662,False,False,False,False,0,半导体,2,3,False,False,A,0.6,22.7,22.71666666666667,"{'gap': 0.0, 'volume': 0.0, 'trend': 0.498, 'position': 0.2, 'sector': 0.55, 'continuity': 0.3}",0.0,[],竞价涨幅 -0.28% 超出区间
002937,兴瑞科技,10.0,30.13,29.83,-1.0,-0.1,6060000.0,817650000.0,0.00741,0.0,0.0,-1.0,-1.0,False,1.0,0.24453087019931927,False,False,True,False,1,汽车零部件,0,2,False,False,A,1.8,10.9,10.91666666666667,"{'gap': 0.0, 'volume': 0.0, 'trend': 0.333, 'position': 0.0, 'sector': 0.0, 'continuity': 0.85}",0.0,[],竞价涨幅 -1.00% 超出区间
300741,华宝股份,20.0,29.59,29.3,-0.98,-0.049,8210000.0,815900000.0,0.01006,-1.49,0.0,-0.98,0.51,False,0.98,1.0,True,False,False,False,0,化学制品,1,2,False,False,A,2.4,16.8,16.849999999999998,"{'gap': 0.0, 'volume': 0.0, 'trend': 0.542, 'position': 0.3, 'sector': 0.0, 'continuity': 0.3}",0.0,[],竞价涨幅 -0.98% 超出区间
600383,金地集团,10.0,2.51,2.5,-0.4,-0.04,10310000.0,812020000.0,0.0127,-1.2,-1.59,-0.4,0.8,False,-1.2,1.0,False,False,False,False,0,房地产,0,3,False,False,A,3.0,18.9,18.881547168244296,"{'gap': 0.0, 'volume': 0.189, 'trend': 0.633, 'position': 0.0, 'sector': 0.0, 'continuity': 0.3}",0.0,[],竞价涨幅 -0.40% 超出区间
300782,卓胜微,20.0,76.76,76.66,-0.13,-0.007,2510000.0,811680000.0,0.00309,0.31,-0.99,-0.13,-0.44,False,-0.86,0.32744084851781363,False,False,False,False,0,半导体,2,3,False,False,B,0.7,21.7,21.73763484724866,"{'gap': 0.0, 'volume': 0.0, 'trend': 0.463, 'position': 0.181, 'sector': 0.55, 'continuity': 0.3}",0.0,[],竞价涨幅 -0.13% 超出区间
601975,招商南油,10.0,4.42,4.42,0.0,0.0,2530000.0,810840000.0,0.00312,0.0,0.68,0.0,0.0,False,0.68,0.7261146496815288,False,False,False,False,0,港口航运,0,0,False,False,A,0.7,14.5,14.500000000000002,"{'gap': 0.0, 'volume': 0.0, 'trend': 0.5, 'position': 0.2, 'sector': 0.0, 'continuity': 0.3}",0.0,[],竞价涨幅 0.00% 超出区间
300895,铜牛信息,20.0,62.08,61.71,-0.6,-0.03,6230000.0,810300000.0,0.00769,-2.55,-2.55,-0.6,1.95,True,-1.95,1.0,True,False,False,False,0,通信服务,0,0,False,False,A,1.8,22.3,22.250000000000004,"{'gap': 0.0, 'volume': 0.0, 'trend': 0.812, 'position': 0.3, 'sector': 0.0, 'continuity': 0.3}",0.0,[],竞价涨幅 -0.60% 超出区间
000630,铜陵有色,10.0,6.12,6.04,-1.31,-0.131,11090000.0,809540000.0,0.0137,-0.33,-0.82,-1.31,-0.98,False,0.49,0.30578512396694224,False,False,False,False,0,工业金属,0,1,False,False,B,3.3,18.3,18.269888877407325,"{'gap': 0.0, 'volume': 0.26, 'trend': 0.337, 'position': 0.236, 'sector': 0.0, 'continuity': 0.3}",0.0,[],竞价涨幅 -1.31% 超出区间
300300,海峡创新,20.0,9.01,8.9,-1.22,-0.061,2980000.0,807690000.0,0.00369,-0.11,-0.11,-1.22,-1.11,False,1.11,0.8533333333333335,True,False,False,False,0,IT服务,0,1,False,False,A,0.9,17.1,17.15,"{'gap': 0.0, 'volume': 0.0, 'trend': 0.407, 'position': 0.5, 'sector': 0.0, 'continuity': 0.3}",0.0,[],竞价涨幅 -1.22% 超出区间
688677,海泰新光,20.0,87.48,87.0,-0.55,-0.027,2240000.0,807050000.0,0.00278,2.86,-1.69,-0.55,-3.41,False,-1.14,0.7118263473053893,False,False,False,False,0,医疗器械,0,2,False,False,A,0.7,8.8,8.816666666666666,"{'gap': 0.0, 'volume': 0.0, 'trend': 0.216, 'position': 0.2, 'sector': 0.0, 'continuity': 0.3}",0.0,[],竞价涨幅 -0.55% 超出区间
603678,火炬电子,10.0,49.98,49.7,-0.56,-0.056,2540000.0,806480000.0,0.00315,-0.56,-0.96,-0.56,0.0,False,-0.4,0.21737213403880065,True,False,False,False,0,军工电子,0,1,False,False,B,0.8,21.3,21.348544973544975,"{'gap': 0.0, 'volume': 0.0, 'trend': 0.5, 'position': 0.657, 'sector': 0.0, 'continuity': 0.3}",0.0,[],竞价涨幅 -0.56% 超出区间
300751,迈为股份,20.0,201.31,199.59,-0.85,-0.043,2830000.0,806380000.0,0.00351,0.0,-0.0,-0.85,-0.86,False,0.85,0.42985691104882723,False,False,False,False,0,光伏设备,0,1,False,False,A,0.8,10.1,10.066666666666666,"{'gap': 0.0, 'volume': 0.0, 'trend': 0.428, 'position': 0.0, 'sector': 0.0, 'continuity': 0.3}",0.0,[],竞价涨幅 -0.85% 超出区间
002151,北斗星通,10.0,29.84,30.0,0.54,0.054,8630000.0,805050000.0,0.01072,-1.14,-1.14,0.54,1.68,True,-1.68,0.5182608695652174,True,False,False,False,0,半导体,2,3,False,False,A,2.6,33.6,33.56515929982268,"{'gap': 0.0, 'volume': 0.029, 'trend': 0.93, 'position': 0.3, 'sector': 0.55, 'continuity': 0.3}",0.0,[],竞价涨幅 0.54% 超出区间
002084,海鸥住工,10.0,6.47,6.55,1.24,0.124,12710000.0,801170000.0,0.01586,0.31,0.31,1.24,0.93,True,-0.93,0.8064516129032259,False,False,False,False,0,家居用品,1,1,False,False,A,3.8,30.6,30.55841433452735,"{'gap': 0.0, 'volume': 0.398, 'trend': 0.805, 'position': 0.2, 'sector': 0.0, 'continuity': 0.3}",0.0,[],竞价涨幅 1.24% 超出区间
300397,天和防务,20.0,12.44,12.66,1.77,0.088,9240000.0,801090000.0,0.01153,0.56,0.56,1.77,1.21,True,-1.21,0.6179540709812108,False,True,False,False,0,军工电子,0,1,False,False,A,2.8,29.5,29.450764938675178,"{'gap': 0.0, 'volume': 0.097, 'trend': 0.751, 'position': 0.7, 'sector': 0.0, 'continuity': 0.3}",0.0,[],竞价涨幅 1.77% 超出区间
002134,天津普林,10.0,27.47,27.35,-0.44,-0.044,4920000.0,797260000.0,0.00617,-0.95,-1.71,-0.44,0.51,False,-1.27,0.794567062818336,True,False,False,False,0,元件,0,2,False,False,A,1.5,20.7,20.700000000000003,"{'gap': 0.0, 'volume': 0.0, 'trend': 0.585, 'position': 0.5, 'sector': 0.0, 'continuity': 0.3}",0.0,[],竞价涨幅 -0.44% 超出区间
688559,海目星,20.0,59.19,58.8,-0.66,-0.033,4450000.0,797200000.0,0.00558,-0.12,-0.57,-0.66,-0.54,False,0.08,0.5606461086637297,True,False,False,False,0,自动化设备,0,0,False,False,A,1.3,18.1,18.099999999999998,"{'gap': 0.0, 'volume': 0.0, 'trend': 0.455, 'position': 0.5, 'sector': 0.0, 'continuity': 0.3}",0.0,[],竞价涨幅 -0.66% 超出区间
603466,风语筑,10.0,12.69,12.59,-0.79,-0.079,1850000.0,793080000.0,0.00233,-1.02,-0.71,-0.79,0.24,False,0.08,0.7680180180180178,True,False,False,False,0,文化传媒,0,3,False,False,A,0.6,19.8,19.8,"{'gap': 0.0, 'volume': 0.0, 'trend': 0.54, 'position': 0.5, 'sector': 0.0, 'continuity': 0.3}",0.0,[],竞价涨幅 -0.79% 超出区间
002990,盛视科技,10.0,54.56,54.45,-0.2,-0.02,4170000.0,791960000.0,0.00527,-1.74,-1.92,-0.2,1.54,False,-1.72,0.49223556987987116,True,False,False,False,0,计算机设备,0,0,False,False,A,1.3,21.1,21.133333333333333,"{'gap': 0.0, 'volume': 0.0, 'trend': 0.757, 'position': 0.3, 'sector': 0.0, 'continuity': 0.3}",0.0,[],竞价涨幅 -0.20% 超出区间
301338,凯格精机,20.0,104.62,106.8,2.08,0.104,6040000.0,789540000.0,0.00765,0.17,0.94,2.08,1.91,True,-1.15,0.3648502345723566,True,True,False,False,0,专用设备,0,2,False,False,A,1.8,30.8,30.75,"{'gap': 0.053, 'volume': 0.0, 'trend': 0.809, 'position': 0.8, 'sector': 0.0, 'continuity': 0.3}",0.0,[],竞价量能 0.77%(量比≈1.8) 超出区间
301389,隆扬电子,20.0,61.8,61.04,-1.23,-0.061,5660000.0,787460000.0,0.00719,-0.16,-1.23,-1.23,-1.07,False,0.0,0.5435786043985881,True,False,False,False,0,消费电子,0,2,False,False,A,1.7,14.2,14.216666666666667,"{'gap': 0.0, 'volume': 0.0, 'trend': 0.411, 'position': 0.3, 'sector': 0.0, 'continuity': 0.3}",0.0,[],竞价涨幅 -1.23% 超出区间
301018,申菱环境,20.0,101.8,100.88,-0.9,-0.045,4140000.0,785410000.0,0.00527,-0.42,-1.77,-0.9,-0.48,False,-0.86,0.5947598253275108,False,False,False,False,0,通用设备,1,6,False,False,A,1.3,13.7,13.700000000000001,"{'gap': 0.0, 'volume': 0.0, 'trend': 0.46, 'position': 0.2, 'sector': 0.0, 'continuity': 0.3}",0.0,[],竞价涨幅 -0.90% 超出区间
001267,汇绿生态,10.0,37.81,37.6,-0.56,-0.056,2480000.0,783750000.0,0.00316,-0.56,-0.56,-0.56,0.0,True,0.0,0.5420466058763932,False,False,False,False,0,通信设备,0,1,False,False,A,0.8,14.5,14.500000000000002,"{'gap': 0.0, 'volume': 0.0, 'trend': 0.65, 'position': 0.0, 'sector': 0.0, 'continuity': 0.3}",0.0,[],竞价涨幅 -0.56% 超出区间
601949,中国出版,10.0,6.12,5.96,-2.61,-0.261,9260000.0,780350000.0,0.01187,-1.8,-2.94,-2.61,-0.82,False,-0.33,0.5956521739130436,False,False,False,False,0,文化传媒,0,3,False,False,A,2.8,14.9,14.886580151206152,"{'gap': 0.0, 'volume': 0.125, 'trend': 0.363, 'position': 0.2, 'sector': 0.0, 'continuity': 0.3}",0.0,[],竞价涨幅 -2.61% 超出区间
300691,联合光电,20.0,20.96,21.64,3.24,0.162,6900000.0,780300000.0,0.00884,-3.72,-3.72,3.24,6.97,True,-6.97,1.0,True,True,False,False,0,计算机设备,0,0,False,False,A,2.1,50.0,50.03333333333334,"{'gap': 0.827, 'volume': 0.0, 'trend': 1.0, 'position': 0.8, 'sector': 0.0, 'continuity': 0.3}",0.0,[],竞价量能 0.88%(量比≈2.1) 超出区间
300503,昊志机电,20.0,67.16,66.8,-0.54,-0.027,2490000.0,780250000.0,0.00319,-0.42,-0.42,-0.54,-0.12,False,0.12,0.19188940092165893,False,False,False,False,0,通用设备,1,6,False,False,B,0.8,19.1,19.104147465437794,"{'gap': 0.0, 'volume': 0.0, 'trend': 0.49, 'position': 0.52, 'sector': 0.0, 'continuity': 0.3}",0.0,[],竞价涨幅 -0.54% 超出区间
301369,联动科技,20.0,155.41,153.4,-1.29,-0.065,4110000.0,778970000.0,0.00528,0.89,-1.37,-1.29,-2.19,False,-0.08,0.35479523845174815,True,False,False,False,0,半导体,2,3,False,False,B,1.3,20.8,20.795178558059447,"{'gap': 0.0, 'volume': 0.0, 'trend': 0.318, 'position': 0.313, 'sector': 0.55, 'continuity': 0.3}",0.0,[],竞价涨幅 -1.29% 超出区间
003032,传智教育,10.0,9.26,8.89,-4.0,-0.4,15040000.0,777910000.0,0.01933,-8.21,-8.21,-4.0,4.21,True,-4.21,0.5156626506024097,False,False,False,False,0,教育,0,0,False,False,A,4.6,36.1,36.12755843540868,"{'gap': 0.0, 'volume': 0.585, 'trend': 1.0, 'position': 0.0, 'sector': 0.0, 'continuity': 0.3}",0.0,[],竞价涨幅 -4.00% 超出区间
300811,铂科新材,20.0,86.82,86.12,-0.81,-0.04,2490000.0,777760000.0,0.0032,0.0,-0.56,-0.81,-0.81,False,0.24,0.8473262032085559,True,False,False,False,0,金属新材料,0,1,False,False,A,0.8,17.6,17.65,"{'gap': 0.0, 'volume': 0.0, 'trend': 0.432, 'position': 0.5, 'sector': 0.0, 'continuity': 0.3}",0.0,[],竞价涨幅 -0.81% 超出区间
601133,柏诚股份,10.0,26.02,25.5,-2.0,-0.2,3350000.0,777670000.0,0.00431,-0.04,-1.61,-2.0,-1.96,False,0.38,0.25669781931464175,False,False,False,False,0,建筑装饰,0,2,False,False,B,1.0,10.3,10.340498442367602,"{'gap': 0.0, 'volume': 0.0, 'trend': 0.173, 'position': 0.358, 'sector': 0.0, 'continuity': 0.3}",0.0,[],竞价涨幅 -2.00% 超出区间
300939,秋田微,20.0,102.37,102.41,0.04,0.002,3740000.0,776760000.0,0.00481,-1.89,-2.32,0.04,1.92,False,-2.35,1.0,True,False,False,False,0,光学光电子,1,2,False,False,A,1.2,19.2,19.2,"{'gap': 0.0, 'volume': 0.0, 'trend': 0.66, 'position': 0.3, 'sector': 0.0, 'continuity': 0.3}",0.0,[],竞价涨幅 0.04% 超出区间
300077,国民技术,20.0,22.78,22.57,-0.92,-0.046,2120000.0,776680000.0,0.00273,-1.58,-1.01,-0.92,0.66,True,-0.09,0.47730398899587356,True,False,False,False,0,半导体,2,3,False,False,A,0.7,28.4,28.35,"{'gap': 0.0, 'volume': 0.0, 'trend': 0.705, 'position': 0.3, 'sector': 0.55, 'continuity': 0.3}",0.0,[],竞价涨幅 -0.92% 超出区间
002261,拓维信息,10.0,25.24,25.19,-0.2,-0.02,1560000.0,776400000.0,0.00201,0.0,0.0,-0.2,-0.2,False,0.2,0.07728894173602836,False,False,False,False,0,软件开发,0,0,False,False,B,0.5,22.9,22.93499801823227,"{'gap': 0.0, 'volume': 0.0, 'trend': 0.467, 'position': 0.807, 'sector': 0.0, 'continuity': 0.3}",0.0,[],竞价涨幅 -0.20% 超出区间
688019,安集科技,20.0,232.4,230.05,-1.01,-0.051,3600000.0,776100000.0,0.00464,0.0,-0.6,-1.01,-1.01,False,0.41,0.15144596651445974,False,False,False,False,0,电子化学品,0,0,False,False,B,1.1,19.1,19.137442922374426,"{'gap': 0.0, 'volume': 0.0, 'trend': 0.416, 'position': 0.621, 'sector': 0.0, 'continuity': 0.3}",0.0,[],竞价涨幅 -1.01% 超出区间
601919,中远海控,10.0,16.36,16.31,-0.31,-0.031,2580000.0,775270000.0,0.00333,-0.31,-0.24,-0.31,0.0,False,0.06,0.7494089834515363,False,False,False,False,0,港口航运,0,0,False,False,A,0.8,14.5,14.500000000000002,"{'gap': 0.0, 'volume': 0.0, 'trend': 0.5, 'position': 0.2, 'sector': 0.0, 'continuity': 0.3}",0.0,[],竞价涨幅 -0.31% 超出区间
688381,帝奥微,20.0,47.28,47.04,-0.51,-0.025,2700000.0,774740000.0,0.00349,2.58,1.52,-0.51,-3.09,False,2.03,0.9299798792756538,True,False,False,False,0,半导体,2,3,False,False,A,0.8,9.6,9.600000000000001,"{'gap': 0.0, 'volume': 0.0, 'trend': 0.242, 'position': 0.5, 'sector': 0.55, 'continuity': 0.3}",12.5,['竞价尾段走弱'],竞价涨幅 -0.51% 超出区间
300623,捷捷微电,20.0,34.99,34.95,-0.11,-0.006,3670000.0,774620000.0,0.00474,-1.31,-1.31,-0.11,1.2,True,-1.2,0.7121559633027524,True,False,False,False,0,半导体,2,3,False,False,A,1.1,32.3,32.25000000000001,"{'gap': 0.0, 'volume': 0.0, 'trend': 0.75, 'position': 0.5, 'sector': 0.55, 'continuity': 0.3}",0.0,[],竞价涨幅 -0.11% 超出区间
300497,富祥股份,20.0,19.99,19.96,-0.15,-0.008,1370000.0,773760000.0,0.00177,0.0,0.3,-0.15,-0.15,False,0.45,0.6104477611940294,True,False,False,False,0,化学制药,1,0,False,False,A,0.4,18.8,18.75,"{'gap': 0.0, 'volume': 0.0, 'trend': 0.487, 'position': 0.5, 'sector': 0.0, 'continuity': 0.3}",0.0,[],竞价涨幅 -0.15% 超出区间
601328,交通银行,10.0,7.52,7.55,0.4,0.04,4370000.0,771800000.0,0.00566,0.4,0.4,0.4,0.0,True,0.0,0.9099099099099095,False,False,False,False,0,银行,0,0,False,False,A,1.4,17.5,17.5,"{'gap': 0.0, 'volume': 0.0, 'trend': 0.65, 'position': 0.2, 'sector': 0.0, 'continuity': 0.3}",0.0,[],竞价涨幅 0.40% 超出区间
301122,采纳股份,20.0,61.3,61.1,-0.33,-0.016,9120000.0,770640000.0,0.01183,-5.38,-8.63,-0.33,5.06,False,-8.3,1.0,True,False,False,False,0,医疗器械,0,2,False,False,A,2.8,27.5,27.473589524259722,"{'gap': 0.0, 'volume': 0.122, 'trend': 0.922, 'position': 0.3, 'sector': 0.0, 'continuity': 0.3}",0.0,[],竞价涨幅 -0.33% 超出区间
001399,惠科股份,10.0,23.77,23.47,-1.26,-0.126,2560000.0,765080000.0,0.00335,-1.14,-1.14,-1.26,-0.13,False,0.13,0.15814463111760405,False,False,False,False,0,光学光电子,1,2,False,False,B,0.8,20.1,20.136242999756515,"{'gap': 0.0, 'volume': 0.0, 'trend': 0.478, 'position': 0.605, 'sector': 0.0, 'continuity': 0.3}",0.0,[],竞价涨幅 -1.26% 超出区间
600066,宇通客车,10.0,25.25,25.26,0.04,0.004,4920000.0,763920000.0,0.00644,0.4,0.04,0.04,-0.36,False,0.0,0.0,False,False,False,False,0,汽车整车,0,1,False,False,B,1.5,25.3,25.3,"{'gap': 0.0, 'volume': 0.0, 'trend': 0.44, 'position': 1.0, 'sector': 0.0, 'continuity': 0.3}",0.0,[],竞价涨幅 0.04% 超出区间
000425,徐工机械,10.0,7.23,7.21,-0.28,-0.028,2840000.0,762120000.0,0.00373,0.14,0.14,-0.28,-0.41,False,0.41,0.0,False,False,False,False,0,工程机械,0,0,False,False,B,0.9,25.1,25.133333333333336,"{'gap': 0.0, 'volume': 0.0, 'trend': 0.432, 'position': 1.0, 'sector': 0.0, 'continuity': 0.3}",0.0,[],竞价涨幅 -0.28% 超出区间
000532,华金资本,10.0,13.5,13.05,-3.33,-0.333,5320000.0,759810000.0,0.007,-3.7,-3.7,-3.33,0.37,True,-0.37,0.8299776286353469,True,False,False,False,0,多元金融,0,0,False,False,A,1.7,23.2,23.233333333333334,"{'gap': 0.0, 'volume': 0.0, 'trend': 0.712, 'position': 0.5, 'sector': 0.0, 'continuity': 0.3}",0.0,[],竞价涨幅 -3.33% 超出区间
000568,泸州老窖,10.0,72.11,71.69,-0.58,-0.058,3890000.0,757850000.0,0.00513,-0.11,-0.29,-0.58,-0.47,False,0.29,0.03103448275862047,False,False,False,False,0,白酒,0,0,False,False,B,1.2,23.8,23.769540229885067,"{'gap': 0.0, 'volume': 0.0, 'trend': 0.422, 'position': 0.922, 'sector': 0.0, 'continuity': 0.3}",0.0,[],竞价涨幅 -0.58% 超出区间
002631,德尔未来,10.0,13.6,13.55,-0.37,-0.037,12970000.0,757410000.0,0.01712,-0.37,-0.37,-0.37,0.0,True,0.0,0.9333333333333331,True,False,False,False,0,家居用品,1,1,False,False,A,4.1,33.8,33.762448750926765,"{'gap': 0.0, 'volume': 0.47, 'trend': 0.65, 'position': 0.5, 'sector': 0.0, 'continuity': 0.3}",0.0,[],竞价涨幅 -0.37% 超出区间
000815,美利云,10.0,15.82,15.6,-1.39,-0.139,4540000.0,755710000.0,0.00601,-2.02,-2.02,-1.39,0.63,True,-0.63,0.5401459854014601,False,False,False,False,0,通信服务,0,0,False,False,A,1.4,16.6,16.600000000000005,"{'gap': 0.0, 'volume': 0.0, 'trend': 0.755, 'position': 0.0, 'sector': 0.0, 'continuity': 0.3}",0.0,[],竞价涨幅 -1.39% 超出区间
000593,德龙汇能,10.0,24.19,23.41,-3.22,-0.322,6050000.0,753780000.0,0.00803,0.08,-2.85,-3.22,-3.31,False,0.37,0.7093397745571659,False,False,False,False,0,燃气,0,0,False,False,A,1.9,4.5,4.5,"{'gap': 0.0, 'volume': 0.0, 'trend': 0.0, 'position': 0.2, 'sector': 0.0, 'continuity': 0.3}",0.0,[],竞价涨幅 -3.22% 超出区间
688337,普源精电,20.0,57.18,58.0,1.43,0.072,16430000.0,753270000.0,0.02181,4.21,3.88,1.43,-2.78,False,2.45,0.6528952504879637,True,True,True,False,1,通用设备,1,6,False,False,A,5.2,29.6,29.592800873848795,"{'gap': 0.0, 'volume': 0.699, 'trend': 0.268, 'position': 1.0, 'sector': 0.0, 'continuity': 0.85}",12.5,['竞价尾段走弱'],竞价涨幅 1.43% 超出区间
002738,中矿资源,10.0,44.35,44.12,-0.52,-0.052,5910000.0,749170000.0,0.00789,-0.92,-1.47,-0.52,0.41,False,-0.95,0.020842982862436448,False,False,False,False,0,小金属,0,0,False,False,B,1.9,27.1,27.085054809325303,"{'gap': 0.0, 'volume': 0.0, 'trend': 0.568, 'position': 0.948, 'sector': 0.0, 'continuity': 0.3}",0.0,[],竞价涨幅 -0.52% 超出区间
605006,山东玻纤,10.0,16.79,16.63,-0.95,-0.095,2140000.0,749030000.0,0.00286,0.0,0.0,-0.95,-0.95,False,0.95,0.6175298804780873,False,False,False,False,0,建筑材料,0,2,False,False,A,0.7,11.3,11.333333333333334,"{'gap': 0.0, 'volume': 0.0, 'trend': 0.342, 'position': 0.2, 'sector': 0.0, 'continuity': 0.3}",0.0,[],竞价涨幅 -0.95% 超出区间
300363,博腾股份,20.0,25.25,25.19,-0.24,-0.012,6310000.0,747640000.0,0.00844,-1.78,-1.74,-0.24,1.54,True,-1.5,1.0,True,False,False,False,0,医疗服务,0,0,False,False,A,2.0,21.6,21.566666666666666,"{'gap': 0.0, 'volume': 0.0, 'trend': 0.778, 'position': 0.3, 'sector': 0.0, 'continuity': 0.3}",0.0,[],竞价涨幅 -0.24% 超出区间
300260,新莱应材,20.0,64.05,63.9,-0.23,-0.012,2750000.0,746440000.0,0.00368,-1.61,-0.39,-0.23,1.37,True,-0.16,0.4019323671497584,True,False,False,False,0,包装印刷,0,0,False,False,A,0.9,21.3,21.28333333333334,"{'gap': 0.0, 'volume': 0.0, 'trend': 0.764, 'position': 0.3, 'sector': 0.0, 'continuity': 0.3}",0.0,[],竞价涨幅 -0.23% 超出区间
688035,德邦科技,20.0,84.54,81.6,-3.48,-0.174,18990000.0,745910000.0,0.02546,-2.06,-7.29,-3.48,-1.42,False,-3.81,0.7022163704191355,True,False,False,False,0,电子化学品,0,0,True,False,A,6.1,37.8,37.761092126083,"{'gap': 0.0, 'volume': 0.845, 'trend': 0.382, 'position': 0.5, 'sector': 0.0, 'continuity': 0.3}",0.0,[],隔夜公告黑名单
601689,拓普集团,10.0,45.89,45.87,-0.04,-0.004,3820000.0,745160000.0,0.00513,0.24,0.04,-0.04,-0.28,False,0.09,0.1931707317073171,False,False,False,False,0,汽车零部件,0,2,False,False,B,1.2,18.3,18.32276422764228,"{'gap': 0.0, 'volume': 0.0, 'trend': 0.453, 'position': 0.517, 'sector': 0.0, 'continuity': 0.3}",0.0,[],竞价涨幅 -0.04% 超出区间
603236,移远通信,10.0,74.58,75.0,0.56,0.056,3500000.0,745140000.0,0.0047,1.23,0.9,0.56,-0.67,False,0.34,0.9491415613864591,True,False,False,False,0,通信设备,0,1,False,False,A,1.1,16.8,16.76666666666667,"{'gap': 0.0, 'volume': 0.0, 'trend': 0.388, 'position': 0.5, 'sector': 0.0, 'continuity': 0.3}",0.0,[],竞价涨幅 0.56% 超出区间
300657,弘信电子,20.0,37.2,37.2,0.0,0.0,3020000.0,743930000.0,0.00406,-0.81,-1.32,0.0,0.81,False,-1.32,0.6651943462897527,True,False,False,False,0,元件,0,2,False,False,A,1.0,20.4,20.35,"{'gap': 0.0, 'volume': 0.0, 'trend': 0.568, 'position': 0.5, 'sector': 0.0, 'continuity': 0.3}",0.0,[],竞价涨幅 0.00% 超出区间
301282,金禄电子,20.0,47.72,47.0,-1.51,-0.075,2000000.0,743370000.0,0.00269,-1.47,-1.63,-1.51,-0.04,False,-0.13,1.0,True,False,False,False,0,元件,0,2,False,False,A,0.6,15.9,15.933333333333334,"{'gap': 0.0, 'volume': 0.0, 'trend': 0.497, 'position': 0.3, 'sector': 0.0, 'continuity': 0.3}",0.0,[],竞价涨幅 -1.51% 超出区间
300499,高澜股份,20.0,36.02,35.74,-0.78,-0.039,1030000.0,743140000.0,0.00139,-0.03,-0.06,-0.78,-0.75,False,0.72,0.7406060606060609,True,False,False,False,0,专用设备,0,2,False,False,A,0.3,17.8,17.75,"{'gap': 0.0, 'volume': 0.0, 'trend': 0.438, 'position': 0.5, 'sector': 0.0, 'continuity': 0.3}",0.0,[],竞价涨幅 -0.78% 超出区间
600108,亚盛集团,10.0,4.27,4.32,1.17,0.117,4420000.0,741280000.0,0.00596,-0.23,0.47,1.17,1.41,True,-0.7,0.5017301038062283,False,False,False,False,0,种植业与林业,1,1,False,False,A,1.4,19.2,19.2,"{'gap': 0.0, 'volume': 0.0, 'trend': 0.885, 'position': 0.0, 'sector': 0.0, 'continuity': 0.3}",0.0,[],竞价涨幅 1.17% 超出区间
688135,利扬芯片,20.0,40.3,39.68,-1.54,-0.077,2460000.0,739980000.0,0.00332,-3.47,-3.47,-1.54,1.94,True,-1.94,0.8701022146507664,True,False,False,False,0,半导体,2,3,False,False,A,0.8,33.5,33.483333333333334,"{'gap': 0.0, 'volume': 0.0, 'trend': 0.812, 'position': 0.5, 'sector': 0.55, 'continuity': 0.3}",0.0,[],竞价涨幅 -1.54% 超出区间
300545,联得装备,20.0,29.6,29.11,-1.66,-0.083,6610000.0,738470000.0,0.00895,-3.34,-3.31,-1.66,1.69,True,-1.66,0.3002849002849004,False,False,False,False,0,光学光电子,1,2,False,False,B,2.1,21.1,21.0559829059829,"{'gap': 0.0, 'volume': 0.0, 'trend': 0.791, 'position': 0.249, 'sector': 0.0, 'continuity': 0.3}",0.0,[],竞价涨幅 -1.66% 超出区间
603738,泰晶科技,10.0,38.23,38.0,-0.6,-0.06,2900000.0,738040000.0,0.00393,-0.6,-0.89,-0.6,0.0,False,-0.29,0.3420155038759689,False,False,False,False,0,元件,0,2,False,False,B,0.9,13.7,13.674418604651168,"{'gap': 0.0, 'volume': 0.0, 'trend': 0.5, 'position': 0.145, 'sector': 0.0, 'continuity': 0.3}",0.0,[],竞价涨幅 -0.60% 超出区间
601211,国泰海通,10.0,17.67,17.55,-0.68,-0.068,4040000.0,735710000.0,0.00549,0.17,0.17,-0.68,-0.85,False,0.85,0.14457831325301312,False,False,False,False,0,证券,0,0,False,False,B,1.3,18.2,18.244979919678673,"{'gap': 0.0, 'volume': 0.0, 'trend': 0.358, 'position': 0.639, 'sector': 0.0, 'continuity': 0.3}",0.0,[],竞价涨幅 -0.68% 超出区间
300369,绿盟科技,20.0,9.27,9.31,0.43,0.022,6620000.0,735690000.0,0.009,0.86,2.16,0.43,-0.43,False,1.73,0.8599999999999999,True,False,False,False,0,软件开发,0,0,False,False,A,2.2,5.8,5.783333333333335,"{'gap': 0.0, 'volume': 0.0, 'trend': 0.464, 'position': 0.5, 'sector': 0.0, 'continuity': 0.3}",12.5,['竞价尾段走弱'],竞价涨幅 0.43% 超出区间
688385,复旦微电,20.0,60.87,60.5,-0.61,-0.03,2380000.0,734000000.0,0.00324,-0.11,-0.61,-0.61,-0.49,False,0.0,0.5276978417266186,True,False,False,False,0,半导体,2,3,False,False,A,0.8,23.4,23.433333333333334,"{'gap': 0.0, 'volume': 0.0, 'trend': 0.459, 'position': 0.3, 'sector': 0.55, 'continuity': 0.3}",0.0,[],竞价涨幅 -0.61% 超出区间
688293,奥浦迈,20.0,85.0,83.05,-2.29,-0.115,5110000.0,729780000.0,0.007,1.94,0.0,-2.29,-4.24,False,2.29,1.0,True,False,False,False,0,医疗服务,0,0,False,False,A,1.7,0.0,0.0,"{'gap': 0.0, 'volume': 0.0, 'trend': 0.147, 'position': 0.3, 'sector': 0.0, 'continuity': 0.3}",12.5,['竞价尾段走弱'],竞价涨幅 -2.29% 超出区间
601606,长城军工,10.0,32.07,32.1,0.09,0.009,2110000.0,727260000.0,0.0029,1.96,0.09,0.09,-1.87,False,0.0,0.6012269938650308,False,False,False,False,0,军工装备,0,0,False,False,A,0.7,8.3,8.266666666666666,"{'gap': 0.0, 'volume': 0.0, 'trend': 0.188, 'position': 0.2, 'sector': 0.0, 'continuity': 0.3}",0.0,[],竞价涨幅 0.09% 超出区间
002155,湖南黄金,10.0,24.82,24.44,-1.53,-0.153,12390000.0,726980000.0,0.01704,-0.24,-1.45,-1.53,-1.29,False,0.08,0.497549019607843,False,False,False,False,0,贵金属,0,0,False,False,A,4.1,18.9,18.851917163252246,"{'gap': 0.0, 'volume': 0.466, 'trend': 0.285, 'position': 0.0, 'sector': 0.0, 'continuity': 0.3}",0.0,[],竞价涨幅 -1.53% 超出区间
600360,华微电子,10.0,11.39,11.25,-1.23,-0.123,2520000.0,726670000.0,0.00347,-0.26,-0.7,-1.23,-0.97,False,0.53,0.2944862155388473,True,False,False,False,0,半导体,2,3,False,False,B,0.8,23.5,23.473433583959896,"{'gap': 0.0, 'volume': 0.0, 'trend': 0.338, 'position': 0.464, 'sector': 0.55, 'continuity': 0.3}",0.0,[],竞价涨幅 -1.23% 超出区间
300760,迈瑞医疗,20.0,155.46,155.12,-0.22,-0.011,3230000.0,724150000.0,0.00446,-0.23,-0.23,-0.22,0.01,True,-0.01,0.5464788732394371,False,False,False,False,0,医疗器械,0,2,False,False,A,1.1,14.5,14.516666666666666,"{'gap': 0.0, 'volume': 0.0, 'trend': 0.651, 'position': 0.0, 'sector': 0.0, 'continuity': 0.3}",0.0,[],竞价涨幅 -0.22% 超出区间
601360,三六零,10.0,9.03,9.03,0.0,0.0,2470000.0,723680000.0,0.00341,0.11,-0.22,0.0,-0.11,False,-0.22,0.45394736842105243,False,False,False,False,0,软件开发,0,0,False,False,A,0.8,11.1,11.133333333333335,"{'gap': 0.0, 'volume': 0.0, 'trend': 0.482, 'position': 0.0, 'sector': 0.0, 'continuity': 0.3}",0.0,[],竞价涨幅 0.00% 超出区间
920045,蘅东光,30.0,559.8,551.9,-1.41,-0.047,1868700.0,723175800.0,0.00258,-1.61,-1.35,-1.41,0.2,False,0.06,0.9290626522986949,False,False,False,False,0,通信设备,0,1,False,False,A,0.6,14.7,14.72222222222222,"{'gap': 0.0, 'volume': 0.0, 'trend': 0.511, 'position': 0.2, 'sector': 0.0, 'continuity': 0.3}",0.0,[],竞价涨幅 -1.41% 超出区间
000603,盛达资源,10.0,33.78,32.66,-3.32,-0.332,12460000.0,722650000.0,0.01724,-3.82,-3.82,-3.32,0.5,True,-0.5,0.7133427628477135,False,False,False,False,0,工业金属,0,1,False,False,A,4.1,31.1,31.093948107492743,"{'gap': 0.0, 'volume': 0.477, 'trend': 0.733, 'position': 0.2, 'sector': 0.0, 'continuity': 0.3}",0.0,[],竞价涨幅 -3.32% 超出区间
688209,英集芯,20.0,36.63,36.6,-0.08,-0.004,2030000.0,722300000.0,0.00281,1.01,0.0,-0.08,-1.09,False,0.08,0.9361111111111112,True,False,False,False,0,半导体,2,3,False,False,A,0.7,25.4,25.433333333333337,"{'gap': 0.0, 'volume': 0.0, 'trend': 0.409, 'position': 0.5, 'sector': 0.55, 'continuity': 0.3}",0.0,[],竞价涨幅 -0.08% 超出区间
300164,通源石油,20.0,8.92,9.13,2.35,0.118,12450000.0,721730000.0,0.01725,1.12,1.12,2.35,1.23,True,-1.23,0.27439024390243894,False,False,False,False,0,油气开采及服务,1,0,False,False,B,4.1,37.9,37.86799818932584,"{'gap': 0.233, 'volume': 0.478, 'trend': 0.753, 'position': 0.314, 'sector': 0.0, 'continuity': 0.3}",0.0,[],
300843,胜蓝股份,20.0,134.94,133.34,-1.19,-0.059,1490000.0,721060000.0,0.00207,0.0,-0.7,-1.19,-1.19,False,0.49,0.7006392045454544,True,False,False,False,0,消费电子,0,2,False,False,A,0.5,17.0,17.01666666666667,"{'gap': 0.0, 'volume': 0.0, 'trend': 0.401, 'position': 0.5, 'sector': 0.0, 'continuity': 0.3}",0.0,[],竞价涨幅 -1.19% 超出区间
688356,键凯科技,20.0,102.34,100.01,-2.28,-0.114,5040000.0,720330000.0,0.007,-2.29,-3.75,-2.28,0.01,False,-1.48,0.562517600675866,False,False,False,False,0,化学制药,1,0,False,False,A,1.7,14.5,14.516666666666666,"{'gap': 0.0, 'volume': 0.0, 'trend': 0.501, 'position': 0.2, 'sector': 0.0, 'continuity': 0.3}",0.0,[],竞价涨幅 -2.28% 超出区间
601012,隆基绿能,10.0,11.41,11.4,-0.09,-0.009,2880000.0,719900000.0,0.004,0.61,0.44,-0.09,-0.7,False,0.53,0.18340611353711794,False,False,False,False,0,光伏设备,0,1,False,False,B,1.0,17.3,17.288937409024747,"{'gap': 0.0, 'volume': 0.0, 'trend': 0.383, 'position': 0.541, 'sector': 0.0, 'continuity': 0.3}",0.0,[],竞价涨幅 -0.09% 超出区间
600967,内蒙一机,10.0,12.94,12.9,-0.31,-0.031,2380000.0,719360000.0,0.00331,-1.7,-1.62,-0.31,1.39,True,-1.31,0.5767634854771783,False,False,False,False,0,军工装备,0,0,False,False,A,0.8,22.1,22.133333333333333,"{'gap': 0.0, 'volume': 0.0, 'trend': 0.882, 'position': 0.2, 'sector': 0.0, 'continuity': 0.3}",0.0,[],竞价涨幅 -0.31% 超出区间
688807,优迅股份,20.0,361.32,356.0,-1.47,-0.074,4090000.0,718920000.0,0.00569,-1.47,-1.69,-1.47,0.0,False,-0.22,0.9153274896518139,True,False,False,False,0,半导体,2,3,False,False,A,1.4,27.3,27.250000000000004,"{'gap': 0.0, 'volume': 0.0, 'trend': 0.5, 'position': 0.5, 'sector': 0.55, 'continuity': 0.3}",0.0,[],竞价涨幅 -1.47% 超出区间
688545,兴福电子,20.0,79.19,78.25,-1.19,-0.059,1300000.0,718770000.0,0.00181,-0.96,-1.76,-1.19,-0.23,False,-0.57,0.2762172284644195,True,False,False,False,0,电子化学品,0,0,False,False,B,0.4,18.8,18.75852059925094,"{'gap': 0.0, 'volume': 0.0, 'trend': 0.481, 'position': 0.509, 'sector': 0.0, 'continuity': 0.3}",0.0,[],竞价涨幅 -1.19% 超出区间
688179,阿拉丁,20.0,24.13,24.66,2.2,0.11,7080000.0,718680000.0,0.00985,-4.19,0.04,2.2,6.38,True,-2.15,0.6639871382636656,True,False,False,False,0,化学制品,1,2,False,False,A,2.4,31.7,31.66666666666667,"{'gap': 0.133, 'volume': 0.0, 'trend': 1.0, 'position': 0.5, 'sector': 0.0, 'continuity': 0.3}",0.0,[],竞价量能 0.98%(量比≈2.4) 超出区间
000878,云南铜业,10.0,17.28,17.06,-1.27,-0.127,7140000.0,716220000.0,0.00997,-1.1,-1.33,-1.27,-0.17,False,-0.06,0.6779279279279281,False,False,False,False,0,工业金属,0,1,False,False,A,2.4,13.9,13.933333333333334,"{'gap': 0.0, 'volume': 0.0, 'trend': 0.472, 'position': 0.2, 'sector': 0.0, 'continuity': 0.3}",0.0,[],竞价涨幅 -1.27% 超出区间
002639,雪人集团,10.0,13.75,13.76,0.07,0.007,4130000.0,716030000.0,0.00577,-1.45,-0.73,0.07,1.53,True,-0.8,0.7303664921465969,True,False,False,False,0,通用设备,1,6,False,False,A,1.4,27.1,27.1,"{'gap': 0.0, 'volume': 0.0, 'trend': 0.905, 'position': 0.5, 'sector': 0.0, 'continuity': 0.3}",0.0,[],竞价涨幅 0.07% 超出区间
688122,西部超导,20.0,52.79,52.2,-1.12,-0.056,5000000.0,714530000.0,0.007,-0.02,-1.1,-1.12,-1.1,False,0.02,0.48415841584158414,True,False,False,False,0,军工装备,0,0,False,False,A,1.7,14.2,14.166666666666666,"{'gap': 0.0, 'volume': 0.0, 'trend': 0.408, 'position': 0.3, 'sector': 0.0, 'continuity': 0.3}",0.0,[],竞价涨幅 -1.12% 超出区间
688220,翱捷科技-U,20.0,99.68,98.98,-0.7,-0.035,1870000.0,713270000.0,0.00262,-1.2,-0.68,-0.7,0.5,False,0.02,0.31901519119958105,False,False,False,False,0,半导体,2,3,False,False,B,0.6,23.6,23.620263663349046,"{'gap': 0.0, 'volume': 0.0, 'trend': 0.542, 'position': 0.202, 'sector': 0.55, 'continuity': 0.3}",0.0,[],竞价涨幅 -0.70% 超出区间
688260,昀冢科技,20.0,116.37,115.21,-1.0,-0.05,3190000.0,713000000.0,0.00447,-2.03,-2.03,-1.0,1.03,True,-1.03,0.8116286438529786,True,False,False,False,0,消费电子,0,2,False,False,A,1.1,23.7,23.71666666666667,"{'gap': 0.0, 'volume': 0.0, 'trend': 0.736, 'position': 0.5, 'sector': 0.0, 'continuity': 0.3}",0.0,[],竞价涨幅 -1.00% 超出区间
601166,兴业银行,10.0,17.87,17.89,0.11,0.011,4250000.0,712720000.0,0.00596,0.34,0.34,0.11,-0.22,False,0.22,0.4114832535885165,False,False,False,False,0,银行,0,0,False,False,A,1.4,10.8,10.766666666666667,"{'gap': 0.0, 'volume': 0.0, 'trend': 0.463, 'position': 0.0, 'sector': 0.0, 'continuity': 0.3}",0.0,[],竞价涨幅 0.11% 超出区间
301319,唯特偶,20.0,99.29,98.46,-0.84,-0.042,2230000.0,710770000.0,0.00314,-1.51,-1.5,-0.84,0.67,True,-0.66,0.2035670356703567,False,False,False,False,0,电子化学品,0,0,False,False,B,0.8,23.0,22.98290282902829,"{'gap': 0.0, 'volume': 0.0, 'trend': 0.706, 'position': 0.491, 'sector': 0.0, 'continuity': 0.3}",0.0,[],竞价涨幅 -0.84% 超出区间
600010,包钢股份,10.0,2.12,2.11,-0.47,-0.047,3890000.0,709120000.0,0.00549,-0.47,-0.47,-0.47,0.0,True,0.0,0.2272727272727283,False,False,False,False,0,钢铁,0,0,False,False,B,1.3,21.0,20.977272727272688,"{'gap': 0.0, 'volume': 0.0, 'trend': 0.65, 'position': 0.432, 'sector': 0.0, 'continuity': 0.3}",0.0,[],竞价涨幅 -0.47% 超出区间
002897,意华股份,10.0,67.85,67.54,-0.46,-0.046,3430000.0,708780000.0,0.00484,-0.27,-1.31,-0.46,-0.19,False,-0.85,0.47031729785056287,True,False,False,False,0,通信设备,0,1,False,False,A,1.2,15.4,15.366666666666667,"{'gap': 0.0, 'volume': 0.0, 'trend': 0.468, 'position': 0.3, 'sector': 0.0, 'continuity': 0.3}",0.0,[],竞价涨幅 -0.46% 超出区间
688392,骄成超声,20.0,177.35,176.0,-0.76,-0.038,1180000.0,707700000.0,0.00167,0.02,0.08,-0.76,-0.78,False,0.85,0.48674046348650146,False,False,False,False,0,电池,2,1,False,False,A,0.4,14.0,13.950000000000001,"{'gap': 0.0, 'volume': 0.0, 'trend': 0.435, 'position': 0.0, 'sector': 0.25, 'continuity': 0.3}",0.0,[],竞价涨幅 -0.76% 超出区间
002734,利民股份,10.0,20.32,20.09,-1.13,-0.113,3610000.0,707490000.0,0.0051,-1.48,-1.08,-1.13,0.34,False,0.05,1.0,True,False,False,False,0,农化制品,0,0,False,False,A,1.2,17.1,17.133333333333333,"{'gap': 0.0, 'volume': 0.0, 'trend': 0.557, 'position': 0.3, 'sector': 0.0, 'continuity': 0.3}",0.0,[],竞价涨幅 -1.13% 超出区间
603296,华勤技术,10.0,79.89,80.2,0.39,0.039,3660000.0,707150000.0,0.00518,0.1,0.31,0.39,0.29,True,-0.08,0.5551707075705098,False,False,False,False,0,消费电子,0,2,False,False,A,1.2,18.5,18.46666666666667,"{'gap': 0.0, 'volume': 0.0, 'trend': 0.698, 'position': 0.2, 'sector': 0.0, 'continuity': 0.3}",0.0,[],竞价涨幅 0.39% 超出区间
601118,海南橡胶,10.0,6.66,6.66,0.0,0.0,3660000.0,706910000.0,0.00518,0.6,0.45,0.0,-0.6,False,0.45,0.5779036827195467,False,False,False,False,0,种植业与林业,1,1,False,False,A,1.2,12.5,12.5,"{'gap': 0.0, 'volume': 0.0, 'trend': 0.4, 'position': 0.2, 'sector': 0.0, 'continuity': 0.3}",0.0,[],竞价涨幅 0.00% 超出区间
002531,天顺风能,10.0,7.16,7.11,-0.7,-0.07,2720000.0,705880000.0,0.00385,-0.84,-0.84,-0.7,0.14,True,-0.14,0.4516129032258066,True,False,False,False,0,风电设备,0,0,False,False,A,0.9,19.5,19.466666666666672,"{'gap': 0.0, 'volume': 0.0, 'trend': 0.673, 'position': 0.3, 'sector': 0.0, 'continuity': 0.3}",0.0,[],竞价涨幅 -0.70% 超出区间
688331,荣昌生物,20.0,124.75,123.3,-1.16,-0.058,3070000.0,703740000.0,0.00436,-0.6,-0.86,-1.16,-0.56,False,0.3,0.42091087169441715,False,False,False,False,0,生物制品,1,0,False,False,A,1.0,10.6,10.566666666666666,"{'gap': 0.0, 'volume': 0.0, 'trend': 0.453, 'position': 0.0, 'sector': 0.0, 'continuity': 0.3}",0.0,[],竞价涨幅 -1.16% 超出区间
002328,新朋股份,10.0,8.92,8.7,-2.47,-0.247,5900000.0,703360000.0,0.00839,-0.22,-3.03,-2.47,-2.24,False,-0.56,0.6982097186700768,False,False,False,False,0,汽车零部件,0,2,False,False,A,2.0,7.0,7.033333333333333,"{'gap': 0.0, 'volume': 0.0, 'trend': 0.127, 'position': 0.2, 'sector': 0.0, 'continuity': 0.3}",0.0,[],竞价涨幅 -2.47% 超出区间
603316,诚邦股份,10.0,17.27,16.9,-2.14,-0.214,10640000.0,701970000.0,0.01516,-3.82,-3.82,-2.14,1.68,True,-1.68,0.5704433497536946,True,False,False,False,0,半导体,2,3,False,False,A,3.6,44.7,44.7431841345765,"{'gap': 0.0, 'volume': 0.356, 'trend': 0.93, 'position': 0.5, 'sector': 0.55, 'continuity': 0.3}",0.0,[],竞价涨幅 -2.14% 超出区间
688596,正帆科技,20.0,66.8,66.82,0.03,0.001,1280000.0,701290000.0,0.00183,-0.06,-1.03,0.03,0.09,False,-1.06,0.6484801247077162,False,False,False,False,0,专用设备,0,2,False,False,A,0.4,14.7,14.650000000000002,"{'gap': 0.0, 'volume': 0.0, 'trend': 0.507, 'position': 0.2, 'sector': 0.0, 'continuity': 0.3}",0.0,[],竞价涨幅 0.03% 超出区间
002432,九安医疗,10.0,63.33,63.22,-0.17,-0.017,2920000.0,701030000.0,0.00417,0.27,0.27,-0.17,-0.44,False,0.44,0.30327245053272445,False,False,False,False,0,医疗器械,0,2,False,False,B,1.0,13.7,13.660616438356165,"{'gap': 0.0, 'volume': 0.0, 'trend': 0.427, 'position': 0.242, 'sector': 0.0, 'continuity': 0.3}",0.0,[],竞价涨幅 -0.17% 超出区间
688710,益诺思,20.0,104.77,101.97,-2.67,-0.134,2750000.0,699430000.0,0.00393,0.69,-2.98,-2.67,-3.36,False,-0.31,1.0,True,False,False,False,0,医疗服务,0,0,False,False,A,0.9,10.4,10.4,"{'gap': 0.0, 'volume': 0.0, 'trend': 0.22, 'position': 0.3, 'sector': 0.0, 'continuity': 0.3}",0.0,[],竞价涨幅 -2.67% 超出区间
601888,中国中免,10.0,52.19,52.0,-0.36,-0.036,4490000.0,699030000.0,0.00642,-0.1,-0.27,-0.36,-0.27,False,0.1,0.1785216178521619,False,False,False,False,0,零售,0,1,False,False,B,1.5,18.9,18.90543933054393,"{'gap': 0.0, 'volume': 0.0, 'trend': 0.455, 'position': 0.554, 'sector': 0.0, 'continuity': 0.3}",0.0,[],竞价涨幅 -0.36% 超出区间
300139,晓程科技,20.0,46.88,46.5,-0.81,-0.041,12180000.0,698370000.0,0.01744,-0.09,-1.58,-0.81,-0.73,False,-0.77,0.5416333066453164,False,False,False,False,0,贵金属,0,0,False,False,A,4.2,22.5,22.482802922334955,"{'gap': 0.0, 'volume': 0.488, 'trend': 0.439, 'position': 0.0, 'sector': 0.0, 'continuity': 0.3}",0.0,[],竞价涨幅 -0.81% 超出区间
603221,爱丽家居,10.0,32.69,32.57,-0.37,-0.037,10490000.0,697720000.0,0.01503,-2.08,-3.61,-0.37,1.71,False,-3.24,0.9641517298874531,True,False,False,False,0,家居用品,1,1,False,False,A,3.6,30.4,30.389950112134006,"{'gap': 0.0, 'volume': 0.348, 'trend': 0.785, 'position': 0.3, 'sector': 0.0, 'continuity': 0.3}",0.0,[],竞价涨幅 -0.37% 超出区间
002655,共达电声,10.0,39.61,39.12,-1.24,-0.124,2480000.0,696340000.0,0.00356,-1.49,-1.51,-1.24,0.25,False,-0.28,0.8837433671008199,False,False,False,False,0,消费电子,0,2,False,False,A,0.9,15.3,15.333333333333332,"{'gap': 0.0, 'volume': 0.0, 'trend': 0.542, 'position': 0.2, 'sector': 0.0, 'continuity': 0.3}",0.0,[],竞价涨幅 -1.24% 超出区间
300739,明阳电路,20.0,31.89,31.51,-1.19,-0.06,2210000.0,695200000.0,0.00318,-1.22,-1.51,-1.19,0.03,False,-0.31,0.9324227174694466,True,False,False,False,0,元件,0,2,False,False,A,0.8,19.1,19.05,"{'gap': 0.0, 'volume': 0.0, 'trend': 0.502, 'position': 0.5, 'sector': 0.0, 'continuity': 0.3}",0.0,[],竞价涨幅 -1.19% 超出区间
002493,荣盛石化,10.0,13.55,13.42,-0.96,-0.096,2130000.0,694510000.0,0.00307,-1.03,-1.03,-0.96,0.07,True,-0.07,0.6258823529411766,False,False,False,False,0,石油加工贸易,0,0,False,False,A,0.7,17.7,17.733333333333334,"{'gap': 0.0, 'volume': 0.0, 'trend': 0.662, 'position': 0.2, 'sector': 0.0, 'continuity': 0.3}",0.0,[],竞价涨幅 -0.96% 超出区间
600744,华银电力,10.0,6.18,6.18,0.0,0.0,2130000.0,694490000.0,0.00307,0.16,0.16,0.0,-0.16,False,0.16,0.32307692307692293,False,False,False,False,0,电力,0,0,False,False,B,0.7,13.9,13.85128205128206,"{'gap': 0.0, 'volume': 0.0, 'trend': 0.473, 'position': 0.192, 'sector': 0.0, 'continuity': 0.3}",0.0,[],竞价涨幅 0.00% 超出区间
000572,海马汽车,10.0,4.02,3.95,-1.74,-0.174,6350000.0,692970000.0,0.00916,-1.0,-1.24,-1.74,-0.75,False,0.5,0.6530612244897953,True,False,False,False,0,汽车整车,0,1,False,False,A,2.2,16.5,16.500000000000004,"{'gap': 0.0, 'volume': 0.0, 'trend': 0.375, 'position': 0.5, 'sector': 0.0, 'continuity': 0.3}",0.0,[],竞价涨幅 -1.74% 超出区间
688428,诺诚健华,20.0,33.4,33.14,-0.78,-0.039,3680000.0,692900000.0,0.00531,0.0,-1.23,-0.78,-0.78,False,-0.45,1.0,False,False,False,False,0,生物制品,1,0,False,False,A,1.3,10.2,10.200000000000001,"{'gap': 0.0, 'volume': 0.0, 'trend': 0.435, 'position': 0.0, 'sector': 0.0, 'continuity': 0.3}",0.0,[],竞价涨幅 -0.78% 超出区间
688020,方邦股份,20.0,157.62,157.54,-0.05,-0.003,3860000.0,691150000.0,0.00558,-0.77,-1.66,-0.05,0.72,False,-1.61,0.42191708823336177,True,False,False,False,0,电子化学品,0,0,False,False,A,1.3,17.2,17.200000000000003,"{'gap': 0.0, 'volume': 0.0, 'trend': 0.56, 'position': 0.3, 'sector': 0.0, 'continuity': 0.3}",0.0,[],竞价涨幅 -0.05% 超出区间
300085,银之杰,20.0,31.28,30.88,-1.28,-0.064,5850000.0,691090000.0,0.00846,-0.22,-4.0,-1.28,-1.05,False,-2.72,0.5232558139534886,False,False,False,False,0,软件开发,0,0,False,False,A,2.0,9.8,9.75,"{'gap': 0.0, 'volume': 0.0, 'trend': 0.412, 'position': 0.0, 'sector': 0.0, 'continuity': 0.3}",0.0,[],竞价涨幅 -1.28% 超出区间
600919,江苏银行,10.0,12.07,12.07,0.0,0.0,980000.0,689780000.0,0.00142,-0.17,-0.08,0.0,0.17,True,-0.08,0.6428571428571433,False,False,False,False,0,银行,0,0,False,False,A,0.3,18.1,18.06666666666667,"{'gap': 0.0, 'volume': 0.0, 'trend': 0.678, 'position': 0.2, 'sector': 0.0, 'continuity': 0.3}",0.0,[],竞价涨幅 0.00% 超出区间
002245,蔚蓝锂芯,10.0,16.86,16.74,-0.71,-0.071,1270000.0,688670000.0,0.00184,0.0,0.0,-0.71,-0.71,False,0.71,0.23999999999999996,False,False,False,False,0,电池,2,1,False,False,B,0.4,18.9,18.883333333333336,"{'gap': 0.0, 'volume': 0.0, 'trend': 0.382, 'position': 0.4, 'sector': 0.25, 'continuity': 0.3}",0.0,[],竞价涨幅 -0.71% 超出区间
002426,胜利精密,10.0,2.96,2.95,-0.34,-0.034,47170000.0,687820000.0,0.06858,9.8,9.12,-0.34,-10.14,False,9.46,0.41134751773049644,False,False,True,False,1,消费电子,0,2,False,False,A,16.5,0.0,0.0,"{'gap': 0.0, 'volume': 0.0, 'trend': 0.0, 'position': 0.0, 'sector': 0.0, 'continuity': 0.85}",12.5,['竞价尾段走弱'],竞价涨幅 -0.34% 超出区间
600406,国电南瑞,10.0,22.38,22.3,-0.36,-0.036,2610000.0,684810000.0,0.00381,0.04,-0.09,-0.36,-0.4,False,0.27,0.20648967551622394,False,False,False,False,0,电网设备,0,0,False,False,B,0.9,17.4,17.423303834808273,"{'gap': 0.0, 'volume': 0.0, 'trend': 0.433, 'position': 0.484, 'sector': 0.0, 'continuity': 0.3}",0.0,[],竞价涨幅 -0.36% 超出区间
300170,汉得信息,20.0,15.7,15.61,-0.57,-0.029,2140000.0,680930000.0,0.00314,-0.57,-0.57,-0.57,0.0,True,0.0,0.4196428571428569,False,False,False,False,0,IT服务,0,1,False,False,A,0.8,14.5,14.500000000000002,"{'gap': 0.0, 'volume': 0.0, 'trend': 0.65, 'position': 0.0, 'sector': 0.0, 'continuity': 0.3}",0.0,[],竞价涨幅 -0.57% 超出区间
600188,兖矿能源,10.0,19.77,19.85,0.4,0.04,1590000.0,678680000.0,0.00234,0.05,0.0,0.4,0.35,False,-0.4,0.33848797250859086,False,False,False,False,0,煤炭开采加工,0,0,False,False,B,0.6,15.0,14.973367697594513,"{'gap': 0.0, 'volume': 0.0, 'trend': 0.558, 'position': 0.154, 'sector': 0.0, 'continuity': 0.3}",0.0,[],竞价涨幅 0.40% 超出区间
600879,航天电子,10.0,14.3,14.31,0.07,0.007,1930000.0,677830000.0,0.00285,0.07,0.07,0.07,0.0,True,0.0,0.02915766738660922,True,False,False,False,0,军工装备,0,0,False,False,B,0.7,29.5,29.500000000000004,"{'gap': 0.0, 'volume': 0.0, 'trend': 0.65, 'position': 1.0, 'sector': 0.0, 'continuity': 0.3}",0.0,[],竞价涨幅 0.07% 超出区间
002467,二六三,10.0,4.86,4.82,-0.82,-0.082,6990000.0,677800000.0,0.01031,-1.65,-1.65,-0.82,0.82,True,-0.82,0.7127659574468088,False,False,False,False,0,通信服务,0,0,False,False,A,2.5,20.2,20.233333333333338,"{'gap': 0.0, 'volume': 0.0, 'trend': 0.787, 'position': 0.2, 'sector': 0.0, 'continuity': 0.3}",0.0,[],竞价涨幅 -0.82% 超出区间
605088,冠盛股份,10.0,25.91,25.1,-3.13,-0.313,8290000.0,675850000.0,0.01227,-0.12,-4.59,-3.13,-3.01,False,-1.47,0.5436573311367382,True,False,False,True,0,汽车零部件,0,2,False,False,A,2.9,0.0,0.0,"{'gap': 0.0, 'volume': 0.156, 'trend': 0.0, 'position': 0.3, 'sector': 0.0, 'continuity': 0.3}",15.0,['昨日炸板'],竞价涨幅 -3.13% 超出区间
688783,西安奕材-U,20.0,30.0,30.95,3.17,0.158,21180000.0,672620000.0,0.03149,2.57,2.47,3.17,0.6,False,-0.7,0.1740412979351032,False,False,False,False,0,半导体,2,3,False,False,B,7.6,69.3,69.33872479292586,"{'gap': 0.78, 'volume': 0.981, 'trend': 0.55, 'position': 0.565, 'sector': 0.55, 'continuity': 0.3}",0.0,[],
002564,天沃科技,10.0,5.49,5.41,-1.46,-0.146,40230000.0,668610000.0,0.06017,-10.02,-10.02,-1.46,8.56,True,-8.56,1.0,True,False,False,True,0,专用设备,0,2,False,False,A,14.4,0.0,0.0,"{'gap': 0.0, 'volume': 0.0, 'trend': 1.0, 'position': 0.3, 'sector': 0.0, 'continuity': 0.3}",45.0,"['高位极端放量', '昨日炸板']",竞价涨幅 -1.46% 超出区间
603042,华脉科技,10.0,17.03,16.96,-0.41,-0.041,5170000.0,667630000.0,0.00774,0.0,-3.11,-0.41,-0.41,False,-2.7,0.7619047619047619,True,False,False,False,0,通信设备,0,1,False,False,A,1.9,17.6,17.633333333333333,"{'gap': 0.0, 'volume': 0.0, 'trend': 0.432, 'position': 0.5, 'sector': 0.0, 'continuity': 0.3}",0.0,[],竞价涨幅 -0.41% 超出区间
300291,百纳千成,20.0,5.97,5.92,-0.84,-0.042,4670000.0,664820000.0,0.00702,-0.84,-0.84,-0.84,0.0,True,0.0,1.0,True,False,False,False,0,影视院线,0,0,False,False,A,1.7,19.0,19.0,"{'gap': 0.0, 'volume': 0.0, 'trend': 0.65, 'position': 0.3, 'sector': 0.0, 'continuity': 0.3}",0.0,[],竞价涨幅 -0.84% 超出区间
002104,恒宝股份,10.0,10.93,10.85,-0.73,-0.073,5010000.0,663660000.0,0.00755,-1.19,-0.73,-0.73,0.46,True,0.0,0.3772455089820359,False,False,False,False,0,通信设备,0,1,False,False,B,1.8,16.9,16.886626746506987,"{'gap': 0.0, 'volume': 0.0, 'trend': 0.727, 'position': 0.057, 'sector': 0.0, 'continuity': 0.3}",0.0,[],竞价涨幅 -0.73% 超出区间
600616,金枫酒业,10.0,5.38,5.24,-2.6,-0.26,15620000.0,660940000.0,0.02363,0.0,-5.95,-2.6,-2.6,False,-3.35,1.0,True,False,False,True,0,饮料制造,1,0,False,False,A,5.7,11.7,11.700848235758617,"{'gap': 0.0, 'volume': 0.775, 'trend': 0.067, 'position': 0.3, 'sector': 0.0, 'continuity': 0.3}",15.0,['昨日炸板'],竞价涨幅 -2.60% 超出区间
300358,楚天科技,20.0,9.7,9.69,-0.1,-0.005,3350000.0,658770000.0,0.00509,1.65,0.1,-0.1,-1.75,False,0.21,1.0,False,False,False,False,0,医疗器械,0,2,False,False,A,1.2,8.6,8.583333333333334,"{'gap': 0.0, 'volume': 0.0, 'trend': 0.354, 'position': 0.0, 'sector': 0.0, 'continuity': 0.3}",0.0,[],竞价涨幅 -0.10% 超出区间
300323,华灿光电,20.0,11.99,11.86,-1.08,-0.054,4240000.0,658220000.0,0.00644,-0.75,-1.58,-1.08,-0.33,False,-0.5,0.18691588785046728,False,False,False,False,0,光学光电子,1,2,False,False,B,1.5,18.9,18.940654205607476,"{'gap': 0.0, 'volume': 0.0, 'trend': 0.472, 'position': 0.533, 'sector': 0.0, 'continuity': 0.3}",0.0,[],竞价涨幅 -1.08% 超出区间
300990,同飞股份,20.0,107.95,108.0,0.05,0.002,2580000.0,652070000.0,0.00396,0.99,1.15,0.05,-0.94,False,1.1,0.7926443667831586,False,False,False,False,0,通用设备,1,6,False,False,A,1.0,12.9,12.933333333333335,"{'gap': 0.0, 'volume': 0.0, 'trend': 0.422, 'position': 0.2, 'sector': 0.0, 'continuity': 0.3}",0.0,[],竞价涨幅 0.05% 超出区间
002443,金洲管道,10.0,13.37,13.34,-0.22,-0.022,4440000.0,650670000.0,0.00682,-1.27,-1.27,-0.22,1.05,True,-1.05,0.9220563847429518,True,False,False,False,0,钢铁,0,0,False,False,A,1.6,25.5,25.500000000000007,"{'gap': 0.0, 'volume': 0.0, 'trend': 0.825, 'position': 0.5, 'sector': 0.0, 'continuity': 0.3}",0.0,[],竞价涨幅 -0.22% 超出区间
301085,亚康股份,20.0,87.67,87.47,-0.23,-0.011,3290000.0,650490000.0,0.00506,0.38,-0.5,-0.23,-0.6,False,-0.27,1.0,True,False,False,False,0,IT服务,0,1,False,False,A,1.2,15.0,15.000000000000002,"{'gap': 0.0, 'volume': 0.0, 'trend': 0.45, 'position': 0.3, 'sector': 0.0, 'continuity': 0.3}",0.0,[],竞价涨幅 -0.23% 超出区间
300785,值得买,20.0,36.23,35.85,-1.05,-0.052,3100000.0,650210000.0,0.00477,-0.63,-0.63,-1.05,-0.41,False,0.41,0.4662857142857141,False,False,False,False,0,文化传媒,0,3,False,False,A,1.1,10.8,10.816666666666668,"{'gap': 0.0, 'volume': 0.0, 'trend': 0.466, 'position': 0.0, 'sector': 0.0, 'continuity': 0.3}",0.0,[],竞价涨幅 -1.05% 超出区间
688079,美迪凯,20.0,18.06,17.7,-1.99,-0.1,5720000.0,650130000.0,0.0088,-0.39,-1.44,-1.99,-1.61,False,0.55,0.40279720279720266,True,False,False,False,0,光学光电子,1,2,False,False,A,2.1,13.3,13.316666666666666,"{'gap': 0.0, 'volume': 0.0, 'trend': 0.366, 'position': 0.3, 'sector': 0.0, 'continuity': 0.3}",0.0,[],竞价涨幅 -1.99% 超出区间
300491,通合科技,20.0,37.12,36.62,-1.35,-0.067,1730000.0,646990000.0,0.00267,-2.07,-1.64,-1.35,0.73,True,-0.3,0.9423666462293069,True,False,False,False,0,其他电源设备,0,0,False,False,A,0.6,23.2,23.21666666666667,"{'gap': 0.0, 'volume': 0.0, 'trend': 0.711, 'position': 0.5, 'sector': 0.0, 'continuity': 0.3}",0.0,[],竞价涨幅 -1.35% 超出区间
300911,亿田智能,20.0,36.24,35.88,-0.99,-0.05,4420000.0,646100000.0,0.00684,-0.47,-3.39,-0.99,-0.52,False,-2.4,1.0,True,False,False,False,0,厨卫电器,0,0,False,False,A,1.6,15.1,15.133333333333333,"{'gap': 0.0, 'volume': 0.0, 'trend': 0.457, 'position': 0.3, 'sector': 0.0, 'continuity': 0.3}",0.0,[],竞价涨幅 -0.99% 超出区间
002212,天融信,10.0,7.06,7.1,0.57,0.057,2830000.0,645270000.0,0.00439,1.27,1.27,0.57,-0.71,False,0.71,0.716,True,False,False,False,0,软件开发,0,0,False,False,A,1.1,16.6,16.633333333333333,"{'gap': 0.0, 'volume': 0.0, 'trend': 0.382, 'position': 0.5, 'sector': 0.0, 'continuity': 0.3}",0.0,[],竞价涨幅 0.57% 超出区间
603636,南威软件,10.0,8.81,8.21,-6.81,-0.681,43380000.0,642500000.0,0.06752,9.88,-5.79,-6.81,-16.69,False,1.02,1.0,True,False,True,False,3,IT服务,0,1,False,False,A,16.2,0.0,0.0,"{'gap': 0.0, 'volume': 0.0, 'trend': 0.0, 'position': 0.3, 'sector': 0.0, 'continuity': 0.6}",30.0,"['高位极端放量', '3连板 高位']",竞价涨幅 -6.81% 超出区间
002181,粤 传 媒,10.0,9.12,9.12,0.0,0.0,3340000.0,642050000.0,0.0052,-2.41,-2.19,0.0,2.41,True,-2.19,0.5634328358208953,True,False,False,False,0,文化传媒,0,3,False,False,A,1.2,29.0,29.000000000000004,"{'gap': 0.0, 'volume': 0.0, 'trend': 1.0, 'position': 0.5, 'sector': 0.0, 'continuity': 0.3}",0.0,[],竞价涨幅 0.00% 超出区间
300244,迪安诊断,20.0,21.07,21.0,-0.33,-0.017,2950000.0,641730000.0,0.0046,-1.47,-1.76,-0.33,1.14,False,-1.42,0.9800724637681161,True,False,False,False,0,医疗服务,0,0,False,False,A,1.1,17.9,17.9,"{'gap': 0.0, 'volume': 0.0, 'trend': 0.595, 'position': 0.3, 'sector': 0.0, 'continuity': 0.3}",0.0,[],竞价涨幅 -0.33% 超出区间
600325,华发股份,10.0,2.8,2.76,-1.43,-0.143,14020000.0,638600000.0,0.02195,-1.43,-5.0,-1.43,0.0,False,-3.57,0.9649122807017544,True,False,False,False,0,房地产,0,3,False,False,A,5.3,33.6,33.62713029435918,"{'gap': 0.0, 'volume': 0.705, 'trend': 0.5, 'position': 0.3, 'sector': 0.0, 'continuity': 0.3}",0.0,[],竞价涨幅 -1.43% 超出区间
002146,荣盛发展,10.0,1.27,1.25,-1.57,-0.157,19630000.0,635560000.0,0.03089,-2.36,-2.36,-1.57,0.79,True,-0.79,1.0,False,False,False,True,0,房地产,0,3,False,False,A,7.4,26.8,26.840982080649987,"{'gap': 0.0, 'volume': 0.988, 'trend': 0.782, 'position': 0.0, 'sector': 0.0, 'continuity': 0.3}",15.0,['昨日炸板'],竞价涨幅 -1.57% 超出区间
688365,光云科技,20.0,16.5,16.2,-1.82,-0.091,3330000.0,634150000.0,0.00525,-0.18,-0.73,-1.82,-1.64,False,1.09,0.9506172839506174,False,False,False,False,0,IT服务,0,1,False,False,A,1.3,8.8,8.766666666666667,"{'gap': 0.0, 'volume': 0.0, 'trend': 0.363, 'position': 0.0, 'sector': 0.0, 'continuity': 0.3}",0.0,[],竞价涨幅 -1.82% 超出区间
600448,华纺股份,10.0,3.26,3.24,-0.61,-0.061,14070000.0,633610000.0,0.02221,-3.99,-3.99,-0.61,3.37,True,-3.37,0.5909090909090907,True,False,False,False,0,纺织制造,0,1,False,False,A,5.3,46.9,46.90501381394998,"{'gap': 0.0, 'volume': 0.716, 'trend': 1.0, 'position': 0.5, 'sector': 0.0, 'continuity': 0.3}",0.0,[],竞价涨幅 -0.61% 超出区间
603626,科森科技,10.0,22.88,23.2,1.4,0.14,15530000.0,632460000.0,0.02455,1.01,2.93,1.4,0.39,False,1.53,0.9523389232127094,True,False,False,False,0,消费电子,0,2,False,False,A,5.9,25.1,25.0688521398663,"{'gap': 0.0, 'volume': 0.811, 'trend': 0.565, 'position': 0.3, 'sector': 0.0, 'continuity': 0.3}",12.5,['竞价尾段走弱'],竞价涨幅 1.40% 超出区间
300468,四方精创,20.0,21.93,21.87,-0.27,-0.014,4270000.0,631740000.0,0.00676,-1.64,-1.92,-0.27,1.37,False,-1.64,0.3824833702882483,False,False,False,False,0,软件开发,0,0,False,False,B,1.6,14.4,14.440206947524025,"{'gap': 0.0, 'volume': 0.0, 'trend': 0.614, 'position': 0.044, 'sector': 0.0, 'continuity': 0.3}",0.0,[],竞价涨幅 -0.27% 超出区间
605258,协和电子,10.0,43.65,43.65,0.0,0.0,8450000.0,630360000.0,0.01341,-0.5,-0.02,0.0,0.5,True,-0.02,1.0,True,False,False,False,0,元件,0,2,False,False,A,3.2,26.7,26.665272305538444,"{'gap': 0.0, 'volume': 0.24, 'trend': 0.733, 'position': 0.3, 'sector': 0.0, 'continuity': 0.3}",0.0,[],竞价涨幅 0.00% 超出区间
002077,大港股份,10.0,14.19,13.91,-1.97,-0.197,3040000.0,630050000.0,0.00483,-1.48,-1.97,-1.97,-0.49,False,0.0,0.3310810810810811,True,False,False,False,0,半导体,2,3,False,False,B,1.2,23.7,23.70112612612613,"{'gap': 0.0, 'volume': 0.0, 'trend': 0.418, 'position': 0.372, 'sector': 0.55, 'continuity': 0.3}",0.0,[],竞价涨幅 -1.97% 超出区间
688478,晶升股份,20.0,53.18,52.25,-1.75,-0.087,2900000.0,623820000.0,0.00465,-1.64,-2.2,-1.75,-0.11,False,-0.45,0.37003519356460535,True,False,False,False,0,半导体,2,3,False,False,B,1.1,23.7,23.69034690799397,"{'gap': 0.0, 'volume': 0.0, 'trend': 0.491, 'position': 0.275, 'sector': 0.55, 'continuity': 0.3}",0.0,[],竞价涨幅 -1.75% 超出区间
301630,同宇新材,20.0,219.54,219.6,0.03,0.001,7090000.0,623000000.0,0.01138,0.0,0.0,0.03,0.03,True,-0.03,0.853964757709251,True,False,False,False,0,电子化学品,0,0,False,False,A,2.7,24.2,24.175078786545377,"{'gap': 0.0, 'volume': 0.085, 'trend': 0.652, 'position': 0.5, 'sector': 0.0, 'continuity': 0.3}",0.0,[],竞价涨幅 0.03% 超出区间
002669,康达新材,10.0,14.52,14.46,-0.41,-0.041,6710000.0,622660000.0,0.01078,-1.93,-2.0,-0.41,1.52,False,-1.58,0.515,True,False,False,False,0,化学制品,1,2,False,False,A,2.6,21.9,21.91353859209435,"{'gap': 0.0, 'volume': 0.034, 'trend': 0.753, 'position': 0.3, 'sector': 0.0, 'continuity': 0.3}",0.0,[],竞价涨幅 -0.41% 超出区间
002264,新 华 都,10.0,7.39,7.4,0.14,0.014,3600000.0,620270000.0,0.0058,-2.03,-2.03,0.14,2.17,True,-2.17,0.757990867579909,True,False,False,False,0,文化传媒,0,3,False,False,A,1.4,29.0,29.000000000000004,"{'gap': 0.0, 'volume': 0.0, 'trend': 1.0, 'position': 0.5, 'sector': 0.0, 'continuity': 0.3}",0.0,[],竞价涨幅 0.14% 超出区间
000555,神州信息,10.0,11.01,10.5,-4.63,-0.463,12720000.0,620180000.0,0.02051,-3.91,-4.45,-4.63,-0.73,False,0.18,0.8743455497382198,False,False,False,False,0,IT服务,0,1,False,False,A,4.9,28.1,28.092534288063874,"{'gap': 0.0, 'volume': 0.641, 'trend': 0.378, 'position': 0.2, 'sector': 0.0, 'continuity': 0.3}",0.0,[],竞价涨幅 -4.63% 超出区间
688138,清溢光电,20.0,41.8,41.5,-0.72,-0.036,1970000.0,619680000.0,0.00318,-0.24,-0.48,-0.72,-0.48,False,0.24,0.703772706101537,True,False,False,False,0,半导体,2,3,False,False,A,0.8,26.5,26.450000000000003,"{'gap': 0.0, 'volume': 0.0, 'trend': 0.46, 'position': 0.5, 'sector': 0.55, 'continuity': 0.3}",0.0,[],竞价涨幅 -0.72% 超出区间
002640,跨境通,10.0,3.51,3.53,0.57,0.057,4850000.0,618940000.0,0.00784,1.42,0.57,0.57,-0.85,False,0.0,0.7199999999999998,True,False,False,False,0,互联网电商,0,0,False,False,A,1.9,16.2,16.166666666666668,"{'gap': 0.0, 'volume': 0.0, 'trend': 0.358, 'position': 0.5, 'sector': 0.0, 'continuity': 0.3}",0.0,[],竞价涨幅 0.57% 超出区间
301607,富特科技,20.0,44.85,44.41,-0.98,-0.049,3610000.0,618230000.0,0.00584,1.23,-0.8,-0.98,-2.21,False,0.18,0.5250379362670714,True,False,False,False,0,汽车零部件,0,2,False,False,A,1.4,12.3,12.316666666666666,"{'gap': 0.0, 'volume': 0.0, 'trend': 0.316, 'position': 0.3, 'sector': 0.0, 'continuity': 0.3}",0.0,[],竞价涨幅 -0.98% 超出区间
300378,鼎捷数智,20.0,38.89,38.46,-1.11,-0.055,1550000.0,616050000.0,0.00252,-1.03,-1.05,-1.11,-0.08,False,0.05,0.9362340585146286,False,False,False,False,0,软件开发,0,0,False,False,A,0.6,14.4,14.366666666666667,"{'gap': 0.0, 'volume': 0.0, 'trend': 0.493, 'position': 0.2, 'sector': 0.0, 'continuity': 0.3}",0.0,[],竞价涨幅 -1.11% 超出区间
301189,奥尼电子,20.0,72.6,72.97,0.51,0.025,4980000.0,613710000.0,0.00811,-1.52,-2.34,0.51,2.02,False,-2.85,0.9528167000285958,True,False,False,False,0,消费电子,0,2,True,False,A,1.9,19.4,19.36666666666667,"{'gap': 0.0, 'volume': 0.0, 'trend': 0.668, 'position': 0.3, 'sector': 0.0, 'continuity': 0.3}",0.0,[],隔夜公告黑名单
002912,中新赛克,10.0,25.41,25.6,0.75,0.075,16350000.0,613570000.0,0.02665,0.0,2.01,0.75,0.75,False,1.26,0.7319223985890654,False,False,False,False,0,计算机设备,0,0,False,False,A,6.4,26.7,26.70574918219547,"{'gap': 0.0, 'volume': 0.888, 'trend': 0.625, 'position': 0.2, 'sector': 0.0, 'continuity': 0.3}",12.5,['竞价尾段走弱'],竞价涨幅 0.75% 超出区间
688530,欧莱新材,20.0,63.98,63.18,-1.25,-0.063,2830000.0,612450000.0,0.00462,-0.75,-1.25,-1.25,-0.5,False,0.0,0.5171793847383138,True,False,False,False,0,半导体,2,3,False,False,A,1.1,23.4,23.416666666666668,"{'gap': 0.0, 'volume': 0.0, 'trend': 0.458, 'position': 0.3, 'sector': 0.55, 'continuity': 0.3}",0.0,[],竞价涨幅 -1.25% 超出区间
605162,新中港,10.0,12.41,12.0,-3.3,-0.33,4000000.0,612390000.0,0.00653,-1.77,-2.58,-3.3,-1.53,False,0.73,1.0,True,False,False,False,0,电力,0,0,False,False,A,1.6,10.9,10.9,"{'gap': 0.0, 'volume': 0.0, 'trend': 0.245, 'position': 0.3, 'sector': 0.0, 'continuity': 0.3}",0.0,[],竞价涨幅 -3.30% 超出区间
603459,红板科技,10.0,88.78,88.1,-0.77,-0.077,2350000.0,611000000.0,0.00385,-0.09,-0.26,-0.77,-0.68,False,0.51,0.46666666666666673,False,False,False,False,0,元件,0,2,False,False,A,0.9,9.2,9.233333333333334,"{'gap': 0.0, 'volume': 0.0, 'trend': 0.387, 'position': 0.0, 'sector': 0.0, 'continuity': 0.3}",0.0,[],竞价涨幅 -0.77% 超出区间
002580,圣阳股份,10.0,18.65,18.6,-0.27,-0.027,1750000.0,608160000.0,0.00288,0.0,-0.11,-0.27,-0.27,False,0.16,0.4930467762326168,False,False,False,False,0,电池,2,1,False,False,A,0.7,14.4,14.350000000000001,"{'gap': 0.0, 'volume': 0.0, 'trend': 0.455, 'position': 0.0, 'sector': 0.25, 'continuity': 0.3}",0.0,[],竞价涨幅 -0.27% 超出区间
688593,新相微,20.0,32.87,32.81,-0.18,-0.009,5200000.0,603830000.0,0.00861,3.07,-1.52,-0.18,-3.26,False,-1.34,0.5097087378640776,True,False,False,False,0,半导体,2,3,False,False,A,2.1,18.8,18.81666666666667,"{'gap': 0.0, 'volume': 0.0, 'trend': 0.228, 'position': 0.3, 'sector': 0.55, 'continuity': 0.3}",0.0,[],竞价涨幅 -0.18% 超出区间
002068,黑猫股份,10.0,9.86,9.8,-0.61,-0.061,1740000.0,600960000.0,0.0029,0.0,-0.1,-0.61,-0.61,False,0.51,0.34735413839891444,True,False,False,False,0,橡胶制品,0,0,False,False,B,0.7,14.4,14.440886476707377,"{'gap': 0.0, 'volume': 0.0, 'trend': 0.398, 'position': 0.332, 'sector': 0.0, 'continuity': 0.3}",0.0,[],竞价涨幅 -0.61% 超出区间
002902,铭普光磁,10.0,28.83,28.51,-1.11,-0.111,1350000.0,599880000.0,0.00225,-0.03,0.0,-1.11,-1.08,False,1.11,0.7911894273127752,True,False,False,False,0,通信设备,0,1,False,False,A,0.5,15.4,15.399999999999997,"{'gap': 0.0, 'volume': 0.0, 'trend': 0.32, 'position': 0.5, 'sector': 0.0, 'continuity': 0.3}",0.0,[],竞价涨幅 -1.11% 超出区间
300302,同有科技,20.0,29.23,28.73,-1.71,-0.086,2810000.0,597610000.0,0.0047,0.1,-0.31,-1.71,-1.81,False,1.4,0.15518148342977378,False,False,False,False,0,计算机设备,0,0,False,False,B,1.1,5.2,5.1640277047168155,"{'gap': 0.0, 'volume': 0.0, 'trend': 0.349, 'position': 0.612, 'sector': 0.0, 'continuity': 0.3}",12.5,['竞价尾段走弱'],竞价涨幅 -1.71% 超出区间
603533,掌阅科技,10.0,22.55,22.67,0.53,0.053,6520000.0,597580000.0,0.01091,-2.53,-2.39,0.53,3.06,True,-2.93,0.6512605042016809,False,False,False,False,0,文化传媒,0,3,False,False,A,2.6,25.6,25.629752086106294,"{'gap': 0.0, 'volume': 0.045, 'trend': 1.0, 'position': 0.2, 'sector': 0.0, 'continuity': 0.3}",0.0,[],竞价涨幅 0.53% 超出区间
002178,延华智能,10.0,5.1,5.08,-0.39,-0.039,12370000.0,597500000.0,0.0207,-5.29,-4.51,-0.39,4.9,True,-4.12,0.6689189189189186,True,False,False,False,0,软件开发,0,0,False,False,A,5.0,45.2,45.243471961476864,"{'gap': 0.0, 'volume': 0.65, 'trend': 1.0, 'position': 0.5, 'sector': 0.0, 'continuity': 0.3}",0.0,[],竞价涨幅 -0.39% 超出区间
688238,和元生物,20.0,8.68,8.65,-0.35,-0.017,3460000.0,596620000.0,0.0058,3.46,1.15,-0.35,-3.8,False,1.5,1.0,True,False,False,False,0,医疗服务,0,0,False,False,A,1.4,0.0,0.0,"{'gap': 0.0, 'volume': 0.0, 'trend': 0.183, 'position': 0.3, 'sector': 0.0, 'continuity': 0.3}",12.5,['竞价尾段走弱'],竞价涨幅 -0.35% 超出区间
688797,臻宝科技,20.0,281.88,278.93,-1.05,-0.052,3170000.0,595940000.0,0.00532,-0.48,-1.05,-1.05,-0.57,False,0.0,0.09233445382101974,False,False,False,False,0,半导体,2,3,False,False,B,1.3,30.3,30.33745798171176,"{'gap': 0.0, 'volume': 0.0, 'trend': 0.453, 'position': 0.769, 'sector': 0.55, 'continuity': 0.3}",0.0,[],竞价涨幅 -1.05% 超出区间
600272,开开实业,10.0,15.81,15.52,-1.83,-0.183,6010000.0,595600000.0,0.01009,-1.96,-4.17,-1.83,0.13,False,-2.34,0.49528706083976015,False,False,False,False,0,医药商业,0,0,False,False,A,2.4,11.9,11.933333333333335,"{'gap': 0.0, 'volume': 0.0, 'trend': 0.522, 'position': 0.0, 'sector': 0.0, 'continuity': 0.3}",0.0,[],竞价涨幅 -1.83% 超出区间
600237,铜峰电子,10.0,9.85,9.75,-1.02,-0.102,2440000.0,595450000.0,0.0041,-0.2,-0.71,-1.02,-0.81,False,0.3,0.45348837209302323,True,False,False,False,0,元件,0,2,False,False,A,1.0,13.3,13.3,"{'gap': 0.0, 'volume': 0.0, 'trend': 0.365, 'position': 0.3, 'sector': 0.0, 'continuity': 0.3}",0.0,[],竞价涨幅 -1.02% 超出区间
688049,炬芯科技,20.0,46.11,45.81,-0.65,-0.033,4040000.0,595450000.0,0.00678,-0.24,-0.93,-0.65,-0.41,False,-0.28,1.0,False,False,False,False,0,半导体,2,3,False,False,A,1.6,19.1,19.06666666666667,"{'gap': 0.0, 'volume': 0.0, 'trend': 0.466, 'position': 0.0, 'sector': 0.55, 'continuity': 0.3}",0.0,[],竞价涨幅 -0.65% 超出区间
688726,拉普拉斯,20.0,47.85,48.63,1.63,0.082,1290000.0,591110000.0,0.00218,-1.15,-1.73,1.63,2.78,False,-3.36,0.8648860958366065,False,False,False,False,0,光伏设备,0,1,False,False,A,0.5,19.1,19.133333333333336,"{'gap': 0.0, 'volume': 0.0, 'trend': 0.732, 'position': 0.2, 'sector': 0.0, 'continuity': 0.3}",0.0,[],竞价涨幅 1.63% 超出区间
605178,时空科技,10.0,73.9,73.53,-0.5,-0.05,5450000.0,590730000.0,0.00923,-0.5,-2.44,-0.5,0.0,False,-1.94,0.3021919879062737,False,False,False,False,0,建筑装饰,0,2,False,False,B,2.2,15.2,15.167800453514735,"{'gap': 0.0, 'volume': 0.0, 'trend': 0.5, 'position': 0.245, 'sector': 0.0, 'continuity': 0.3}",0.0,[],竞价涨幅 -0.50% 超出区间
300624,万兴科技,20.0,50.06,49.8,-0.52,-0.026,2230000.0,590440000.0,0.00378,-0.9,-0.9,-0.52,0.38,True,-0.38,0.4416796267496112,False,False,False,False,0,软件开发,0,0,False,False,A,0.9,15.1,15.133333333333333,"{'gap': 0.0, 'volume': 0.0, 'trend': 0.682, 'position': 0.0, 'sector': 0.0, 'continuity': 0.3}",0.0,[],竞价涨幅 -0.52% 超出区间
300263,隆华科技,20.0,10.89,10.88,-0.09,-0.005,2760000.0,590170000.0,0.00468,-0.09,-0.09,-0.09,0.0,True,0.0,0.3145258103241297,False,False,False,False,0,通用设备,1,6,False,False,B,1.1,17.7,17.70528211284514,"{'gap': 0.0, 'volume': 0.0, 'trend': 0.65, 'position': 0.214, 'sector': 0.0, 'continuity': 0.3}",0.0,[],竞价涨幅 -0.09% 超出区间
600545,卓郎智能,10.0,4.42,4.4,-0.45,-0.045,4460000.0,589780000.0,0.00756,-1.58,-2.04,-0.45,1.13,False,-1.58,0.27491408934707895,True,False,False,False,0,专用设备,0,2,False,False,B,1.8,23.0,22.957388316151206,"{'gap': 0.0, 'volume': 0.0, 'trend': 0.688, 'position': 0.513, 'sector': 0.0, 'continuity': 0.3}",0.0,[],竞价涨幅 -0.45% 超出区间
603099,长白山,10.0,40.49,40.9,1.01,0.101,3170000.0,584800000.0,0.00542,-1.46,-1.46,1.01,2.47,True,-2.47,0.7809057527539781,False,False,False,False,0,旅游及酒店,0,0,False,False,A,1.3,24.5,24.5,"{'gap': 0.0, 'volume': 0.0, 'trend': 1.0, 'position': 0.2, 'sector': 0.0, 'continuity': 0.3}",0.0,[],竞价涨幅 1.01% 超出区间
688170,德龙激光,20.0,72.0,71.83,-0.24,-0.012,1770000.0,583100000.0,0.00304,-1.28,-1.65,-0.24,1.04,False,-1.42,0.815168390347388,True,False,False,False,0,自动化设备,0,0,False,False,A,0.7,20.7,20.733333333333338,"{'gap': 0.0, 'volume': 0.0, 'trend': 0.587, 'position': 0.5, 'sector': 0.0, 'continuity': 0.3}",0.0,[],竞价涨幅 -0.24% 超出区间
688262,国芯科技,20.0,30.65,30.5,-0.49,-0.024,5040000.0,581280000.0,0.00867,-1.76,-1.83,-0.49,1.27,False,-1.34,0.330817610062893,False,False,False,False,0,半导体,2,3,False,False,B,2.1,24.5,24.46100628930818,"{'gap': 0.0, 'volume': 0.0, 'trend': 0.606, 'position': 0.173, 'sector': 0.55, 'continuity': 0.3}",0.0,[],竞价涨幅 -0.49% 超出区间
301393,昊帆生物,20.0,71.5,70.96,-0.76,-0.038,3500000.0,576560000.0,0.00607,0.0,-0.77,-0.76,-0.76,False,-0.01,1.0,True,False,False,False,0,生物制品,1,0,False,False,A,1.5,14.7,14.73333333333333,"{'gap': 0.0, 'volume': 0.0, 'trend': 0.437, 'position': 0.3, 'sector': 0.0, 'continuity': 0.3}",0.0,[],竞价涨幅 -0.76% 超出区间
600540,新赛股份,10.0,5.8,5.7,-1.72,-0.172,1460000.0,576120000.0,0.00253,-3.1,-2.41,-1.72,1.38,True,-0.69,0.650990099009901,False,False,False,False,0,种植业与林业,1,1,False,False,A,0.6,22.1,22.1,"{'gap': 0.0, 'volume': 0.0, 'trend': 0.88, 'position': 0.2, 'sector': 0.0, 'continuity': 0.3}",0.0,[],竞价涨幅 -1.72% 超出区间
300790,宇瞳光学,20.0,20.34,20.06,-1.38,-0.069,930000.0,576010000.0,0.00161,-0.64,-0.69,-1.38,-0.74,False,0.69,0.5453501722158438,True,False,False,False,0,计算机设备,0,0,False,False,A,0.4,14.8,14.766666666666667,"{'gap': 0.0, 'volume': 0.0, 'trend': 0.438, 'position': 0.3, 'sector': 0.0, 'continuity': 0.3}",0.0,[],竞价涨幅 -1.38% 超出区间
002565,顺灏股份,10.0,8.66,8.61,-0.58,-0.058,2590000.0,573100000.0,0.00452,-0.35,-1.04,-0.58,-0.23,False,-0.46,0.12222222222222238,True,False,False,False,0,包装印刷,0,0,False,False,B,1.1,24.1,24.149999999999995,"{'gap': 0.0, 'volume': 0.0, 'trend': 0.462, 'position': 0.894, 'sector': 0.0, 'continuity': 0.3}",0.0,[],竞价涨幅 -0.58% 超出区间
688456,有研粉材,20.0,78.4,77.29,-1.42,-0.071,1810000.0,573010000.0,0.00316,-3.05,-2.22,-1.42,1.63,True,-0.8,0.20592383638928083,False,False,False,False,0,金属新材料,0,1,False,False,B,0.8,24.5,24.494522802068637,"{'gap': 0.0, 'volume': 0.0, 'trend': 0.786, 'position': 0.485, 'sector': 0.0, 'continuity': 0.3}",0.0,[],竞价涨幅 -1.42% 超出区间
300112,万讯自控,20.0,11.85,11.62,-1.94,-0.097,1300000.0,569110000.0,0.00228,0.0,-2.03,-1.94,-1.94,False,-0.08,1.0,True,False,False,False,0,通用设备,1,6,False,False,A,0.5,12.8,12.766666666666667,"{'gap': 0.0, 'volume': 0.0, 'trend': 0.338, 'position': 0.3, 'sector': 0.0, 'continuity': 0.3}",0.0,[],竞价涨幅 -1.94% 超出区间
002471,中超控股,10.0,5.41,5.42,0.18,0.018,3340000.0,566960000.0,0.00589,0.74,-1.11,0.18,-0.55,False,-1.29,0.3750000000000001,True,False,False,False,0,电网设备,0,0,False,False,B,1.4,13.6,13.60416666666666,"{'gap': 0.0, 'volume': 0.0, 'trend': 0.408, 'position': 0.262, 'sector': 0.0, 'continuity': 0.3}",0.0,[],竞价涨幅 0.18% 超出区间
002313,日海智能,10.0,9.31,9.1,-2.26,-0.226,13830000.0,566790000.0,0.0244,-6.34,-6.98,-2.26,4.08,False,-4.73,1.0,False,False,False,False,0,通信设备,0,1,False,False,A,5.9,41.6,41.62422379650811,"{'gap': 0.0, 'volume': 0.805, 'trend': 1.0, 'position': 0.0, 'sector': 0.0, 'continuity': 0.3}",0.0,[],竞价涨幅 -2.26% 超出区间
002842,翔鹭钨业,10.0,33.78,33.84,0.18,0.018,7240000.0,564040000.0,0.01284,-2.01,-1.87,0.18,2.19,True,-2.04,0.23375409069658717,False,False,False,False,0,小金属,0,0,False,False,B,3.1,32.7,32.70781910960168,"{'gap': 0.0, 'volume': 0.199, 'trend': 1.0, 'position': 0.416, 'sector': 0.0, 'continuity': 0.3}",0.0,[],竞价涨幅 0.18% 超出区间
603978,深圳新星,10.0,25.72,26.12,1.56,0.156,3660000.0,563940000.0,0.00649,-3.38,-3.34,1.56,4.94,True,-4.9,0.5270188221007893,True,False,False,False,0,金属新材料,0,1,False,False,A,1.6,26.0,26.0,"{'gap': 0.0, 'volume': 0.0, 'trend': 1.0, 'position': 0.3, 'sector': 0.0, 'continuity': 0.3}",0.0,[],竞价涨幅 1.56% 超出区间
301566,达利凯普,20.0,27.4,27.4,0.0,0.0,4110000.0,562010000.0,0.00731,0.33,-0.44,0.0,-0.33,False,-0.44,0.5799023028611303,True,False,False,False,0,元件,0,2,False,False,A,1.8,18.4,18.45,"{'gap': 0.0, 'volume': 0.0, 'trend': 0.472, 'position': 0.5, 'sector': 0.0, 'continuity': 0.3}",0.0,[],竞价涨幅 0.00% 超出区间
600714,金瑞矿业,10.0,19.46,19.15,-1.59,-0.159,1980000.0,562000000.0,0.00352,-1.85,-1.85,-1.59,0.26,True,-0.26,0.6596356663470757,False,False,False,False,0,化学原料,0,1,False,False,A,0.8,18.4,18.36666666666667,"{'gap': 0.0, 'volume': 0.0, 'trend': 0.693, 'position': 0.2, 'sector': 0.0, 'continuity': 0.3}",0.0,[],竞价涨幅 -1.59% 超出区间
002453,华软科技,10.0,5.1,4.91,-3.73,-0.373,9380000.0,561820000.0,0.0167,-3.53,-3.92,-3.73,-0.2,False,-0.2,0.6401869158878503,True,False,False,False,0,化学制品,1,2,False,False,A,4.0,29.5,29.50962839319417,"{'gap': 0.0, 'volume': 0.447, 'trend': 0.467, 'position': 0.5, 'sector': 0.0, 'continuity': 0.3}",0.0,[],竞价涨幅 -3.73% 超出区间
300400,劲拓股份,20.0,35.83,35.7,-0.36,-0.018,2460000.0,555070000.0,0.00443,-2.32,-2.32,-0.36,1.95,True,-1.95,0.9358823529411763,True,False,False,False,0,自动化设备,0,0,False,False,A,1.1,25.2,25.25,"{'gap': 0.0, 'volume': 0.0, 'trend': 0.812, 'position': 0.5, 'sector': 0.0, 'continuity': 0.3}",0.0,[],竞价涨幅 -0.36% 超出区间
603686,福龙马,10.0,14.13,14.0,-0.92,-0.092,4780000.0,551700000.0,0.00866,-0.92,-0.92,-0.92,0.0,True,0.0,0.6256983240223464,True,False,False,False,0,环境治理,0,0,False,False,A,2.1,22.0,22.000000000000004,"{'gap': 0.0, 'volume': 0.0, 'trend': 0.65, 'position': 0.5, 'sector': 0.0, 'continuity': 0.3}",0.0,[],竞价涨幅 -0.92% 超出区间
301013,利和兴,20.0,39.16,38.99,-0.43,-0.022,2410000.0,548600000.0,0.00439,0.26,-1.35,-0.43,-0.69,False,-0.92,0.13973799126637543,True,False,False,False,0,专用设备,0,2,False,False,B,1.1,23.1,23.109825327510926,"{'gap': 0.0, 'volume': 0.0, 'trend': 0.443, 'position': 0.851, 'sector': 0.0, 'continuity': 0.3}",0.0,[],竞价涨幅 -0.43% 超出区间
300685,艾德生物,20.0,21.01,21.0,-0.05,-0.002,3430000.0,547730000.0,0.00626,-0.05,-1.0,-0.05,0.0,False,-0.95,1.0,True,False,False,False,0,医疗器械,0,2,False,False,A,1.5,16.0,16.000000000000004,"{'gap': 0.0, 'volume': 0.0, 'trend': 0.5, 'position': 0.3, 'sector': 0.0, 'continuity': 0.3}",0.0,[],竞价涨幅 -0.05% 超出区间
301500,飞南资源,20.0,26.91,26.71,-0.74,-0.037,1250000.0,541990000.0,0.00231,-1.9,0.33,-0.74,1.15,False,1.08,0.7557172557172556,True,False,False,False,0,环境治理,0,0,False,False,A,0.6,20.9,20.916666666666668,"{'gap': 0.0, 'volume': 0.0, 'trend': 0.596, 'position': 0.5, 'sector': 0.0, 'continuity': 0.3}",0.0,[],竞价涨幅 -0.74% 超出区间
688515,裕太微-U,20.0,158.0,157.5,-0.32,-0.016,2770000.0,540700000.0,0.00512,-0.13,-1.9,-0.32,-0.18,False,-1.58,0.3111377724455109,False,False,False,False,0,半导体,2,3,False,False,B,1.2,22.8,22.782333533293343,"{'gap': 0.0, 'volume': 0.0, 'trend': 0.485, 'position': 0.222, 'sector': 0.55, 'continuity': 0.3}",0.0,[],竞价涨幅 -0.32% 超出区间
002989,中天精装,10.0,27.96,27.31,-2.32,-0.232,6220000.0,540510000.0,0.01151,3.61,0.14,-2.32,-5.94,False,2.47,0.6168159889731218,True,False,True,False,1,建筑装饰,0,2,False,False,A,2.8,1.6,1.643128729034455,"{'gap': 0.0, 'volume': 0.096, 'trend': 0.0, 'position': 0.5, 'sector': 0.0, 'continuity': 0.85}",12.5,['竞价尾段走弱'],竞价涨幅 -2.32% 超出区间
002976,瑞玛精密,10.0,25.64,25.91,1.05,0.105,4690000.0,540330000.0,0.00868,0.23,0.62,1.05,0.82,True,-0.43,0.849252013808976,True,False,False,False,0,汽车零部件,0,2,False,False,A,2.1,24.7,24.733333333333334,"{'gap': 0.0, 'volume': 0.0, 'trend': 0.787, 'position': 0.5, 'sector': 0.0, 'continuity': 0.3}",0.0,[],竞价涨幅 1.05% 超出区间
301628,强达电路,20.0,120.47,118.46,-1.67,-0.083,2140000.0,539680000.0,0.00397,-2.13,-2.13,-1.67,0.46,True,-0.46,0.8245585874799357,False,False,False,False,0,元件,0,2,False,False,A,1.0,18.3,18.26666666666667,"{'gap': 0.0, 'volume': 0.0, 'trend': 0.688, 'position': 0.2, 'sector': 0.0, 'continuity': 0.3}",0.0,[],竞价涨幅 -1.67% 超出区间
002301,齐心集团,10.0,8.76,8.77,0.11,0.011,6650000.0,539270000.0,0.01233,-0.68,-1.83,0.11,0.8,False,-1.94,0.8204225352112676,True,False,False,False,0,家居用品,1,1,False,False,A,3.0,25.7,25.683819411774174,"{'gap': 0.0, 'volume': 0.161, 'trend': 0.633, 'position': 0.5, 'sector': 0.0, 'continuity': 0.3}",0.0,[],竞价涨幅 0.11% 超出区间
002909,集泰股份,10.0,7.54,7.67,1.72,0.172,28960000.0,534930000.0,0.05414,9.95,7.82,1.72,-8.22,False,6.1,0.7354260089686098,False,False,True,False,1,化学制品,1,2,False,False,A,13.0,0.0,0.0,"{'gap': 0.0, 'volume': 0.0, 'trend': 0.0, 'position': 0.2, 'sector': 0.0, 'continuity': 0.85}",12.5,['竞价尾段走弱'],竞价涨幅 1.72% 超出区间
300283,温州宏丰,20.0,14.55,14.38,-1.17,-0.058,1030000.0,531020000.0,0.00194,0.07,-1.17,-1.17,-1.24,False,0.0,0.2450110864745012,True,False,False,False,0,电网设备,0,0,False,False,B,0.5,18.2,18.245417590539535,"{'gap': 0.0, 'volume': 0.0, 'trend': 0.397, 'position': 0.587, 'sector': 0.0, 'continuity': 0.3}",0.0,[],竞价涨幅 -1.17% 超出区间
002635,安洁科技,10.0,16.79,16.68,-0.66,-0.066,21510000.0,530920000.0,0.04051,7.21,2.2,-0.66,-7.86,False,2.86,0.38367729831144465,False,False,True,False,1,消费电子,0,2,False,False,A,9.7,13.7,13.746485244475558,"{'gap': 0.0, 'volume': 0.88, 'trend': 0.0, 'position': 0.0, 'sector': 0.0, 'continuity': 0.85}",12.5,['竞价尾段走弱'],竞价涨幅 -0.66% 超出区间
603232,格尔软件,10.0,16.99,16.54,-2.65,-0.265,8060000.0,530700000.0,0.01519,-4.47,-4.47,-2.65,1.82,True,-1.82,0.8011811023622044,True,False,False,False,0,软件开发,0,0,False,False,A,3.6,37.0,37.00650343750977,"{'gap': 0.0, 'volume': 0.358, 'trend': 0.953, 'position': 0.5, 'sector': 0.0, 'continuity': 0.3}",0.0,[],竞价涨幅 -2.65% 超出区间
688073,毕得医药,20.0,80.76,79.0,-2.18,-0.109,2650000.0,529630000.0,0.005,-2.17,-1.57,-2.18,-0.01,False,0.61,0.8973518284993697,True,False,False,False,0,医疗服务,0,0,False,False,A,1.2,19.0,18.983333333333334,"{'gap': 0.0, 'volume': 0.0, 'trend': 0.499, 'position': 0.5, 'sector': 0.0, 'continuity': 0.3}",0.0,[],竞价涨幅 -2.18% 超出区间
601218,吉鑫科技,10.0,5.0,4.93,-1.4,-0.14,3000000.0,529530000.0,0.00567,-1.4,-0.4,-1.4,0.0,False,1.0,0.5819209039548021,True,False,False,False,0,风电设备,0,0,False,False,A,1.4,19.0,19.0,"{'gap': 0.0, 'volume': 0.0, 'trend': 0.5, 'position': 0.5, 'sector': 0.0, 'continuity': 0.3}",0.0,[],竞价涨幅 -1.40% 超出区间
688379,华光新材,20.0,64.17,63.9,-0.42,-0.021,1820000.0,528720000.0,0.00344,-0.02,-0.34,-0.42,-0.41,False,0.08,0.5943145589798088,False,False,False,False,0,通用设备,1,6,False,False,A,0.8,13.8,13.816666666666666,"{'gap': 0.0, 'volume': 0.0, 'trend': 0.466, 'position': 0.2, 'sector': 0.0, 'continuity': 0.3}",0.0,[],竞价涨幅 -0.42% 超出区间
688319,欧林生物,20.0,33.92,33.6,-0.94,-0.047,2130000.0,528640000.0,0.00403,0.06,0.09,-0.94,-1.0,False,1.03,0.5614255765199161,False,False,False,False,0,生物制品,1,0,False,False,A,1.0,12.8,12.833333333333336,"{'gap': 0.0, 'volume': 0.0, 'trend': 0.417, 'position': 0.2, 'sector': 0.0, 'continuity': 0.3}",0.0,[],竞价涨幅 -0.94% 超出区间
688203,海正生材,20.0,24.3,24.29,-0.04,-0.002,11200000.0,528320000.0,0.0212,-0.04,0.0,-0.04,0.0,False,0.04,1.0,True,False,False,False,0,塑料制品,0,0,False,False,A,5.1,32.8,32.80670754778603,"{'gap': 0.0, 'volume': 0.672, 'trend': 0.5, 'position': 0.3, 'sector': 0.0, 'continuity': 0.3}",0.0,[],竞价涨幅 -0.04% 超出区间
301489,思泉新材,20.0,129.09,127.64,-1.12,-0.056,2080000.0,527280000.0,0.00394,-0.5,-1.62,-1.12,-0.63,False,-0.5,0.48295763911575745,False,False,False,False,0,电子化学品,0,0,False,False,A,0.9,10.5,10.450000000000001,"{'gap': 0.0, 'volume': 0.0, 'trend': 0.448, 'position': 0.0, 'sector': 0.0, 'continuity': 0.3}",0.0,[],竞价涨幅 -1.12% 超出区间
000017,深中华A,10.0,7.69,7.61,-1.04,-0.104,4030000.0,527140000.0,0.00765,-0.13,-1.56,-1.04,-0.91,False,-0.52,0.3894736842105264,False,False,False,False,0,服装家纺,0,1,False,False,B,1.8,8.9,8.861403508771925,"{'gap': 0.0, 'volume': 0.0, 'trend': 0.348, 'position': 0.026, 'sector': 0.0, 'continuity': 0.3}",0.0,[],竞价涨幅 -1.04% 超出区间
920725,惠丰钻石,30.0,94.28,93.8,-0.51,-0.017,1599400.0,526254400.0,0.00304,-1.33,-0.83,-0.51,0.82,True,-0.32,0.5982721382289418,False,False,False,False,0,通用设备,1,6,False,False,A,0.7,18.4,18.41111111111111,"{'gap': 0.0, 'volume': 0.0, 'trend': 0.696, 'position': 0.2, 'sector': 0.0, 'continuity': 0.3}",0.0,[],竞价涨幅 -0.51% 超出区间
688315,诺禾致源,20.0,19.39,19.23,-0.83,-0.041,3160000.0,525870000.0,0.00601,0.0,-1.7,-0.83,-0.83,False,-0.88,1.0,True,False,False,False,0,医疗服务,0,0,False,False,A,1.4,14.6,14.616666666666667,"{'gap': 0.0, 'volume': 0.0, 'trend': 0.431, 'position': 0.3, 'sector': 0.0, 'continuity': 0.3}",0.0,[],竞价涨幅 -0.83% 超出区间
600363,联创光电,10.0,15.1,15.03,-0.46,-0.046,3470000.0,520950000.0,0.00666,-0.46,-0.46,-0.46,0.0,True,0.0,0.007315957933241889,False,False,False,False,0,消费电子,0,2,False,False,B,1.6,29.2,29.22565157750343,"{'gap': 0.0, 'volume': 0.0, 'trend': 0.65, 'position': 0.982, 'sector': 0.0, 'continuity': 0.3}",0.0,[],竞价涨幅 -0.46% 超出区间
002541,鸿路钢构,10.0,19.69,19.49,-1.02,-0.102,2270000.0,518830000.0,0.00438,0.96,0.0,-1.02,-1.98,False,1.02,0.41627906976744244,False,False,True,False,1,建筑装饰,0,2,False,False,A,1.1,7.6,7.6499999999999995,"{'gap': 0.0, 'volume': 0.0, 'trend': 0.17, 'position': 0.0, 'sector': 0.0, 'continuity': 0.85}",0.0,[],竞价涨幅 -1.02% 超出区间
600644,乐山电力,10.0,8.96,8.92,-0.45,-0.045,2630000.0,518590000.0,0.00507,-0.11,-0.45,-0.45,-0.33,False,0.0,0.44217687074829964,False,False,False,False,0,电力,0,0,False,False,A,1.2,10.4,10.4,"{'gap': 0.0, 'volume': 0.0, 'trend': 0.445, 'position': 0.0, 'sector': 0.0, 'continuity': 0.3}",0.0,[],竞价涨幅 -0.45% 超出区间
000710,贝瑞基因,10.0,10.01,9.81,-2.0,-0.2,7590000.0,516270000.0,0.0147,-2.1,-2.1,-2.0,0.1,True,-0.1,0.8954703832752611,False,False,False,False,0,医疗服务,0,0,False,False,A,3.5,26.0,25.999381082703042,"{'gap': 0.0, 'volume': 0.327, 'trend': 0.667, 'position': 0.2, 'sector': 0.0, 'continuity': 0.3}",0.0,[],竞价涨幅 -2.00% 超出区间
300943,春晖智控,20.0,35.04,35.0,-0.11,-0.006,1330000.0,515290000.0,0.00258,-2.05,-1.54,-0.11,1.94,True,-1.43,0.49639816633922723,False,False,False,False,0,通用设备,1,6,False,False,A,0.6,17.7,17.733333333333334,"{'gap': 0.0, 'volume': 0.0, 'trend': 0.812, 'position': 0.0, 'sector': 0.0, 'continuity': 0.3}",0.0,[],竞价涨幅 -0.11% 超出区间
603980,吉华集团,10.0,8.68,8.55,-1.5,-0.15,5380000.0,515180000.0,0.01044,-0.46,-1.5,-1.5,-1.04,False,0.0,0.9137380191693292,True,False,False,False,0,化学制品,1,2,False,False,A,2.5,15.6,15.623922507249038,"{'gap': 0.0, 'volume': 0.004, 'trend': 0.327, 'position': 0.5, 'sector': 0.0, 'continuity': 0.3}",0.0,[],竞价涨幅 -1.50% 超出区间
000892,欢瑞世纪,10.0,4.55,4.45,-2.2,-0.22,3280000.0,515080000.0,0.00637,-2.86,-3.08,-2.2,0.66,False,-0.88,0.543554006968641,False,False,False,False,0,影视院线,0,0,False,False,A,1.5,13.7,13.700000000000001,"{'gap': 0.0, 'volume': 0.0, 'trend': 0.61, 'position': 0.0, 'sector': 0.0, 'continuity': 0.3}",0.0,[],竞价涨幅 -2.20% 超出区间
600103,青山纸业,10.0,3.65,3.64,-0.27,-0.027,3480000.0,513910000.0,0.00677,0.0,-1.1,-0.27,-0.27,False,-0.82,0.6666666666666665,False,False,False,False,0,造纸,0,0,False,False,A,1.6,13.6,13.600000000000001,"{'gap': 0.0, 'volume': 0.0, 'trend': 0.455, 'position': 0.2, 'sector': 0.0, 'continuity': 0.3}",0.0,[],竞价涨幅 -0.27% 超出区间
688781,视涯科技-UW,20.0,51.56,49.88,-3.26,-0.163,2510000.0,513120000.0,0.00489,-1.09,-6.48,-3.26,-2.17,False,-3.22,0.9802331474911302,False,False,False,False,0,光学光电子,1,2,False,False,A,1.2,7.9,7.883333333333334,"{'gap': 0.0, 'volume': 0.0, 'trend': 0.319, 'position': 0.0, 'sector': 0.0, 'continuity': 0.3}",0.0,[],竞价涨幅 -3.26% 超出区间
300259,新天科技,20.0,4.5,4.43,-1.56,-0.078,4260000.0,511960000.0,0.00832,-1.11,-1.78,-1.56,-0.44,False,-0.22,0.323671497584541,False,False,False,False,0,通用设备,1,6,False,False,B,2.0,13.6,13.62898550724638,"{'gap': 0.0, 'volume': 0.0, 'trend': 0.463, 'position': 0.191, 'sector': 0.0, 'continuity': 0.3}",0.0,[],竞价涨幅 -1.56% 超出区间
603020,爱普股份,10.0,13.34,13.21,-0.97,-0.097,6150000.0,509730000.0,0.01207,-9.9,-4.95,-0.97,8.92,True,-3.97,0.7606382978723404,True,False,False,False,0,化学制品,1,2,False,False,A,2.9,32.5,32.514215904769316,"{'gap': 0.0, 'volume': 0.141, 'trend': 1.0, 'position': 0.5, 'sector': 0.0, 'continuity': 0.3}",0.0,[],竞价涨幅 -0.97% 超出区间
300204,舒泰神,20.0,20.88,20.65,-1.1,-0.055,3740000.0,508770000.0,0.00735,-0.86,-1.01,-1.1,-0.24,False,0.1,0.17575757575757567,False,False,False,False,0,化学制药,1,0,False,False,B,1.8,19.5,19.509090909090915,"{'gap': 0.0, 'volume': 0.0, 'trend': 0.48, 'position': 0.561, 'sector': 0.0, 'continuity': 0.3}",0.0,[],竞价涨幅 -1.10% 超出区间
688117,圣诺生物,20.0,19.75,19.6,-0.76,-0.038,2140000.0,507890000.0,0.00421,-0.15,-0.86,-0.76,-0.61,False,-0.1,0.0,False,False,False,False,0,化学制药,1,0,False,False,B,1.0,25.5,25.483333333333334,"{'gap': 0.0, 'volume': 0.0, 'trend': 0.449, 'position': 1.0, 'sector': 0.0, 'continuity': 0.3}",0.0,[],竞价涨幅 -0.76% 超出区间
300731,科创新源,20.0,52.91,53.2,0.55,0.027,9590000.0,505620000.0,0.01897,3.76,2.44,0.55,-3.21,False,1.89,0.9574721780604133,True,False,False,False,0,橡胶制品,0,0,False,False,A,4.6,12.3,12.33391914027409,"{'gap': 0.0, 'volume': 0.567, 'trend': 0.232, 'position': 0.3, 'sector': 0.0, 'continuity': 0.3}",12.5,['竞价尾段走弱'],竞价涨幅 0.55% 超出区间
002349,精华制药,10.0,8.57,8.58,0.12,0.012,3850000.0,501680000.0,0.00767,-0.82,-0.82,0.12,0.93,True,-0.93,0.756183745583039,True,False,False,False,0,中药,0,0,False,False,A,1.8,25.1,25.100000000000005,"{'gap': 0.0, 'volume': 0.0, 'trend': 0.805, 'position': 0.5, 'sector': 0.0, 'continuity': 0.3}",0.0,[],竞价涨幅 0.12% 超出区间
601700,风范股份,10.0,6.31,6.23,-1.27,-0.127,3000000.0,500170000.0,0.006,-0.63,-1.43,-1.27,-0.63,False,-0.16,0.4852216748768472,False,False,False,False,0,电网设备,0,0,False,False,A,1.4,9.4,9.400000000000002,"{'gap': 0.0, 'volume': 0.0, 'trend': 0.395, 'position': 0.0, 'sector': 0.0, 'continuity': 0.3}",0.0,[],竞价涨幅 -1.27% 超出区间
002164,宁波东力,10.0,11.87,12.21,2.86,0.286,4170000.0,497950000.0,0.00837,1.35,1.1,2.86,1.52,False,-1.77,0.5946843853820596,False,False,False,False,0,通用设备,1,6,False,False,A,2.0,31.0,31.033333333333335,"{'gap': 0.573, 'volume': 0.0, 'trend': 0.753, 'position': 0.2, 'sector': 0.0, 'continuity': 0.3}",0.0,[],竞价量能 0.84%(量比≈2.0) 超出区间
002201,九鼎新材,10.0,10.04,10.0,-0.4,-0.04,1160000.0,496690000.0,0.00234,-0.4,-0.4,-0.4,0.0,True,0.0,0.7163461538461535,False,False,False,False,0,建筑材料,0,2,False,False,A,0.6,17.5,17.5,"{'gap': 0.0, 'volume': 0.0, 'trend': 0.65, 'position': 0.2, 'sector': 0.0, 'continuity': 0.3}",0.0,[],竞价涨幅 -0.40% 超出区间
688765,禾元生物-U,20.0,42.55,42.69,0.33,0.016,2030000.0,495960000.0,0.00409,1.01,0.73,0.33,-0.68,False,0.4,0.44019784172661863,False,False,False,False,0,生物制品,1,0,False,False,A,1.0,10.4,10.366666666666667,"{'gap': 0.0, 'volume': 0.0, 'trend': 0.443, 'position': 0.0, 'sector': 0.0, 'continuity': 0.3}",0.0,[],竞价涨幅 0.33% 超出区间
300328,宜安科技,20.0,13.51,13.41,-0.74,-0.037,670000.0,493930000.0,0.00136,0.52,0.07,-0.74,-1.26,False,0.81,0.44343302990897276,False,False,False,False,0,小金属,0,0,False,False,A,0.3,9.4,9.400000000000002,"{'gap': 0.0, 'volume': 0.0, 'trend': 0.395, 'position': 0.0, 'sector': 0.0, 'continuity': 0.3}",0.0,[],竞价涨幅 -0.74% 超出区间
000739,普洛药业,10.0,25.32,25.13,-0.75,-0.075,2430000.0,492560000.0,0.00493,0.0,0.0,-0.75,-0.75,False,0.75,1.0,True,False,False,False,0,化学制药,1,0,False,False,A,1.2,13.5,13.5,"{'gap': 0.0, 'volume': 0.0, 'trend': 0.375, 'position': 0.3, 'sector': 0.0, 'continuity': 0.3}",0.0,[],竞价涨幅 -0.75% 超出区间
603507,振江股份,10.0,27.74,27.48,-0.94,-0.094,1230000.0,491280000.0,0.0025,0.0,0.0,-0.94,-0.94,False,0.94,0.5428571428571428,True,False,False,False,0,风电设备,0,0,False,False,A,0.6,12.9,12.866666666666667,"{'gap': 0.0, 'volume': 0.0, 'trend': 0.343, 'position': 0.3, 'sector': 0.0, 'continuity': 0.3}",0.0,[],竞价涨幅 -0.94% 超出区间
603122,合富中国,10.0,13.57,13.72,1.11,0.111,4240000.0,489830000.0,0.00866,-0.52,1.03,1.11,1.62,True,-0.07,0.9057471264367816,True,False,False,False,0,医药商业,0,0,False,False,A,2.1,27.4,27.400000000000002,"{'gap': 0.0, 'volume': 0.0, 'trend': 0.92, 'position': 0.5, 'sector': 0.0, 'continuity': 0.3}",0.0,[],竞价涨幅 1.11% 超出区间
002165,红 宝 丽,10.0,7.01,6.99,-0.29,-0.029,2440000.0,488850000.0,0.00499,-0.43,-0.43,-0.29,0.14,True,-0.14,0.42307692307692313,False,False,False,False,0,化学制品,1,2,False,False,A,1.2,15.0,14.966666666666667,"{'gap': 0.0, 'volume': 0.0, 'trend': 0.673, 'position': 0.0, 'sector': 0.0, 'continuity': 0.3}",0.0,[],竞价涨幅 -0.29% 超出区间
688261,东微半导,20.0,79.82,78.07,-2.19,-0.11,1860000.0,488490000.0,0.00381,-1.29,-2.19,-2.19,-0.9,False,0.0,0.5091743119266053,True,False,False,False,0,半导体,2,3,False,False,A,0.9,22.8,22.750000000000004,"{'gap': 0.0, 'volume': 0.0, 'trend': 0.425, 'position': 0.3, 'sector': 0.55, 'continuity': 0.3}",0.0,[],竞价涨幅 -2.19% 超出区间
300420,五洋自控,20.0,8.1,8.0,-1.23,-0.062,1320000.0,483100000.0,0.00273,-1.23,-1.23,-1.23,0.0,True,0.0,0.6096491228070173,False,False,False,False,0,通用设备,1,6,False,False,A,0.7,17.5,17.5,"{'gap': 0.0, 'volume': 0.0, 'trend': 0.65, 'position': 0.2, 'sector': 0.0, 'continuity': 0.3}",0.0,[],竞价涨幅 -1.23% 超出区间
688359,三孚新科,20.0,115.29,114.78,-0.44,-0.022,610000.0,482530000.0,0.00126,1.41,0.6,-0.44,-1.86,False,1.04,0.2935075541037159,True,False,False,False,0,电子化学品,0,0,False,False,B,0.3,15.4,15.393466721110654,"{'gap': 0.0, 'volume': 0.0, 'trend': 0.345, 'position': 0.466, 'sector': 0.0, 'continuity': 0.3}",0.0,[],竞价涨幅 -0.44% 超出区间
002383,合众思壮,10.0,8.52,8.31,-2.46,-0.246,3040000.0,481230000.0,0.00632,0.0,-1.76,-2.46,-2.46,False,0.7,1.0,True,False,False,False,0,军工电子,0,1,False,False,A,1.5,7.8,7.8,"{'gap': 0.0, 'volume': 0.0, 'trend': 0.09, 'position': 0.3, 'sector': 0.0, 'continuity': 0.3}",0.0,[],竞价涨幅 -2.46% 超出区间
688719,爱科赛博,20.0,62.05,62.86,1.31,0.065,1740000.0,480720000.0,0.00362,-5.08,-0.08,1.31,6.38,True,-1.39,0.6442560654779304,True,False,False,False,0,其他电源设备,0,0,False,False,A,0.9,29.0,29.000000000000004,"{'gap': 0.0, 'volume': 0.0, 'trend': 1.0, 'position': 0.5, 'sector': 0.0, 'continuity': 0.3}",0.0,[],竞价涨幅 1.31% 超出区间
301218,华是科技,20.0,48.55,49.25,1.44,0.072,3780000.0,480700000.0,0.00786,1.46,1.46,1.44,-0.02,False,0.02,0.5730186999109527,False,False,False,False,0,IT服务,0,1,False,False,A,1.9,14.5,14.466666666666667,"{'gap': 0.0, 'volume': 0.0, 'trend': 0.498, 'position': 0.2, 'sector': 0.0, 'continuity': 0.3}",0.0,[],竞价涨幅 1.44% 超出区间
603353,和顺石油,10.0,46.23,45.4,-1.8,-0.18,2770000.0,480360000.0,0.00577,0.26,0.26,-1.8,-2.05,False,2.05,0.8542691104157352,True,False,False,False,0,石油加工贸易,0,0,False,False,A,1.4,0.0,0.0,"{'gap': 0.0, 'volume': 0.0, 'trend': 0.158, 'position': 0.5, 'sector': 0.0, 'continuity': 0.3}",12.5,['竞价尾段走弱'],竞价涨幅 -1.80% 超出区间
002849,威星智能,10.0,23.0,22.99,-0.04,-0.004,19790000.0,480150000.0,0.04122,7.83,3.83,-0.04,-7.87,False,3.87,1.0,True,False,True,False,1,通用设备,1,6,False,False,A,9.9,0.0,0.0,"{'gap': 0.0, 'volume': 0.873, 'trend': 0.0, 'position': 0.3, 'sector': 0.0, 'continuity': 0.85}",42.5,"['竞价尾段走弱', '高位极端放量']",竞价涨幅 -0.04% 超出区间
300681,英搏尔,20.0,23.09,22.83,-1.13,-0.056,1080000.0,480120000.0,0.00225,-0.22,0.69,-1.13,-0.91,False,1.82,0.30919931856899485,False,False,False,False,0,汽车零部件,0,2,False,False,B,0.5,0.9,0.888358886996027,"{'gap': 0.0, 'volume': 0.0, 'trend': 0.424, 'position': 0.227, 'sector': 0.0, 'continuity': 0.3}",12.5,['竞价尾段走弱'],竞价涨幅 -1.13% 超出区间
002300,太阳电缆,10.0,7.98,7.92,-0.75,-0.075,2240000.0,479930000.0,0.00467,0.0,-0.38,-0.75,-0.75,False,0.38,0.7412587412587412,True,False,False,False,0,电网设备,0,0,False,False,A,1.1,16.5,16.500000000000004,"{'gap': 0.0, 'volume': 0.0, 'trend': 0.375, 'position': 0.5, 'sector': 0.0, 'continuity': 0.3}",0.0,[],竞价涨幅 -0.75% 超出区间
002412,汉森制药,10.0,9.41,9.4,-0.11,-0.011,2470000.0,473970000.0,0.00521,-0.21,0.0,-0.11,0.11,False,0.11,0.43574051407588743,False,False,False,False,0,中药,0,0,False,False,A,1.3,11.9,11.866666666666667,"{'gap': 0.0, 'volume': 0.0, 'trend': 0.518, 'position': 0.0, 'sector': 0.0, 'continuity': 0.3}",0.0,[],竞价涨幅 -0.11% 超出区间
301382,蜂助手,20.0,38.61,38.54,-0.18,-0.009,1960000.0,471800000.0,0.00415,-0.03,-0.28,-0.18,-0.16,False,-0.1,0.501487209994051,False,False,False,False,0,通信服务,0,0,False,False,A,1.0,11.2,11.233333333333334,"{'gap': 0.0, 'volume': 0.0, 'trend': 0.487, 'position': 0.0, 'sector': 0.0, 'continuity': 0.3}",0.0,[],竞价涨幅 -0.18% 超出区间
920961,创远信科,30.0,25.12,25.66,2.15,0.072,10023900.0,471739300.0,0.02125,3.5,1.51,2.15,-1.35,False,-0.64,0.9090909090909094,False,False,False,False,0,通用设备,1,6,False,False,A,5.1,31.9,31.86229874151707,"{'gap': 0.1, 'volume': 0.674, 'trend': 0.425, 'position': 0.2, 'sector': 0.0, 'continuity': 0.3}",0.0,[],
001326,联域股份,10.0,107.0,110.74,3.5,0.35,5280000.0,469830000.0,0.01124,0.42,3.74,3.5,3.07,False,0.24,1.0,True,True,False,True,0,光学光电子,1,2,False,False,A,2.7,40.3,40.33296337523903,"{'gap': 1.0, 'volume': 0.073, 'trend': 1.0, 'position': 0.8, 'sector': 0.0, 'continuity': 0.3}",15.0,['昨日炸板'],
603082,北自科技,10.0,48.99,48.98,-0.02,-0.002,2860000.0,469450000.0,0.00609,-1.82,-1.94,-0.02,1.8,False,-1.92,0.8229813664596275,True,False,False,False,0,通用设备,1,6,False,False,A,1.5,25.0,25.000000000000007,"{'gap': 0.0, 'volume': 0.0, 'trend': 0.8, 'position': 0.5, 'sector': 0.0, 'continuity': 0.3}",0.0,[],竞价涨幅 -0.02% 超出区间
000759,中百集团,10.0,6.52,6.62,1.53,0.153,3530000.0,466340000.0,0.00757,0.15,0.46,1.53,1.38,True,-1.07,0.2838283828382837,False,False,False,False,0,零售,0,1,False,False,B,1.8,23.5,23.45643564356436,"{'gap': 0.0, 'volume': 0.0, 'trend': 0.88, 'position': 0.29, 'sector': 0.0, 'continuity': 0.3}",0.0,[],竞价涨幅 1.53% 超出区间
688416,恒烁股份,20.0,83.32,82.36,-1.15,-0.058,2860000.0,464490000.0,0.00616,-0.05,-1.58,-1.15,-1.1,False,-0.43,0.340254904768724,True,False,False,False,0,半导体,2,3,False,False,B,1.5,23.2,23.157107737839517,"{'gap': 0.0, 'volume': 0.0, 'trend': 0.408, 'position': 0.349, 'sector': 0.55, 'continuity': 0.3}",0.0,[],竞价涨幅 -1.15% 超出区间
688757,胜科纳米,20.0,33.09,32.92,-0.51,-0.026,1490000.0,462090000.0,0.00322,-1.78,-1.78,-0.51,1.27,True,-1.27,0.19456746383230009,True,False,False,False,0,其他社会服务,0,1,False,False,B,0.8,27.3,27.320386772955413,"{'gap': 0.0, 'volume': 0.0, 'trend': 0.756, 'position': 0.714, 'sector': 0.0, 'continuity': 0.3}",0.0,[],竞价涨幅 -0.51% 超出区间
002560,通达股份,10.0,6.98,7.0,0.29,0.029,5320000.0,461400000.0,0.01153,-1.15,-1.15,0.29,1.43,True,-1.43,0.6782608695652177,True,False,False,False,0,电网设备,0,0,False,False,A,2.8,29.2,29.200764938675178,"{'gap': 0.0, 'volume': 0.097, 'trend': 0.888, 'position': 0.5, 'sector': 0.0, 'continuity': 0.3}",0.0,[],竞价涨幅 0.29% 超出区间
002388,新亚制程,10.0,7.96,7.78,-2.26,-0.226,9040000.0,459940000.0,0.01965,-10.05,-10.05,-2.26,7.79,True,-7.79,1.0,True,False,False,False,0,其他电子,0,0,False,False,A,4.7,41.0,41.01502246368952,"{'gap': 0.0, 'volume': 0.601, 'trend': 1.0, 'position': 0.3, 'sector': 0.0, 'continuity': 0.3}",0.0,[],竞价涨幅 -2.26% 超出区间
300473,德尔股份,20.0,36.43,36.43,0.0,0.0,1500000.0,456230000.0,0.00329,0.0,0.0,0.0,0.0,True,0.0,1.0,True,False,False,False,0,汽车零部件,0,2,False,False,A,0.8,19.0,19.0,"{'gap': 0.0, 'volume': 0.0, 'trend': 0.65, 'position': 0.3, 'sector': 0.0, 'continuity': 0.3}",0.0,[],竞价涨幅 0.00% 超出区间
301115,联检科技,20.0,38.7,38.7,0.0,0.0,1230000.0,455070000.0,0.0027,0.0,0.0,0.0,0.0,True,0.0,1.0,True,False,False,False,0,其他社会服务,0,1,False,False,A,0.6,19.0,19.0,"{'gap': 0.0, 'volume': 0.0, 'trend': 0.65, 'position': 0.3, 'sector': 0.0, 'continuity': 0.3}",0.0,[],竞价涨幅 0.00% 超出区间
688711,宏微科技,20.0,29.8,29.4,-1.34,-0.067,2980000.0,454530000.0,0.00656,-1.98,-1.98,-1.34,0.64,True,-0.64,0.45570916538658485,True,False,False,False,0,半导体,2,3,False,False,A,1.6,28.3,28.316666666666674,"{'gap': 0.0, 'volume': 0.0, 'trend': 0.703, 'position': 0.3, 'sector': 0.55, 'continuity': 0.3}",0.0,[],竞价涨幅 -1.34% 超出区间
600605,汇通能源,10.0,31.61,31.05,-1.77,-0.177,8170000.0,452930000.0,0.01804,10.0,2.18,-1.77,-11.77,False,3.95,1.0,False,False,True,False,1,零售,0,1,False,False,A,4.3,4.7,4.747689457259643,"{'gap': 0.0, 'volume': 0.52, 'trend': 0.0, 'position': 0.0, 'sector': 0.0, 'continuity': 0.85}",12.5,['竞价尾段走弱'],竞价涨幅 -1.77% 超出区间
301591,肯特股份,20.0,45.61,44.88,-1.6,-0.08,3240000.0,450380000.0,0.00719,-19.73,-2.41,-1.6,18.13,True,-0.81,0.6371681415929205,False,False,False,False,0,塑料制品,0,0,False,False,A,1.7,24.5,24.5,"{'gap': 0.0, 'volume': 0.0, 'trend': 1.0, 'position': 0.2, 'sector': 0.0, 'continuity': 0.3}",0.0,[],竞价涨幅 -1.60% 超出区间
002218,拓日新能,10.0,3.89,3.9,0.26,0.026,12980000.0,450300000.0,0.02883,-0.51,0.0,0.26,0.77,True,-0.26,0.4646464646464647,False,False,False,False,0,电力,0,0,False,False,A,6.9,41.1,41.127899761886624,"{'gap': 0.0, 'volume': 0.962, 'trend': 0.778, 'position': 0.0, 'sector': 0.0, 'continuity': 0.3}",0.0,[],竞价涨幅 0.26% 超出区间
920083,金戈新材,30.0,48.1,46.71,-2.89,-0.096,2283000.0,449854900.0,0.00507,-0.08,-3.22,-2.89,-2.81,False,-0.33,0.8944281524926688,False,False,False,False,0,非金属材料,0,0,False,False,A,1.2,11.4,11.377777777777778,"{'gap': 0.0, 'volume': 0.0, 'trend': 0.344, 'position': 0.2, 'sector': 0.0, 'continuity': 0.3}",0.0,[],竞价涨幅 -2.89% 超出区间
603162,海通发展,10.0,13.48,13.34,-1.04,-0.104,1640000.0,447960000.0,0.00366,0.0,-1.93,-1.04,-1.04,False,-0.89,0.6782334384858045,False,False,False,False,0,港口航运,0,0,False,False,A,0.9,11.0,11.033333333333333,"{'gap': 0.0, 'volume': 0.0, 'trend': 0.327, 'position': 0.2, 'sector': 0.0, 'continuity': 0.3}",0.0,[],竞价涨幅 -1.04% 超出区间
002361,神剑股份,10.0,10.1,10.09,-0.1,-0.01,950000.0,444240000.0,0.00214,1.19,0.59,-0.1,-1.29,False,0.69,0.2188552188552187,False,False,False,False,0,塑料制品,0,0,False,False,B,0.5,14.0,13.9929292929293,"{'gap': 0.0, 'volume': 0.0, 'trend': 0.285, 'position': 0.453, 'sector': 0.0, 'continuity': 0.3}",0.0,[],竞价涨幅 -0.10% 超出区间
603216,梦天家居,10.0,23.53,24.03,2.12,0.212,14270000.0,443370000.0,0.03219,0.0,-0.98,2.12,2.12,False,-3.1,0.9008695652173913,False,False,False,False,0,家居用品,1,1,False,False,A,7.7,47.5,47.46208203018105,"{'gap': 0.08, 'volume': 0.972, 'trend': 0.853, 'position': 0.2, 'sector': 0.0, 'continuity': 0.3}",0.0,[],
600880,博瑞传播,10.0,4.41,4.35,-1.36,-0.136,2550000.0,442590000.0,0.00576,-1.81,-0.45,-1.36,0.45,False,0.91,0.562091503267974,False,False,False,False,0,软件开发,0,0,False,False,A,1.4,16.0,15.999999999999998,"{'gap': 0.0, 'volume': 0.0, 'trend': 0.575, 'position': 0.2, 'sector': 0.0, 'continuity': 0.3}",0.0,[],竞价涨幅 -1.36% 超出区间
301571,国科天成,20.0,74.15,73.52,-0.85,-0.042,710000.0,441900000.0,0.00161,-0.01,-0.04,-0.85,-0.84,False,0.81,0.8770383428823274,True,False,False,False,0,军工电子,0,1,False,False,A,0.4,17.6,17.599999999999998,"{'gap': 0.0, 'volume': 0.0, 'trend': 0.43, 'position': 0.5, 'sector': 0.0, 'continuity': 0.3}",0.0,[],竞价涨幅 -0.85% 超出区间
300162,雷曼光电,20.0,8.11,7.98,-1.6,-0.08,8370000.0,440820000.0,0.01899,-0.12,-3.21,-1.6,-1.48,False,-1.6,0.2220216606498194,False,False,False,False,0,光学光电子,1,2,False,False,B,4.6,29.9,29.916306851514573,"{'gap': 0.0, 'volume': 0.568, 'trend': 0.377, 'position': 0.445, 'sector': 0.0, 'continuity': 0.3}",0.0,[],竞价涨幅 -1.60% 超出区间
603867,新化股份,10.0,36.07,35.71,-1.0,-0.1,5150000.0,440500000.0,0.01169,-2.97,-2.94,-1.0,1.97,True,-1.94,0.8620981387478848,True,False,False,False,0,化学制品,1,2,False,False,A,2.8,31.3,31.32598560121236,"{'gap': 0.0, 'volume': 0.11, 'trend': 0.978, 'position': 0.5, 'sector': 0.0, 'continuity': 0.3}",0.0,[],竞价涨幅 -1.00% 超出区间
300434,金石亚药,20.0,12.58,12.84,2.07,0.103,7410000.0,439390000.0,0.01686,1.43,1.59,2.07,0.64,True,-0.48,0.9151515151515153,True,False,False,False,0,化学制药,1,0,False,False,A,4.0,35.4,35.40131179048676,"{'gap': 0.047, 'volume': 0.456, 'trend': 0.703, 'position': 0.5, 'sector': 0.0, 'continuity': 0.3}",0.0,[],
600488,津药药业,10.0,5.9,5.85,-0.85,-0.085,630000.0,438550000.0,0.00144,-0.68,-1.02,-0.85,-0.17,False,-0.17,0.49532710280373843,True,False,False,False,0,化学制药,1,0,False,False,A,0.3,15.4,15.433333333333332,"{'gap': 0.0, 'volume': 0.0, 'trend': 0.472, 'position': 0.3, 'sector': 0.0, 'continuity': 0.3}",0.0,[],竞价涨幅 -0.85% 超出区间
301362,民爆光电,20.0,121.68,120.83,-0.7,-0.035,600000.0,437810000.0,0.00137,-0.5,-0.97,-0.7,-0.2,False,-0.27,0.285629541746997,True,False,False,False,0,光学光电子,1,2,False,False,B,0.3,18.5,18.45555885115428,"{'gap': 0.0, 'volume': 0.0, 'trend': 0.483, 'position': 0.486, 'sector': 0.0, 'continuity': 0.3}",0.0,[],竞价涨幅 -0.70% 超出区间
300464,星徽股份,20.0,12.0,12.03,0.25,0.012,2290000.0,437760000.0,0.00523,1.08,-1.25,0.25,-0.83,False,-1.5,0.9677891654465592,True,False,False,False,0,互联网电商,0,0,False,False,A,1.3,14.6,14.616666666666667,"{'gap': 0.0, 'volume': 0.0, 'trend': 0.431, 'position': 0.3, 'sector': 0.0, 'continuity': 0.3}",0.0,[],竞价涨幅 0.25% 超出区间
600693,东百集团,10.0,9.5,9.56,0.63,0.063,1770000.0,437570000.0,0.00405,-2.63,-2.11,0.63,3.26,True,-2.74,0.493734335839599,False,False,False,False,0,零售,0,1,False,False,A,1.0,21.5,21.500000000000004,"{'gap': 0.0, 'volume': 0.0, 'trend': 1.0, 'position': 0.0, 'sector': 0.0, 'continuity': 0.3}",0.0,[],竞价涨幅 0.63% 超出区间
301191,菲菱科思,20.0,88.11,88.12,0.01,0.001,4040000.0,435320000.0,0.00928,0.1,-1.26,0.01,-0.09,False,-1.27,0.13802609814372369,False,False,False,False,0,通信设备,0,1,False,False,B,2.2,21.2,21.174021319610365,"{'gap': 0.0, 'volume': 0.0, 'trend': 0.492, 'position': 0.655, 'sector': 0.0, 'continuity': 0.3}",0.0,[],竞价涨幅 0.01% 超出区间
688598,金博股份,20.0,36.4,36.0,-1.1,-0.055,1340000.0,426830000.0,0.00314,-1.1,-1.1,-1.1,0.0,True,0.0,0.4891031014249789,False,False,False,False,0,非金属材料,0,0,False,False,A,0.8,14.5,14.500000000000002,"{'gap': 0.0, 'volume': 0.0, 'trend': 0.65, 'position': 0.0, 'sector': 0.0, 'continuity': 0.3}",0.0,[],竞价涨幅 -1.10% 超出区间
688181,八亿时空,20.0,46.78,46.4,-0.81,-0.041,1810000.0,426250000.0,0.00425,-0.17,-0.38,-0.81,-0.64,False,0.43,0.5593360995850624,True,False,False,False,0,光学光电子,1,2,False,False,A,1.0,17.9,17.933333333333334,"{'gap': 0.0, 'volume': 0.0, 'trend': 0.447, 'position': 0.5, 'sector': 0.0, 'continuity': 0.3}",0.0,[],竞价涨幅 -0.81% 超出区间
000859,国风新材,10.0,9.35,9.23,-1.28,-0.128,2160000.0,425930000.0,0.00507,-0.64,-1.5,-1.28,-0.64,False,-0.21,0.6771428571428569,True,False,False,False,0,塑料制品,0,0,False,False,A,1.2,16.9,16.866666666666667,"{'gap': 0.0, 'volume': 0.0, 'trend': 0.393, 'position': 0.5, 'sector': 0.0, 'continuity': 0.3}",0.0,[],竞价涨幅 -1.28% 超出区间
000868,安凯客车,10.0,4.13,4.06,-1.69,-0.169,13630000.0,425250000.0,0.03205,-3.15,-1.21,-1.69,1.45,False,0.48,1.0,True,False,False,True,0,汽车整车,0,1,False,False,A,7.7,30.2,30.1723353162881,"{'gap': 0.0, 'volume': 0.974, 'trend': 0.742, 'position': 0.3, 'sector': 0.0, 'continuity': 0.3}",15.0,['昨日炸板'],竞价涨幅 -1.69% 超出区间
301041,金百泽,20.0,38.13,38.47,0.89,0.045,3220000.0,424390000.0,0.00759,0.16,0.16,0.89,0.73,True,-0.73,1.0,True,False,False,False,0,元件,0,2,False,False,A,1.8,20.2,20.216666666666665,"{'gap': 0.0, 'volume': 0.0, 'trend': 0.711, 'position': 0.3, 'sector': 0.0, 'continuity': 0.3}",0.0,[],竞价涨幅 0.89% 超出区间
300706,阿石创,20.0,51.85,51.34,-0.98,-0.049,620000.0,423650000.0,0.00146,0.0,0.0,-0.98,-0.98,False,0.98,0.2783328575506709,True,False,False,False,0,半导体,2,3,False,False,B,0.4,25.7,25.67918450851651,"{'gap': 0.0, 'volume': 0.0, 'trend': 0.418, 'position': 0.504, 'sector': 0.55, 'continuity': 0.3}",0.0,[],竞价涨幅 -0.98% 超出区间
002885,京泉华,10.0,28.76,28.5,-0.9,-0.09,540000.0,423590000.0,0.00127,0.0,0.14,-0.9,-0.9,False,1.04,0.36881472957422334,False,False,False,False,0,其他电子,0,0,False,False,B,0.3,9.7,9.669447640966625,"{'gap': 0.0, 'volume': 0.0, 'trend': 0.35, 'position': 0.078, 'sector': 0.0, 'continuity': 0.3}",0.0,[],竞价涨幅 -0.90% 超出区间
002785,万里石,10.0,39.48,40.27,2.0,0.2,1630000.0,419630000.0,0.00388,0.0,0.0,2.0,2.0,True,-2.0,0.6468401486988846,True,False,False,False,0,建筑材料,0,2,False,False,A,0.9,28.7,28.666666666666668,"{'gap': 0.0, 'volume': 0.0, 'trend': 0.983, 'position': 0.5, 'sector': 0.0, 'continuity': 0.3}",0.0,[],竞价量能 0.39%(量比≈0.9) 超出区间
688796,百奥赛图,20.0,135.5,135.5,0.0,0.0,1400000.0,418280000.0,0.00335,0.44,0.37,0.0,-0.44,False,0.37,0.7134906500445235,True,False,False,False,0,医疗服务,0,0,False,False,A,0.8,18.3,18.26666666666667,"{'gap': 0.0, 'volume': 0.0, 'trend': 0.463, 'position': 0.5, 'sector': 0.0, 'continuity': 0.3}",0.0,[],竞价涨幅 0.00% 超出区间
300868,杰美特,20.0,87.33,86.86,-0.54,-0.027,1900000.0,417810000.0,0.00455,-2.67,-3.24,-0.54,2.13,False,-2.7,0.255359923344113,True,False,False,False,0,消费电子,0,2,False,False,B,1.1,23.5,23.47400287459576,"{'gap': 0.0, 'volume': 0.0, 'trend': 0.677, 'position': 0.562, 'sector': 0.0, 'continuity': 0.3}",0.0,[],竞价涨幅 -0.54% 超出区间
688026,洁特生物,20.0,27.78,27.69,-0.32,-0.016,1610000.0,417790000.0,0.00385,1.51,-3.17,-0.32,-1.84,False,-2.84,1.0,True,False,False,False,0,医疗器械,0,2,False,False,A,0.9,12.9,12.933333333333335,"{'gap': 0.0, 'volume': 0.0, 'trend': 0.347, 'position': 0.3, 'sector': 0.0, 'continuity': 0.3}",0.0,[],竞价涨幅 -0.32% 超出区间
000523,红棉股份,10.0,3.42,3.44,0.58,0.058,1710000.0,416540000.0,0.00411,-1.17,-0.58,0.58,1.75,True,-1.17,0.43169398907103823,False,False,False,False,0,饮料制造,1,0,False,False,A,1.0,20.3,20.333333333333336,"{'gap': 0.0, 'volume': 0.0, 'trend': 0.942, 'position': 0.0, 'sector': 0.0, 'continuity': 0.3}",0.0,[],竞价涨幅 0.58% 超出区间
002735,王子新材,10.0,11.9,11.75,-1.26,-0.126,1910000.0,415270000.0,0.0046,-1.68,-1.26,-1.26,0.42,True,0.0,0.4123711340206186,False,False,False,False,0,包装印刷,0,0,False,False,A,1.1,15.9,15.899999999999997,"{'gap': 0.0, 'volume': 0.0, 'trend': 0.72, 'position': 0.0, 'sector': 0.0, 'continuity': 0.3}",0.0,[],竞价涨幅 -1.26% 超出区间
688004,博汇科技,20.0,33.5,33.13,-1.1,-0.055,4870000.0,414120000.0,0.01176,-1.43,-3.49,-1.1,0.33,False,-2.39,0.8210735586481113,True,False,False,False,0,IT服务,0,1,False,False,A,2.8,22.5,22.45020562659821,"{'gap': 0.0, 'volume': 0.116, 'trend': 0.527, 'position': 0.5, 'sector': 0.0, 'continuity': 0.3}",0.0,[],竞价涨幅 -1.10% 超出区间
001376,百通能源,10.0,12.42,12.42,0.0,0.0,3260000.0,412270000.0,0.00791,-0.16,-1.77,0.0,0.16,False,-1.77,0.6560364464692484,True,False,False,False,0,电力,0,0,False,False,A,1.9,19.5,19.533333333333335,"{'gap': 0.0, 'volume': 0.0, 'trend': 0.527, 'position': 0.5, 'sector': 0.0, 'continuity': 0.3}",0.0,[],竞价涨幅 0.00% 超出区间
000533,顺钠股份,10.0,10.44,10.5,0.57,0.057,2140000.0,411750000.0,0.0052,-0.57,1.05,0.57,1.15,False,0.48,0.5178571428571428,False,False,False,False,0,电网设备,0,0,False,False,A,1.2,15.3,15.333333333333332,"{'gap': 0.0, 'volume': 0.0, 'trend': 0.692, 'position': 0.0, 'sector': 0.0, 'continuity': 0.3}",0.0,[],竞价涨幅 0.57% 超出区间
002965,祥鑫科技,10.0,32.37,32.15,-0.68,-0.068,1040000.0,410840000.0,0.00253,-0.8,-0.59,-0.68,0.12,False,0.09,0.18980797636632188,False,False,False,False,0,汽车零部件,0,2,False,False,B,0.6,19.8,19.78220088626293,"{'gap': 0.0, 'volume': 0.0, 'trend': 0.52, 'position': 0.525, 'sector': 0.0, 'continuity': 0.3}",0.0,[],竞价涨幅 -0.68% 超出区间
600326,西藏天路,10.0,7.22,7.08,-1.94,-0.194,5670000.0,410670000.0,0.01381,-1.94,-2.08,-1.94,0.0,False,-0.14,0.49557522123893816,False,False,False,False,0,建筑材料,0,2,False,False,A,3.3,18.2,18.192217680135414,"{'gap': 0.0, 'volume': 0.268, 'trend': 0.5, 'position': 0.0, 'sector': 0.0, 'continuity': 0.3}",0.0,[],竞价涨幅 -1.94% 超出区间
600865,百大集团,10.0,11.08,11.09,0.09,0.009,940000.0,409390000.0,0.0023,-0.27,0.18,0.09,0.36,False,0.09,0.45760430686406467,False,False,False,False,0,零售,0,1,False,False,A,0.6,12.7,12.7,"{'gap': 0.0, 'volume': 0.0, 'trend': 0.56, 'position': 0.0, 'sector': 0.0, 'continuity': 0.3}",0.0,[],竞价涨幅 0.09% 超出区间
605366,宏柏新材,10.0,8.75,8.75,0.0,0.0,2440000.0,409250000.0,0.00596,-5.83,-1.6,0.0,5.83,True,-1.6,0.3298791018998273,True,False,False,False,0,化学制品,1,2,False,False,B,1.4,27.1,27.12953367875648,"{'gap': 0.0, 'volume': 0.0, 'trend': 1.0, 'position': 0.375, 'sector': 0.0, 'continuity': 0.3}",0.0,[],竞价涨幅 0.00% 超出区间
002173,创新医疗,10.0,18.06,18.18,0.66,0.066,2950000.0,402850000.0,0.00732,-0.33,-0.33,0.66,1.0,True,-1.0,0.31982633863965243,False,False,False,False,0,医疗服务,0,0,False,False,B,1.8,20.8,20.839845634346364,"{'gap': 0.0, 'volume': 0.0, 'trend': 0.817, 'position': 0.2, 'sector': 0.0, 'continuity': 0.3}",0.0,[],竞价涨幅 0.66% 超出区间
300155,安居宝,20.0,5.06,4.94,-2.37,-0.119,14100000.0,400060000.0,0.03524,-6.92,-6.92,-2.37,4.55,True,-4.55,1.0,False,False,False,True,0,计算机设备,0,0,False,False,A,8.5,0.0,0.0,"{'gap': 0.0, 'volume': 0.936, 'trend': 1.0, 'position': 0.0, 'sector': 0.0, 'continuity': 0.3}",45.0,"['高位极端放量', '昨日炸板']",竞价涨幅 -2.37% 超出区间
301310,鑫宏业,20.0,58.11,57.44,-1.15,-0.058,880000.0,399560000.0,0.0022,-3.55,-2.6,-1.15,2.39,True,-1.45,0.4875835721107927,False,False,False,False,0,汽车零部件,0,2,False,False,A,0.5,18.5,18.483333333333334,"{'gap': 0.0, 'volume': 0.0, 'trend': 0.849, 'position': 0.0, 'sector': 0.0, 'continuity': 0.3}",0.0,[],竞价涨幅 -1.15% 超出区间
000995,皇台酒业,10.0,11.81,11.81,0.0,0.0,6480000.0,398550000.0,0.01626,-2.96,-5.59,0.0,2.96,False,-5.59,0.9592592592592595,False,False,False,False,0,白酒,0,0,False,False,A,3.9,31.9,31.912868569281343,"{'gap': 0.0, 'volume': 0.422, 'trend': 0.993, 'position': 0.0, 'sector': 0.0, 'continuity': 0.3}",0.0,[],竞价涨幅 0.00% 超出区间
600228,返利科技,10.0,11.66,11.21,-3.86,-0.386,5770000.0,398260000.0,0.01449,-0.34,-3.09,-3.86,-3.52,False,0.77,0.9328125,True,False,False,False,0,文化传媒,0,3,False,False,A,3.5,16.8,16.82649583616171,"{'gap': 0.0, 'volume': 0.313, 'trend': 0.0, 'position': 0.5, 'sector': 0.0, 'continuity': 0.3}",0.0,[],竞价涨幅 -3.86% 超出区间
603375,盛景微,10.0,44.77,44.5,-0.6,-0.06,3980000.0,396660000.0,0.01003,-1.72,-1.72,-0.6,1.12,True,-1.12,0.6137724550898206,True,False,False,False,0,半导体,2,3,False,False,A,2.4,34.0,33.983333333333334,"{'gap': 0.0, 'volume': 0.0, 'trend': 0.837, 'position': 0.5, 'sector': 0.55, 'continuity': 0.3}",0.0,[],竞价涨幅 -0.60% 超出区间
300592,华凯易佰,20.0,20.7,20.64,-0.29,-0.014,1250000.0,396240000.0,0.00315,-4.06,-4.06,-0.29,3.77,True,-3.77,0.966857142857143,True,False,False,False,0,互联网电商,0,0,False,False,A,0.8,25.3,25.283333333333335,"{'gap': 0.0, 'volume': 0.0, 'trend': 0.964, 'position': 0.3, 'sector': 0.0, 'continuity': 0.3}",0.0,[],竞价涨幅 -0.29% 超出区间
000566,海南海药,10.0,4.8,4.76,-0.83,-0.083,2190000.0,391550000.0,0.00559,-0.83,-0.42,-0.83,0.0,False,0.42,0.14659685863874358,False,False,False,False,0,化学制药,1,0,False,False,B,1.3,21.0,21.00261780104712,"{'gap': 0.0, 'volume': 0.0, 'trend': 0.5, 'position': 0.634, 'sector': 0.0, 'continuity': 0.3}",0.0,[],竞价涨幅 -0.83% 超出区间
688635,长进光子,20.0,288.8,285.03,-1.31,-0.065,2240000.0,391350000.0,0.00572,-1.31,-1.31,-1.31,0.0,False,-0.0,0.4369218657744539,False,False,False,False,0,通信设备,0,1,False,False,A,1.4,11.5,11.5,"{'gap': 0.0, 'volume': 0.0, 'trend': 0.5, 'position': 0.0, 'sector': 0.0, 'continuity': 0.3}",0.0,[],竞价涨幅 -1.31% 超出区间
002811,郑中设计,10.0,17.16,17.17,0.06,0.006,2010000.0,390690000.0,0.00514,0.23,0.23,0.06,-0.17,False,0.17,1.0,True,False,False,False,0,建筑装饰,0,2,False,False,A,1.2,15.4,15.433333333333332,"{'gap': 0.0, 'volume': 0.0, 'trend': 0.472, 'position': 0.3, 'sector': 0.0, 'continuity': 0.3}",0.0,[],竞价涨幅 0.06% 超出区间
688583,思看科技,20.0,89.22,89.99,0.86,0.043,8090000.0,390340000.0,0.02073,0.87,0.87,0.86,-0.01,False,0.01,0.8760300967395197,False,False,False,False,0,通用设备,1,6,False,False,A,5.0,30.8,30.7609811890177,"{'gap': 0.0, 'volume': 0.651, 'trend': 0.499, 'position': 0.2, 'sector': 0.0, 'continuity': 0.3}",0.0,[],竞价涨幅 0.86% 超出区间
603407,长裕集团,10.0,62.73,63.39,1.05,0.105,3470000.0,387150000.0,0.00896,0.3,0.0,1.05,0.75,False,-1.05,0.22616136919315397,True,True,False,False,0,小金属,0,0,False,False,A,2.2,26.0,26.0,"{'gap': 0.0, 'volume': 0.0, 'trend': 0.625, 'position': 0.8, 'sector': 0.0, 'continuity': 0.3}",0.0,[],竞价涨幅 1.05% 超出区间
603386,骏亚科技,10.0,19.37,19.07,-1.55,-0.155,2760000.0,383130000.0,0.0072,-0.88,-2.37,-1.55,-0.67,False,-0.83,1.0,True,False,False,False,0,元件,0,2,False,False,A,1.7,13.8,13.766666666666666,"{'gap': 0.0, 'volume': 0.0, 'trend': 0.388, 'position': 0.3, 'sector': 0.0, 'continuity': 0.3}",0.0,[],竞价涨幅 -1.55% 超出区间
001266,宏英智能,10.0,37.62,37.25,-0.98,-0.098,5290000.0,381260000.0,0.01388,-0.64,-0.51,-0.98,-0.35,False,0.48,0.48101265822784806,True,False,False,False,0,自动化设备,0,0,False,False,A,3.3,21.6,21.644864489578858,"{'gap': 0.0, 'volume': 0.272, 'trend': 0.442, 'position': 0.3, 'sector': 0.0, 'continuity': 0.3}",0.0,[],竞价涨幅 -0.98% 超出区间
301419,阿莱德,20.0,48.59,48.21,-0.78,-0.039,2300000.0,380610000.0,0.00604,-1.05,-1.21,-0.78,0.27,False,-0.43,1.0,True,False,False,False,0,通信设备,0,1,False,False,A,1.4,16.4,16.45,"{'gap': 0.0, 'volume': 0.0, 'trend': 0.522, 'position': 0.3, 'sector': 0.0, 'continuity': 0.3}",0.0,[],竞价涨幅 -0.78% 超出区间
688175,高凌信息,20.0,26.79,25.98,-3.02,-0.151,2090000.0,379710000.0,0.0055,0.37,-3.02,-3.02,-3.4,False,0.0,0.8351145038167939,True,False,False,False,0,军工电子,0,1,False,False,A,1.3,13.3,13.333333333333334,"{'gap': 0.0, 'volume': 0.0, 'trend': 0.217, 'position': 0.5, 'sector': 0.0, 'continuity': 0.3}",0.0,[],竞价涨幅 -3.02% 超出区间
003001,中岩大地,10.0,21.5,21.39,-0.51,-0.051,1770000.0,379290000.0,0.00467,1.4,1.21,-0.51,-1.91,False,1.72,1.0,True,False,False,False,0,建筑装饰,0,2,False,False,A,1.1,0.0,0.0,"{'gap': 0.0, 'volume': 0.0, 'trend': 0.182, 'position': 0.3, 'sector': 0.0, 'continuity': 0.3}",12.5,['竞价尾段走弱'],竞价涨幅 -0.51% 超出区间
002367,康力电梯,10.0,6.19,6.1,-1.45,-0.145,9040000.0,374220000.0,0.02416,-2.91,-3.39,-1.45,1.45,False,-1.94,0.5330188679245287,True,False,False,False,0,专用设备,0,2,False,False,A,5.8,40.7,40.724292125167935,"{'gap': 0.0, 'volume': 0.796, 'trend': 0.742, 'position': 0.3, 'sector': 0.0, 'continuity': 0.3}",0.0,[],竞价涨幅 -1.45% 超出区间
688591,泰凌微,20.0,33.16,32.96,-0.6,-0.03,1570000.0,374220000.0,0.0042,-0.45,-0.45,-0.6,-0.15,False,0.15,0.7627302275189594,False,False,False,False,0,半导体,2,3,False,False,A,1.0,22.5,22.500000000000004,"{'gap': 0.0, 'volume': 0.0, 'trend': 0.487, 'position': 0.2, 'sector': 0.55, 'continuity': 0.3}",0.0,[],竞价涨幅 -0.60% 超出区间
688323,瑞华泰,20.0,27.3,27.23,-0.26,-0.013,1140000.0,373460000.0,0.00305,0.92,0.92,-0.26,-1.17,False,1.17,0.20237653174897882,True,False,False,False,0,塑料制品,0,0,False,False,B,0.7,20.0,19.960880059413295,"{'gap': 0.0, 'volume': 0.0, 'trend': 0.403, 'position': 0.694, 'sector': 0.0, 'continuity': 0.3}",0.0,[],竞价涨幅 -0.26% 超出区间
300221,银禧科技,20.0,14.45,14.32,-0.9,-0.045,1030000.0,373370000.0,0.00276,0.62,0.28,-0.9,-1.52,False,1.18,0.5807799442896937,True,False,False,False,0,塑料制品,0,0,False,False,A,0.7,16.5,16.46666666666667,"{'gap': 0.0, 'volume': 0.0, 'trend': 0.373, 'position': 0.5, 'sector': 0.0, 'continuity': 0.3}",0.0,[],竞价涨幅 -0.90% 超出区间
300196,长海股份,20.0,19.33,19.52,0.98,0.049,1210000.0,372360000.0,0.00325,-0.52,-0.41,0.98,1.5,True,-1.4,0.4113785557986869,True,False,False,False,0,建筑材料,0,2,False,False,A,0.8,21.5,21.500000000000004,"{'gap': 0.0, 'volume': 0.0, 'trend': 0.775, 'position': 0.3, 'sector': 0.0, 'continuity': 0.3}",0.0,[],竞价涨幅 0.98% 超出区间
002124,天邦食品,10.0,2.04,2.02,-0.98,-0.098,3970000.0,370490000.0,0.01072,-0.49,-0.98,-0.98,-0.49,False,0.0,0.0,False,False,False,False,0,养殖业,1,0,False,False,B,2.6,25.6,25.58182596648934,"{'gap': 0.0, 'volume': 0.029, 'trend': 0.418, 'position': 1.0, 'sector': 0.0, 'continuity': 0.3}",0.0,[],竞价涨幅 -0.98% 超出区间
301307,美利信,20.0,59.72,59.5,-0.37,-0.018,1240000.0,370330000.0,0.00335,0.0,-0.1,-0.37,-0.37,False,0.27,0.3356562137049941,True,False,False,False,0,通信设备,0,1,False,False,B,0.8,16.3,16.296225319396058,"{'gap': 0.0, 'volume': 0.0, 'trend': 0.469, 'position': 0.361, 'sector': 0.0, 'continuity': 0.3}",0.0,[],竞价涨幅 -0.37% 超出区间
300795,米奥会展,20.0,13.5,13.37,-0.96,-0.048,3220000.0,369380000.0,0.00872,-2.89,1.48,-0.96,1.93,False,2.44,0.5415841584158416,False,False,False,False,0,其他社会服务,0,1,False,False,A,2.1,2.2,2.216666666666667,"{'gap': 0.0, 'volume': 0.0, 'trend': 0.661, 'position': 0.0, 'sector': 0.0, 'continuity': 0.3}",12.5,['竞价尾段走弱'],竞价涨幅 -0.96% 超出区间
600539,狮头股份,10.0,14.62,14.66,0.27,0.027,1530000.0,369370000.0,0.00414,-0.82,-1.09,0.27,1.09,False,-1.37,0.31873905429071775,False,False,False,False,0,互联网电商,0,0,False,False,B,1.0,18.2,18.180618797431418,"{'gap': 0.0, 'volume': 0.0, 'trend': 0.682, 'position': 0.203, 'sector': 0.0, 'continuity': 0.3}",0.0,[],竞价涨幅 0.27% 超出区间
002787,华源控股,10.0,27.08,26.81,-1.0,-0.1,2270000.0,368790000.0,0.00616,1.18,-1.03,-1.0,-2.18,False,-0.04,0.7019969278033792,True,False,False,False,0,包装印刷,0,0,False,False,A,1.5,11.7,11.733333333333333,"{'gap': 0.0, 'volume': 0.0, 'trend': 0.137, 'position': 0.5, 'sector': 0.0, 'continuity': 0.3}",0.0,[],竞价涨幅 -1.00% 超出区间
003033,征和工业,10.0,95.38,94.93,-0.47,-0.047,2210000.0,367450000.0,0.00601,-5.22,-5.22,-0.47,4.75,True,-4.75,1.0,True,False,False,False,0,汽车服务及其他,0,1,False,False,A,1.4,26.0,26.0,"{'gap': 0.0, 'volume': 0.0, 'trend': 1.0, 'position': 0.3, 'sector': 0.0, 'continuity': 0.3}",0.0,[],竞价涨幅 -0.47% 超出区间
301031,中熔电气,20.0,102.78,102.77,-0.01,-0.0,970000.0,367170000.0,0.00264,0.0,0.0,-0.01,-0.01,False,0.01,0.7468758308960384,False,False,False,False,0,其他电子,0,0,False,False,A,0.6,14.5,14.48333333333333,"{'gap': 0.0, 'volume': 0.0, 'trend': 0.499, 'position': 0.2, 'sector': 0.0, 'continuity': 0.3}",0.0,[],竞价涨幅 -0.01% 超出区间
001268,联合精密,10.0,27.17,27.61,1.62,0.162,2290000.0,366580000.0,0.00625,1.4,0.0,1.62,0.22,False,-1.62,0.4545076859160782,False,True,False,False,0,白色家电,0,0,False,False,A,1.5,19.7,19.733333333333334,"{'gap': 0.0, 'volume': 0.0, 'trend': 0.537, 'position': 0.5, 'sector': 0.0, 'continuity': 0.3}",0.0,[],竞价涨幅 1.62% 超出区间
301568,思泰克,20.0,79.56,79.56,0.0,0.0,2160000.0,365380000.0,0.00591,0.03,0.03,0.0,-0.03,False,0.03,0.519907795473596,True,False,False,False,0,自动化设备,0,0,False,False,A,1.4,16.0,15.950000000000003,"{'gap': 0.0, 'volume': 0.0, 'trend': 0.497, 'position': 0.3, 'sector': 0.0, 'continuity': 0.3}",0.0,[],竞价涨幅 0.00% 超出区间
002298,中电鑫龙,10.0,8.62,8.62,0.0,0.0,1090000.0,365370000.0,0.00298,0.0,0.0,0.0,0.0,True,0.0,0.7323420074349439,True,False,False,False,0,电网设备,0,0,False,False,A,0.7,22.0,22.000000000000004,"{'gap': 0.0, 'volume': 0.0, 'trend': 0.65, 'position': 0.5, 'sector': 0.0, 'continuity': 0.3}",0.0,[],竞价涨幅 0.00% 超出区间
603123,翠微股份,10.0,9.56,9.54,-0.21,-0.021,1120000.0,365200000.0,0.00307,-0.52,-0.52,-0.21,0.31,True,-0.31,0.3982300884955754,False,False,False,False,0,多元金融,0,0,False,False,B,0.7,15.6,15.599705014749254,"{'gap': 0.0, 'volume': 0.0, 'trend': 0.702, 'position': 0.004, 'sector': 0.0, 'continuity': 0.3}",0.0,[],竞价涨幅 -0.21% 超出区间
300427,红相股份,20.0,6.31,6.25,-0.95,-0.048,1650000.0,363750000.0,0.00454,-3.33,-3.17,-0.95,2.38,True,-2.22,0.480662983425414,False,False,False,False,0,电网设备,0,0,False,False,A,1.1,18.5,18.46666666666667,"{'gap': 0.0, 'volume': 0.0, 'trend': 0.848, 'position': 0.0, 'sector': 0.0, 'continuity': 0.3}",0.0,[],竞价涨幅 -0.95% 超出区间
300522,世名科技,20.0,15.67,15.64,-0.19,-0.01,620000.0,363530000.0,0.00171,-0.64,-1.72,-0.19,0.45,False,-1.53,0.3723008190618019,True,False,False,False,0,化学制品,1,2,False,False,B,0.4,16.3,16.28871928518243,"{'gap': 0.0, 'volume': 0.0, 'trend': 0.537, 'position': 0.269, 'sector': 0.0, 'continuity': 0.3}",0.0,[],竞价涨幅 -0.19% 超出区间
603399,永杉锂业,10.0,13.54,13.42,-0.89,-0.089,1640000.0,361380000.0,0.00454,-3.25,-1.18,-0.89,2.36,True,-0.3,0.19539078156312617,False,False,False,False,0,能源金属,0,0,False,False,B,1.1,29.2,29.172845691382772,"{'gap': 0.0, 'volume': 0.0, 'trend': 1.0, 'position': 0.512, 'sector': 0.0, 'continuity': 0.3}",0.0,[],竞价涨幅 -0.89% 超出区间
603990,麦迪科技,10.0,19.34,19.09,-1.29,-0.129,590000.0,359100000.0,0.00164,0.05,0.05,-1.29,-1.34,False,1.34,0.35833333333333345,False,False,False,False,0,软件开发,0,0,False,False,B,0.4,0.0,0.0,"{'gap': 0.0, 'volume': 0.0, 'trend': 0.277, 'position': 0.104, 'sector': 0.0, 'continuity': 0.3}",12.5,['竞价尾段走弱'],竞价涨幅 -1.29% 超出区间
002803,吉宏股份,10.0,19.88,19.8,-0.4,-0.04,820000.0,357840000.0,0.00229,-2.41,-2.11,-0.4,2.01,True,-1.71,0.29999999999999993,True,False,False,False,0,互联网电商,0,0,False,False,B,0.5,28.0,27.95000000000001,"{'gap': 0.0, 'volume': 0.0, 'trend': 0.985, 'position': 0.45, 'sector': 0.0, 'continuity': 0.3}",0.0,[],竞价涨幅 -0.40% 超出区间
301390,经纬股份,20.0,43.29,42.65,-1.48,-0.074,6580000.0,356970000.0,0.01843,-1.89,-1.82,-1.48,0.42,True,-0.35,0.6269592476489028,True,False,False,False,0,建筑装饰,0,2,False,False,A,4.4,36.2,36.20241918943777,"{'gap': 0.0, 'volume': 0.54, 'trend': 0.685, 'position': 0.5, 'sector': 0.0, 'continuity': 0.3}",0.0,[],竞价涨幅 -1.48% 超出区间
603903,中持股份,10.0,15.12,14.9,-1.46,-0.146,3980000.0,356600000.0,0.01116,-0.6,-1.46,-1.46,-0.86,False,0.0,0.823931623931624,True,False,False,False,0,环境治理,0,0,False,False,A,2.7,17.8,17.7977356288576,"{'gap': 0.0, 'volume': 0.067, 'trend': 0.357, 'position': 0.5, 'sector': 0.0, 'continuity': 0.3}",0.0,[],竞价涨幅 -1.46% 超出区间
688689,银河微电,20.0,42.69,42.59,-0.23,-0.012,1050000.0,356360000.0,0.00295,-1.62,-1.62,-0.23,1.38,True,-1.38,0.2297105849018417,True,False,False,False,0,半导体,2,3,False,False,B,0.7,34.4,34.43585306618095,"{'gap': 0.0, 'volume': 0.0, 'trend': 0.765, 'position': 0.626, 'sector': 0.55, 'continuity': 0.3}",0.0,[],竞价涨幅 -0.23% 超出区间
600857,宁波中百,10.0,22.48,22.61,0.58,0.058,2590000.0,355780000.0,0.00728,2.49,2.18,0.58,-1.91,False,1.6,0.8157068062827227,True,False,False,False,0,零售,0,1,False,False,A,1.7,0.1,0.13333333333333464,"{'gap': 0.0, 'volume': 0.0, 'trend': 0.182, 'position': 0.5, 'sector': 0.0, 'continuity': 0.3}",12.5,['竞价尾段走弱'],竞价涨幅 0.58% 超出区间
002309,中利集团,10.0,2.82,2.82,0.0,0.0,2160000.0,355520000.0,0.00608,-0.71,-0.71,0.0,0.71,True,-0.71,0.38679245283018837,False,False,False,False,0,电网设备,0,0,False,False,B,1.5,17.4,17.361949685534604,"{'gap': 0.0, 'volume': 0.0, 'trend': 0.768, 'position': 0.033, 'sector': 0.0, 'continuity': 0.3}",0.0,[],竞价涨幅 0.00% 超出区间
600790,轻纺城,10.0,3.73,3.77,1.07,0.107,11860000.0,354150000.0,0.03349,-2.41,-3.22,1.07,3.49,False,-4.29,1.0,True,False,False,True,0,零售,0,1,False,False,A,8.0,4.9,4.89950494856042,"{'gap': 0.0, 'volume': 0.956, 'trend': 1.0, 'position': 0.3, 'sector': 0.0, 'continuity': 0.3}",45.0,"['高位极端放量', '昨日炸板']",竞价涨幅 1.07% 超出区间
300986,志特新材,20.0,12.02,11.89,-1.08,-0.054,1580000.0,353020000.0,0.00448,-1.16,-1.0,-1.08,0.08,False,0.08,0.27112676056338014,False,False,False,False,0,建筑材料,0,2,False,False,B,1.1,16.5,16.46607981220658,"{'gap': 0.0, 'volume': 0.0, 'trend': 0.507, 'position': 0.322, 'sector': 0.0, 'continuity': 0.3}",0.0,[],竞价涨幅 -1.08% 超出区间
603065,宿迁联盛,10.0,14.79,15.1,2.1,0.21,5970000.0,349670000.0,0.01707,-1.08,3.85,2.1,3.18,False,1.76,0.18831168831168826,False,False,False,False,0,化学制品,1,2,False,False,B,4.1,30.0,29.965072223438142,"{'gap': 0.067, 'volume': 0.468, 'trend': 1.0, 'position': 0.529, 'sector': 0.0, 'continuity': 0.3}",12.5,['竞价尾段走弱'],
605218,伟时电子,10.0,14.9,14.68,-1.48,-0.148,3530000.0,346570000.0,0.01019,-1.07,-1.48,-1.48,-0.4,False,0.0,0.6847058823529415,False,False,False,False,0,光学光电子,1,2,False,False,A,2.4,13.2,13.166666666666666,"{'gap': 0.0, 'volume': 0.0, 'trend': 0.433, 'position': 0.2, 'sector': 0.0, 'continuity': 0.3}",0.0,[],竞价涨幅 -1.48% 超出区间
300689,澄天伟业,20.0,67.24,66.64,-0.89,-0.045,950000.0,346530000.0,0.00274,-0.1,2.62,-0.89,-0.79,False,3.51,0.7818651177799288,True,False,False,False,0,通信设备,0,1,False,False,A,0.7,5.2,5.183333333333334,"{'gap': 0.0, 'volume': 0.0, 'trend': 0.434, 'position': 0.5, 'sector': 0.0, 'continuity': 0.3}",12.5,['竞价尾段走弱'],竞价涨幅 -0.89% 超出区间
002522,浙江众成,10.0,5.76,5.72,-0.69,-0.069,1940000.0,343650000.0,0.00565,-0.87,-1.04,-0.69,0.17,False,-0.35,0.6760563380281688,True,False,False,False,0,塑料制品,0,0,False,False,A,1.4,19.6,19.566666666666666,"{'gap': 0.0, 'volume': 0.0, 'trend': 0.528, 'position': 0.5, 'sector': 0.0, 'continuity': 0.3}",0.0,[],竞价涨幅 -0.69% 超出区间
603318,水发燃气,10.0,8.98,9.03,0.56,0.056,1920000.0,343130000.0,0.0056,0.11,0.11,0.56,0.45,True,-0.45,0.46899224806201584,False,False,False,False,0,燃气,0,0,False,False,A,1.3,16.0,15.999999999999998,"{'gap': 0.0, 'volume': 0.0, 'trend': 0.725, 'position': 0.0, 'sector': 0.0, 'continuity': 0.3}",0.0,[],竞价涨幅 0.56% 超出区间
300936,中英科技,20.0,83.63,83.65,0.02,0.001,960000.0,342850000.0,0.0028,-0.13,0.01,0.02,0.16,True,-0.01,0.5850723820266966,True,False,False,False,0,元件,0,2,False,False,A,0.7,22.3,22.26666666666667,"{'gap': 0.0, 'volume': 0.0, 'trend': 0.663, 'position': 0.5, 'sector': 0.0, 'continuity': 0.3}",0.0,[],竞价涨幅 0.02% 超出区间
300825,阿尔特,20.0,12.25,12.21,-0.33,-0.016,280000.0,342610000.0,0.00082,-0.16,-1.22,-0.33,-0.16,False,-0.9,0.7238493723849373,True,False,False,False,0,汽车服务及其他,0,1,False,False,A,0.2,18.7,18.733333333333334,"{'gap': 0.0, 'volume': 0.0, 'trend': 0.487, 'position': 0.5, 'sector': 0.0, 'continuity': 0.3}",0.0,[],竞价涨幅 -0.33% 超出区间
603137,恒尚节能,10.0,20.06,19.6,-2.29,-0.229,3450000.0,340930000.0,0.01012,-2.74,-3.29,-2.29,0.45,False,-1.0,0.22094188376753499,False,False,False,False,0,建筑装饰,0,2,False,False,B,2.4,19.7,19.714679358717436,"{'gap': 0.0, 'volume': 0.0, 'trend': 0.575, 'position': 0.448, 'sector': 0.0, 'continuity': 0.3}",0.0,[],竞价涨幅 -2.29% 超出区间
301458,钧崴电子,20.0,40.2,39.89,-0.77,-0.039,520000.0,340670000.0,0.00153,0.05,-0.55,-0.77,-0.82,False,0.22,0.3588929219600728,True,False,False,False,0,元件,0,2,False,False,B,0.4,14.7,14.674848759830606,"{'gap': 0.0, 'volume': 0.0, 'trend': 0.432, 'position': 0.303, 'sector': 0.0, 'continuity': 0.3}",0.0,[],竞价涨幅 -0.77% 超出区间
688499,利元亨,20.0,38.43,38.11,-0.83,-0.042,930000.0,338480000.0,0.00275,0.0,-0.86,-0.83,-0.83,False,-0.03,0.40847365562194454,True,False,False,False,0,电池,2,1,False,False,A,0.7,18.4,18.366666666666664,"{'gap': 0.0, 'volume': 0.0, 'trend': 0.431, 'position': 0.3, 'sector': 0.25, 'continuity': 0.3}",0.0,[],竞价涨幅 -0.83% 超出区间
600230,沧州大化,10.0,14.82,15.0,1.21,0.121,18350000.0,336640000.0,0.05451,3.58,3.04,1.21,-2.36,False,1.82,0.7024128686327079,False,False,True,False,1,化学制品,1,2,False,False,A,13.1,0.0,0.0,"{'gap': 0.0, 'volume': 0.0, 'trend': 0.107, 'position': 0.2, 'sector': 0.0, 'continuity': 0.85}",12.5,['竞价尾段走弱'],竞价涨幅 1.21% 超出区间
002286,保龄宝,10.0,8.75,8.54,-2.4,-0.24,5100000.0,335570000.0,0.0152,1.6,1.6,-2.4,-4.0,False,4.0,0.6015625000000001,False,False,True,False,1,农产品加工,0,1,False,False,A,3.6,3.7,3.7053671766854634,"{'gap': 0.0, 'volume': 0.358, 'trend': 0.0, 'position': 0.2, 'sector': 0.0, 'continuity': 0.85}",12.5,['竞价尾段走弱'],竞价涨幅 -2.40% 超出区间
300461,田中精机,20.0,36.22,36.19,-0.08,-0.004,1660000.0,332680000.0,0.00499,4.91,2.15,-0.08,-5.0,False,2.24,0.6834319526627218,False,False,False,False,0,自动化设备,0,0,False,False,A,1.2,0.0,0.0,"{'gap': 0.0, 'volume': 0.0, 'trend': 0.083, 'position': 0.2, 'sector': 0.0, 'continuity': 0.3}",12.5,['竞价尾段走弱'],竞价涨幅 -0.08% 超出区间
000779,甘咨询,10.0,8.69,8.66,-0.35,-0.035,2910000.0,332370000.0,0.00876,-0.46,-0.46,-0.35,0.12,True,-0.12,0.09253246753246758,False,False,False,False,0,建筑装饰,0,2,False,False,B,2.1,26.4,26.430032467532467,"{'gap': 0.0, 'volume': 0.0, 'trend': 0.67, 'position': 0.769, 'sector': 0.0, 'continuity': 0.3}",0.0,[],竞价涨幅 -0.35% 超出区间
002059,云南旅游,10.0,4.55,4.5,-1.1,-0.11,2700000.0,331740000.0,0.00814,-0.44,-1.1,-1.1,-0.66,False,0.0,0.1737089201877935,False,False,False,False,0,旅游及酒店,0,0,False,False,B,2.0,17.8,17.785915492957745,"{'gap': 0.0, 'volume': 0.0, 'trend': 0.39, 'position': 0.566, 'sector': 0.0, 'continuity': 0.3}",0.0,[],竞价涨幅 -1.10% 超出区间
002259,升达林业,10.0,4.78,4.78,0.0,0.0,4090000.0,329320000.0,0.01242,-1.67,-1.88,0.0,1.67,False,-1.88,0.8827160493827163,True,False,False,False,0,燃气,0,0,False,False,A,3.0,28.8,28.755445265168973,"{'gap': 0.0, 'volume': 0.168, 'trend': 0.778, 'position': 0.5, 'sector': 0.0, 'continuity': 0.3}",0.0,[],竞价涨幅 0.00% 超出区间
300063,天龙集团,20.0,8.6,8.56,-0.47,-0.023,670000.0,328510000.0,0.00204,-0.12,-0.35,-0.47,-0.35,False,0.12,0.44755244755244744,False,False,False,False,0,文化传媒,0,3,False,False,A,0.5,10.9,10.916666666666668,"{'gap': 0.0, 'volume': 0.0, 'trend': 0.471, 'position': 0.0, 'sector': 0.0, 'continuity': 0.3}",0.0,[],竞价涨幅 -0.47% 超出区间
300061,旗天科技,20.0,7.0,6.93,-1.0,-0.05,610000.0,328500000.0,0.00186,-1.0,-0.29,-1.0,0.0,False,0.71,0.6528497409326425,True,False,False,False,0,文化传媒,0,3,False,False,A,0.4,19.0,19.0,"{'gap': 0.0, 'volume': 0.0, 'trend': 0.5, 'position': 0.5, 'sector': 0.0, 'continuity': 0.3}",0.0,[],竞价涨幅 -1.00% 超出区间
002824,和胜股份,10.0,28.53,28.46,-0.25,-0.025,1310000.0,327450000.0,0.004,0.04,0.04,-0.25,-0.28,False,0.28,0.6755059316120029,True,False,False,False,0,工业金属,0,1,False,False,A,1.0,18.1,18.06666666666667,"{'gap': 0.0, 'volume': 0.0, 'trend': 0.453, 'position': 0.5, 'sector': 0.0, 'continuity': 0.3}",0.0,[],竞价涨幅 -0.25% 超出区间
002229,鸿博股份,10.0,10.62,10.56,-0.56,-0.056,1970000.0,327220000.0,0.00602,-0.19,-0.28,-0.56,-0.38,False,0.28,0.32346723044397446,False,False,False,False,0,IT服务,0,1,False,False,B,1.4,13.1,13.10331219168429,"{'gap': 0.0, 'volume': 0.0, 'trend': 0.437, 'position': 0.191, 'sector': 0.0, 'continuity': 0.3}",0.0,[],竞价涨幅 -0.56% 超出区间
300996,普联软件,20.0,12.75,12.65,-0.78,-0.039,1080000.0,326440000.0,0.00331,0.39,0.08,-0.78,-1.18,False,0.86,0.19736842105263153,False,False,False,False,0,软件开发,0,0,False,False,B,0.8,17.1,17.13201754385965,"{'gap': 0.0, 'volume': 0.0, 'trend': 0.402, 'position': 0.507, 'sector': 0.0, 'continuity': 0.3}",0.0,[],竞价涨幅 -0.78% 超出区间
001368,通达创智,10.0,37.53,37.52,-0.03,-0.003,3830000.0,325440000.0,0.01177,-4.58,-4.61,-0.03,4.56,False,-4.58,1.0,True,False,False,False,0,家居用品,1,1,False,False,A,2.8,28.9,28.920263809553166,"{'gap': 0.0, 'volume': 0.117, 'trend': 1.0, 'position': 0.3, 'sector': 0.0, 'continuity': 0.3}",0.0,[],竞价涨幅 -0.03% 超出区间
603958,哈森股份,10.0,18.93,19.07,0.74,0.074,1060000.0,324820000.0,0.00326,0.74,0.85,0.74,0.0,False,0.11,0.5547511312217194,False,False,False,False,0,服装家纺,0,1,False,False,A,0.8,14.5,14.500000000000002,"{'gap': 0.0, 'volume': 0.0, 'trend': 0.5, 'position': 0.2, 'sector': 0.0, 'continuity': 0.3}",0.0,[],竞价涨幅 0.74% 超出区间
002418,康盛股份,10.0,4.54,4.5,-0.88,-0.088,2790000.0,324420000.0,0.0086,-0.44,-0.88,-0.88,-0.44,False,0.0,0.5278810408921933,False,False,False,False,0,白色家电,0,0,False,False,A,2.1,10.0,10.033333333333333,"{'gap': 0.0, 'volume': 0.0, 'trend': 0.427, 'position': 0.0, 'sector': 0.0, 'continuity': 0.3}",0.0,[],竞价涨幅 -0.88% 超出区间
000877,天山股份,10.0,3.94,3.86,-2.03,-0.203,10090000.0,322370000.0,0.0313,-1.52,-1.52,-2.03,-0.51,False,0.51,1.0,False,False,False,True,0,建筑材料,0,2,False,False,A,7.5,19.4,19.375792841160482,"{'gap': 0.0, 'volume': 0.983, 'trend': 0.415, 'position': 0.0, 'sector': 0.0, 'continuity': 0.3}",15.0,['昨日炸板'],竞价涨幅 -2.03% 超出区间
688226,威腾电气,20.0,32.07,31.88,-0.59,-0.03,1060000.0,321820000.0,0.00329,-0.31,-0.59,-0.59,-0.28,False,0.0,0.4148809523809524,False,False,False,False,0,电网设备,0,0,False,False,A,0.8,11.0,11.033333333333333,"{'gap': 0.0, 'volume': 0.0, 'trend': 0.477, 'position': 0.0, 'sector': 0.0, 'continuity': 0.3}",0.0,[],竞价涨幅 -0.59% 超出区间
300905,宝丽迪,20.0,38.53,38.53,0.0,0.0,590000.0,318980000.0,0.00185,-1.35,-1.35,0.0,1.35,True,-1.35,0.32319391634980993,True,False,False,False,0,化学纤维,0,0,False,False,B,0.4,22.6,22.63022813688213,"{'gap': 0.0, 'volume': 0.0, 'trend': 0.763, 'position': 0.392, 'sector': 0.0, 'continuity': 0.3}",0.0,[],竞价涨幅 0.00% 超出区间
000670,盈方微,10.0,7.56,7.47,-1.19,-0.119,2020000.0,318080000.0,0.00635,-1.32,-1.19,-1.19,0.13,True,0.0,0.8412698412698411,True,False,False,False,0,其他电子,0,0,False,False,A,1.5,22.4,22.433333333333337,"{'gap': 0.0, 'volume': 0.0, 'trend': 0.672, 'position': 0.5, 'sector': 0.0, 'continuity': 0.3}",0.0,[],竞价涨幅 -1.19% 超出区间
002029,七 匹 狼,10.0,8.42,8.48,0.71,0.071,2160000.0,317880000.0,0.0068,1.43,1.54,0.71,-0.71,False,0.83,0.597285067873303,False,False,False,False,0,服装家纺,0,1,False,False,A,1.6,12.1,12.133333333333333,"{'gap': 0.0, 'volume': 0.0, 'trend': 0.382, 'position': 0.2, 'sector': 0.0, 'continuity': 0.3}",0.0,[],竞价涨幅 0.71% 超出区间
300368,汇金股份,20.0,9.56,9.46,-1.05,-0.052,1270000.0,317410000.0,0.004,-1.15,-1.26,-1.05,0.1,False,-0.21,0.8321678321678326,False,False,False,False,0,计算机设备,0,0,False,False,A,1.0,14.7,14.666666666666666,"{'gap': 0.0, 'volume': 0.0, 'trend': 0.508, 'position': 0.2, 'sector': 0.0, 'continuity': 0.3}",0.0,[],竞价涨幅 -1.05% 超出区间
605566,福莱蒽特,10.0,33.32,33.0,-0.96,-0.096,760000.0,316900000.0,0.0024,0.03,0.03,-0.96,-0.99,False,0.99,0.8876233864844345,False,False,False,False,0,化学制品,1,2,False,False,A,0.6,11.2,11.2,"{'gap': 0.0, 'volume': 0.0, 'trend': 0.335, 'position': 0.2, 'sector': 0.0, 'continuity': 0.3}",0.0,[],竞价涨幅 -0.96% 超出区间
688785,恒运昌,20.0,381.0,375.29,-1.5,-0.075,690000.0,316140000.0,0.00218,0.0,0.0,-1.5,-1.5,False,1.5,0.785,True,False,False,False,0,半导体,2,3,False,False,A,0.5,12.3,12.250000000000007,"{'gap': 0.0, 'volume': 0.0, 'trend': 0.375, 'position': 0.5, 'sector': 0.55, 'continuity': 0.3}",12.5,['竞价尾段走弱'],竞价涨幅 -1.50% 超出区间
300587,天铁科技,20.0,5.14,5.1,-0.78,-0.039,480000.0,315620000.0,0.00152,0.19,0.0,-0.78,-0.97,False,0.78,0.8820512820512818,False,False,False,False,0,橡胶制品,0,0,False,False,A,0.4,12.9,12.883333333333336,"{'gap': 0.0, 'volume': 0.0, 'trend': 0.419, 'position': 0.2, 'sector': 0.0, 'continuity': 0.3}",0.0,[],竞价涨幅 -0.78% 超出区间
301292,海科新源,20.0,58.54,58.82,0.48,0.024,840000.0,315530000.0,0.00266,-11.17,-0.56,0.48,11.65,True,-1.04,0.2849180327868852,False,False,False,False,0,电池,2,1,False,False,B,0.6,29.6,29.565573770491802,"{'gap': 0.0, 'volume': 0.0, 'trend': 1.0, 'position': 0.288, 'sector': 0.25, 'continuity': 0.3}",0.0,[],竞价涨幅 0.48% 超出区间
300215,电科院,20.0,6.87,6.7,-2.47,-0.124,4110000.0,314580000.0,0.01307,-2.47,-2.47,-2.47,0.0,True,0.0,1.0,False,False,False,False,0,其他社会服务,0,1,False,False,A,3.1,19.9,19.892569819562556,"{'gap': 0.0, 'volume': 0.216, 'trend': 0.65, 'position': 0.0, 'sector': 0.0, 'continuity': 0.3}",0.0,[],竞价涨幅 -2.47% 超出区间
600506,统一股份,10.0,17.1,17.05,-0.29,-0.029,2220000.0,313990000.0,0.00707,-3.51,-3.16,-0.29,3.22,True,-2.87,0.7248576850094879,False,False,False,False,0,石油加工贸易,0,0,False,False,A,1.7,24.5,24.5,"{'gap': 0.0, 'volume': 0.0, 'trend': 1.0, 'position': 0.2, 'sector': 0.0, 'continuity': 0.3}",0.0,[],竞价涨幅 -0.29% 超出区间
300554,三超新材,20.0,23.9,23.68,-0.92,-0.046,2750000.0,313580000.0,0.00877,-3.77,-3.43,-0.92,2.85,True,-2.51,0.6232558139534883,True,False,False,False,0,通用设备,1,6,False,False,A,2.1,26.8,26.75,"{'gap': 0.0, 'volume': 0.0, 'trend': 0.888, 'position': 0.5, 'sector': 0.0, 'continuity': 0.3}",0.0,[],竞价涨幅 -0.92% 超出区间
603175,超颖电子,10.0,114.58,113.95,-0.55,-0.055,2270000.0,310900000.0,0.0073,-2.0,-2.25,-0.55,1.45,False,-1.7,1.0,True,False,False,False,0,元件,0,2,False,False,A,1.8,20.8,20.833333333333336,"{'gap': 0.0, 'volume': 0.0, 'trend': 0.742, 'position': 0.3, 'sector': 0.0, 'continuity': 0.3}",0.0,[],竞价涨幅 -0.55% 超出区间
002900,哈三联,10.0,12.84,12.8,-0.31,-0.031,1930000.0,309310000.0,0.00624,-3.04,-3.04,-0.31,2.73,True,-2.73,0.5441176470588235,False,False,False,False,0,化学制药,1,0,False,False,A,1.5,21.5,21.500000000000004,"{'gap': 0.0, 'volume': 0.0, 'trend': 1.0, 'position': 0.0, 'sector': 0.0, 'continuity': 0.3}",0.0,[],竞价涨幅 -0.31% 超出区间
688216,气派科技,20.0,41.5,41.5,0.0,0.0,2070000.0,307450000.0,0.00673,-4.0,-0.27,0.0,4.0,True,-0.27,0.6423357664233578,True,False,False,False,0,半导体,2,3,False,False,A,1.6,36.9,36.91666666666667,"{'gap': 0.0, 'volume': 0.0, 'trend': 0.983, 'position': 0.5, 'sector': 0.55, 'continuity': 0.3}",0.0,[],竞价涨幅 0.00% 超出区间
688790,昂瑞微-UW,20.0,110.13,109.29,-0.76,-0.038,890000.0,306690000.0,0.0029,-0.13,-0.13,-0.76,-0.64,False,0.64,0.5414466130884041,False,False,False,False,0,半导体,2,3,False,False,A,0.7,18.7,18.683333333333334,"{'gap': 0.0, 'volume': 0.0, 'trend': 0.447, 'position': 0.0, 'sector': 0.55, 'continuity': 0.3}",0.0,[],竞价涨幅 -0.76% 超出区间
601811,新华文轩,10.0,18.5,20.35,10.0,1.0,99670000.0,306610000.0,0.32507,10.0,10.0,10.0,0.0,True,0.0,1.0,True,True,True,False,4,文化传媒,0,3,False,True,A,78.0,0.0,0.0,"{'gap': 0.0, 'volume': 0.0, 'trend': 0.65, 'position': 0.8, 'sector': 0.0, 'continuity': 0.6}",30.0,"['高位极端放量', '4连板 高位']",一字板（买不进）
600610,中毅达,10.0,7.6,7.53,-0.92,-0.092,1130000.0,301630000.0,0.00375,0.0,-0.79,-0.92,-0.92,False,0.13,0.43296089385474845,False,False,False,False,0,化学原料,0,1,False,False,A,0.9,8.4,8.433333333333334,"{'gap': 0.0, 'volume': 0.0, 'trend': 0.347, 'position': 0.0, 'sector': 0.0, 'continuity': 0.3}",0.0,[],竞价涨幅 -0.92% 超出区间
300149,睿智医药,20.0,10.01,10.06,0.5,0.025,1450000.0,299390000.0,0.00484,-1.6,-1.6,0.5,2.1,True,-2.1,0.5379310344827587,False,False,False,False,0,医疗服务,0,0,False,False,A,1.2,18.0,18.000000000000004,"{'gap': 0.0, 'volume': 0.0, 'trend': 0.825, 'position': 0.0, 'sector': 0.0, 'continuity': 0.3}",0.0,[],竞价涨幅 0.50% 超出区间
603001,奥康国际,10.0,12.12,12.0,-0.99,-0.099,2390000.0,298840000.0,0.008,-1.07,-0.99,-0.99,0.08,True,0.0,0.9124820659971304,True,False,False,False,0,服装家纺,0,1,False,False,A,1.9,22.3,22.26666666666667,"{'gap': 0.0, 'volume': 0.0, 'trend': 0.663, 'position': 0.5, 'sector': 0.0, 'continuity': 0.3}",0.0,[],竞价涨幅 -0.99% 超出区间
300504,天邑股份,20.0,18.94,18.78,-0.84,-0.042,270000.0,297740000.0,0.00091,-0.26,-0.84,-0.84,-0.58,False,0.0,0.9155354449472098,True,False,False,False,0,通信设备,0,1,False,False,A,0.2,18.0,18.033333333333335,"{'gap': 0.0, 'volume': 0.0, 'trend': 0.452, 'position': 0.5, 'sector': 0.0, 'continuity': 0.3}",0.0,[],竞价涨幅 -0.84% 超出区间
301160,翔楼新材,20.0,44.6,44.15,-1.01,-0.05,1130000.0,297710000.0,0.0038,0.56,0.0,-1.01,-1.57,False,1.01,0.6462287104622872,False,False,False,False,0,通用设备,1,6,False,False,A,0.9,11.9,11.883333333333333,"{'gap': 0.0, 'volume': 0.0, 'trend': 0.369, 'position': 0.2, 'sector': 0.0, 'continuity': 0.3}",0.0,[],竞价涨幅 -1.01% 超出区间
600785,新华百货,10.0,10.74,10.8,0.56,0.056,1400000.0,296740000.0,0.00472,0.0,0.0,0.56,0.56,True,-0.56,0.6129032258064516,False,False,False,False,0,零售,0,1,False,False,A,1.1,19.4,19.36666666666667,"{'gap': 0.0, 'volume': 0.0, 'trend': 0.743, 'position': 0.2, 'sector': 0.0, 'continuity': 0.3}",0.0,[],竞价涨幅 0.56% 超出区间
300647,超频三,20.0,8.55,8.67,1.4,0.07,1490000.0,295690000.0,0.00504,-1.05,-0.58,1.4,2.46,True,-1.99,1.0,True,False,False,False,0,消费电子,0,2,False,False,A,1.2,23.1,23.100000000000005,"{'gap': 0.0, 'volume': 0.0, 'trend': 0.855, 'position': 0.3, 'sector': 0.0, 'continuity': 0.3}",0.0,[],竞价涨幅 1.40% 超出区间
002279,久其软件,10.0,6.66,6.75,1.35,0.135,2040000.0,295430000.0,0.00691,0.0,0.0,1.35,1.35,True,-1.35,0.6611111111111114,False,False,False,False,0,软件开发,0,0,False,False,A,1.7,22.0,22.000000000000004,"{'gap': 0.0, 'volume': 0.0, 'trend': 0.875, 'position': 0.2, 'sector': 0.0, 'continuity': 0.3}",0.0,[],竞价涨幅 1.35% 超出区间
002137,实益达,10.0,8.27,8.29,0.24,0.024,1300000.0,294720000.0,0.00441,0.12,0.48,0.24,0.12,False,0.24,0.28288288288288277,True,False,False,False,0,光学光电子,1,2,False,False,B,1.1,19.3,19.2918918918919,"{'gap': 0.0, 'volume': 0.0, 'trend': 0.52, 'position': 0.493, 'sector': 0.0, 'continuity': 0.3}",0.0,[],竞价涨幅 0.24% 超出区间
002927,泰永长征,10.0,19.33,19.1,-1.19,-0.119,1670000.0,294540000.0,0.00567,-1.66,-2.95,-1.19,0.47,False,-1.76,0.831428571428571,True,False,False,False,0,电网设备,0,0,False,False,A,1.4,20.6,20.566666666666666,"{'gap': 0.0, 'volume': 0.0, 'trend': 0.578, 'position': 0.5, 'sector': 0.0, 'continuity': 0.3}",0.0,[],竞价涨幅 -1.19% 超出区间
603960,克来机电,10.0,18.23,18.14,-0.49,-0.049,850000.0,294470000.0,0.00289,1.76,0.0,-0.49,-2.25,False,0.49,0.7888513513513513,True,False,False,False,0,汽车零部件,0,2,False,False,A,0.7,11.5,11.5,"{'gap': 0.0, 'volume': 0.0, 'trend': 0.125, 'position': 0.5, 'sector': 0.0, 'continuity': 0.3}",0.0,[],竞价涨幅 -0.49% 超出区间
600207,安彩高科,10.0,4.94,4.77,-3.44,-0.344,4620000.0,293750000.0,0.01573,-4.86,-4.86,-3.44,1.42,True,-1.42,0.67515923566879,True,False,False,False,0,光伏设备,0,1,False,False,A,3.8,36.5,36.497520638716246,"{'gap': 0.0, 'volume': 0.391, 'trend': 0.887, 'position': 0.5, 'sector': 0.0, 'continuity': 0.3}",0.0,[],竞价涨幅 -3.44% 超出区间
920021,流金科技,30.0,8.06,8.02,-0.5,-0.017,1508800.0,292998300.0,0.00515,2.85,-0.74,-0.5,-3.35,False,-0.25,0.6228070175438599,False,False,False,False,0,文化传媒,0,3,False,False,A,1.2,10.8,10.777777777777779,"{'gap': 0.0, 'volume': 0.0, 'trend': 0.314, 'position': 0.2, 'sector': 0.0, 'continuity': 0.3}",0.0,[],竞价涨幅 -0.50% 超出区间
001288,运机集团,10.0,33.69,33.88,0.56,0.056,2730000.0,289390000.0,0.00943,0.56,0.56,0.56,0.0,True,0.0,1.0,True,False,False,False,0,专用设备,0,2,False,False,A,2.3,19.0,19.0,"{'gap': 0.0, 'volume': 0.0, 'trend': 0.65, 'position': 0.3, 'sector': 0.0, 'continuity': 0.3}",0.0,[],竞价涨幅 0.56% 超出区间
002194,武汉凡谷,10.0,10.67,10.77,0.94,0.094,1900000.0,289020000.0,0.00657,1.97,0.37,0.94,-1.03,False,-0.56,0.7676470588235291,False,False,False,False,0,通信设备,0,1,False,False,A,1.6,11.1,11.066666666666668,"{'gap': 0.0, 'volume': 0.0, 'trend': 0.328, 'position': 0.2, 'sector': 0.0, 'continuity': 0.3}",0.0,[],竞价涨幅 0.94% 超出区间
603330,天洋新材,10.0,9.86,9.73,-1.32,-0.132,560000.0,287520000.0,0.00195,-0.1,-1.32,-1.32,-1.22,False,0.0,0.6713043478260868,False,False,False,False,0,塑料制品,0,0,False,False,A,0.5,10.4,10.433333333333332,"{'gap': 0.0, 'volume': 0.0, 'trend': 0.297, 'position': 0.2, 'sector': 0.0, 'continuity': 0.3}",0.0,[],竞价涨幅 -1.32% 超出区间
603222,济民健康,10.0,8.94,8.94,0.0,0.0,17360000.0,287170000.0,0.06045,3.69,3.69,0.0,-3.69,False,3.69,0.6217948717948718,False,False,True,False,1,医疗器械,0,2,True,False,A,14.5,0.0,0.0,"{'gap': 0.0, 'volume': 0.0, 'trend': 0.0, 'position': 0.2, 'sector': 0.0, 'continuity': 0.85}",12.5,['竞价尾段走弱'],隔夜公告黑名单
300313,天山生物,20.0,13.01,13.27,2.0,0.1,1830000.0,285870000.0,0.0064,0.08,0.08,2.0,1.92,True,-1.92,0.6071428571428571,False,False,False,False,0,养殖业,1,0,False,False,A,1.5,20.7,20.700000000000003,"{'gap': 0.0, 'volume': 0.0, 'trend': 0.81, 'position': 0.2, 'sector': 0.0, 'continuity': 0.3}",0.0,[],竞价量能 0.64%(量比≈1.5) 超出区间
300688,创业黑马,20.0,36.28,36.0,-0.77,-0.039,860000.0,285380000.0,0.00301,-0.28,0.0,-0.77,-0.5,False,0.77,0.9719730941704036,True,False,False,False,0,教育,0,0,False,False,A,0.7,15.2,15.166666666666668,"{'gap': 0.0, 'volume': 0.0, 'trend': 0.458, 'position': 0.3, 'sector': 0.0, 'continuity': 0.3}",0.0,[],竞价涨幅 -0.77% 超出区间
002321,华英农业,10.0,2.06,2.11,2.43,0.243,6730000.0,284890000.0,0.02362,0.0,-0.49,2.43,2.43,False,-2.91,0.5200000000000002,False,False,False,False,0,养殖业,1,0,False,False,A,5.7,44.7,44.6908594733552,"{'gap': 0.287, 'volume': 0.774, 'trend': 0.905, 'position': 0.0, 'sector': 0.0, 'continuity': 0.3}",0.0,[],
002646,天佑德酒,10.0,7.34,7.33,-0.14,-0.014,9890000.0,284720000.0,0.03474,-0.27,-2.18,-0.14,0.14,False,-2.04,0.9646017699115044,False,False,False,True,0,白酒,0,0,False,False,A,8.3,0.0,0.0,"{'gap': 0.0, 'volume': 0.941, 'trend': 0.523, 'position': 0.0, 'sector': 0.0, 'continuity': 0.3}",45.0,"['高位极端放量', '昨日炸板']",竞价涨幅 -0.14% 超出区间
002339,积成电子,10.0,7.49,7.42,-0.93,-0.093,2210000.0,281130000.0,0.00786,0.13,0.13,-0.93,-1.07,False,1.07,0.6,True,False,False,False,0,电网设备,0,0,False,False,A,1.9,15.4,15.433333333333332,"{'gap': 0.0, 'volume': 0.0, 'trend': 0.322, 'position': 0.5, 'sector': 0.0, 'continuity': 0.3}",0.0,[],竞价涨幅 -0.93% 超出区间
002161,远 望 谷,10.0,6.74,6.67,-1.04,-0.104,2710000.0,280780000.0,0.00965,0.59,-1.78,-1.04,-1.63,False,-0.74,0.6198830409356727,False,False,False,False,0,其他电子,0,0,False,False,A,2.3,9.1,9.066666666666666,"{'gap': 0.0, 'volume': 0.0, 'trend': 0.228, 'position': 0.2, 'sector': 0.0, 'continuity': 0.3}",0.0,[],竞价涨幅 -1.04% 超出区间
002836,新宏泽,10.0,11.15,10.81,-3.05,-0.305,2690000.0,280700000.0,0.00958,-4.93,-4.84,-3.05,1.88,True,-1.79,0.7871794871794872,True,False,False,False,0,包装印刷,0,0,False,False,A,2.3,28.3,28.26666666666667,"{'gap': 0.0, 'volume': 0.0, 'trend': 0.963, 'position': 0.5, 'sector': 0.0, 'continuity': 0.3}",0.0,[],竞价涨幅 -3.05% 超出区间
300050,世纪鼎利,20.0,7.58,7.52,-0.79,-0.04,650000.0,279800000.0,0.00232,-0.79,-0.13,-0.79,0.0,False,0.66,1.0,True,False,False,False,0,通信服务,0,0,False,False,A,0.6,16.0,16.000000000000004,"{'gap': 0.0, 'volume': 0.0, 'trend': 0.5, 'position': 0.3, 'sector': 0.0, 'continuity': 0.3}",0.0,[],竞价涨幅 -0.79% 超出区间
688789,宏华数科,20.0,51.01,51.09,0.16,0.008,1200000.0,279520000.0,0.00429,0.22,0.22,0.16,-0.06,False,0.06,0.8166144200626956,False,False,False,False,0,专用设备,0,2,False,False,A,1.0,14.4,14.400000000000002,"{'gap': 0.0, 'volume': 0.0, 'trend': 0.495, 'position': 0.2, 'sector': 0.0, 'continuity': 0.3}",0.0,[],竞价涨幅 0.16% 超出区间
688386,泛亚微透,20.0,51.73,51.29,-0.85,-0.043,740000.0,278550000.0,0.00266,1.49,-0.14,-0.85,-2.34,False,0.72,0.14593556646042236,False,False,False,False,0,塑料制品,0,0,False,False,B,0.6,17.1,17.12741625773416,"{'gap': 0.0, 'volume': 0.0, 'trend': 0.305, 'position': 0.635, 'sector': 0.0, 'continuity': 0.3}",0.0,[],竞价涨幅 -0.85% 超出区间
920015,锦华新材,30.0,44.54,43.68,-1.93,-0.064,1371800.0,278218100.0,0.00493,-1.66,-3.41,-1.93,-0.27,False,-1.48,0.24444444444444444,False,False,False,False,0,化学制品,1,2,False,False,B,1.2,17.0,17.033333333333335,"{'gap': 0.0, 'volume': 0.0, 'trend': 0.485, 'position': 0.389, 'sector': 0.0, 'continuity': 0.3}",0.0,[],竞价涨幅 -1.93% 超出区间
688168,安博通,20.0,45.3,45.45,0.33,0.017,880000.0,277980000.0,0.00317,1.26,-1.66,0.33,-0.93,False,-1.99,0.32149280575539557,True,False,False,False,0,软件开发,0,0,False,False,B,0.8,15.9,15.89401978417267,"{'gap': 0.0, 'volume': 0.0, 'trend': 0.422, 'position': 0.396, 'sector': 0.0, 'continuity': 0.3}",0.0,[],竞价涨幅 0.33% 超出区间
300333,兆日科技,20.0,11.73,11.61,-1.02,-0.051,1150000.0,276420000.0,0.00416,0.0,-1.02,-1.02,-1.02,False,0.0,0.7037572254335261,False,False,False,False,0,计算机设备,0,0,False,False,A,1.0,12.8,12.8,"{'gap': 0.0, 'volume': 0.0, 'trend': 0.415, 'position': 0.2, 'sector': 0.0, 'continuity': 0.3}",0.0,[],竞价涨幅 -1.02% 超出区间
600743,华远控股,10.0,2.82,2.88,2.13,0.213,39930000.0,276180000.0,0.14458,9.93,9.93,2.13,-7.8,False,7.8,1.0,True,True,True,False,3,房地产,0,3,True,False,A,34.7,0.0,0.0,"{'gap': 0.087, 'volume': 0.0, 'trend': 0.0, 'position': 0.8, 'sector': 0.0, 'continuity': 0.6}",42.5,"['竞价尾段走弱', '高位极端放量', '3连板 高位']",隔夜公告黑名单
300619,金银河,20.0,27.23,27.1,-0.48,-0.024,1010000.0,275930000.0,0.00366,0.0,0.0,-0.48,-0.48,False,0.48,0.5075757575757576,False,False,False,False,0,电池,2,1,False,False,A,0.9,14.5,14.450000000000001,"{'gap': 0.0, 'volume': 0.0, 'trend': 0.46, 'position': 0.0, 'sector': 0.25, 'continuity': 0.3}",0.0,[],竞价涨幅 -0.48% 超出区间
003005,竞业达,10.0,14.87,14.66,-1.41,-0.141,1450000.0,274930000.0,0.00527,-5.85,-5.11,-1.41,4.44,True,-3.7,0.38074398249452934,False,False,False,False,0,IT服务,0,1,False,False,B,1.3,22.2,22.22210065645515,"{'gap': 0.0, 'volume': 0.0, 'trend': 1.0, 'position': 0.048, 'sector': 0.0, 'continuity': 0.3}",0.0,[],竞价涨幅 -1.41% 超出区间
301045,天禄科技,20.0,74.01,73.68,-0.45,-0.022,610000.0,274180000.0,0.00222,-1.34,-1.34,-0.45,0.89,True,-0.89,0.4890466531440163,True,False,False,False,0,光学光电子,1,2,False,False,A,0.5,20.5,20.483333333333338,"{'gap': 0.0, 'volume': 0.0, 'trend': 0.724, 'position': 0.3, 'sector': 0.0, 'continuity': 0.3}",0.0,[],竞价涨幅 -0.45% 超出区间
920060,万源通,30.0,31.8,31.51,-0.91,-0.03,860900.0,271502300.0,0.00317,0.0,-0.91,-0.91,-0.91,False,0.0,1.0,True,False,False,False,0,元件,0,2,False,False,A,0.8,15.0,14.98888888888889,"{'gap': 0.0, 'volume': 0.0, 'trend': 0.449, 'position': 0.3, 'sector': 0.0, 'continuity': 0.3}",0.0,[],竞价涨幅 -0.91% 超出区间
600356,恒丰纸业,10.0,10.7,10.57,-1.21,-0.121,1420000.0,268380000.0,0.00529,-0.84,-2.43,-1.21,-0.37,False,-1.21,0.936111111111111,True,False,False,False,0,造纸,0,0,False,False,A,1.3,17.8,17.76666666666667,"{'gap': 0.0, 'volume': 0.0, 'trend': 0.438, 'position': 0.5, 'sector': 0.0, 'continuity': 0.3}",0.0,[],竞价涨幅 -1.21% 超出区间
601999,出版传媒,10.0,6.9,6.82,-1.16,-0.116,3370000.0,266900000.0,0.01263,-3.33,-2.9,-1.16,2.17,True,-1.74,0.542857142857143,False,False,False,False,0,文化传媒,0,3,False,False,A,3.0,26.1,26.08445051634153,"{'gap': 0.0, 'volume': 0.183, 'trend': 1.0, 'position': 0.0, 'sector': 0.0, 'continuity': 0.3}",0.0,[],竞价涨幅 -1.16% 超出区间
300505,川金诺,20.0,18.96,19.05,0.47,0.024,580000.0,266840000.0,0.00217,-0.37,0.26,0.47,0.84,True,-0.21,0.2534930139720558,False,False,False,False,0,农化制品,0,0,False,False,B,0.5,21.4,21.394011976047906,"{'gap': 0.0, 'volume': 0.0, 'trend': 0.72, 'position': 0.366, 'sector': 0.0, 'continuity': 0.3}",0.0,[],竞价涨幅 0.47% 超出区间
002918,蒙娜丽莎,10.0,10.86,10.54,-2.95,-0.295,2480000.0,265480000.0,0.00934,0.09,-1.47,-2.95,-3.04,False,1.47,0.7368421052631575,False,False,False,False,0,家居用品,1,1,False,False,A,2.2,0.0,0.0,"{'gap': 0.0, 'volume': 0.0, 'trend': 0.0, 'position': 0.2, 'sector': 0.0, 'continuity': 0.3}",12.5,['竞价尾段走弱'],竞价涨幅 -2.95% 超出区间
002623,亚玛顿,10.0,18.72,18.71,-0.05,-0.005,2130000.0,265170000.0,0.00803,0.0,0.0,-0.05,-0.05,False,0.05,0.831306990881459,True,False,False,False,0,光伏设备,0,1,False,False,A,1.9,18.8,18.833333333333336,"{'gap': 0.0, 'volume': 0.0, 'trend': 0.492, 'position': 0.5, 'sector': 0.0, 'continuity': 0.3}",0.0,[],竞价涨幅 -0.05% 超出区间
300927,江天化学,20.0,27.35,27.12,-0.84,-0.042,880000.0,264490000.0,0.00333,-1.28,-1.24,-0.84,0.44,True,-0.4,0.4986754966887417,False,False,False,False,0,化学原料,0,1,False,False,A,0.8,15.2,15.233333333333333,"{'gap': 0.0, 'volume': 0.0, 'trend': 0.687, 'position': 0.0, 'sector': 0.0, 'continuity': 0.3}",0.0,[],竞价涨幅 -0.84% 超出区间
000509,华塑控股,10.0,3.76,3.77,0.27,0.027,1620000.0,264150000.0,0.00613,0.27,0.0,0.27,0.0,False,-0.27,0.8281249999999998,True,False,False,False,0,光学光电子,1,2,True,False,A,1.5,19.0,19.0,"{'gap': 0.0, 'volume': 0.0, 'trend': 0.5, 'position': 0.5, 'sector': 0.0, 'continuity': 0.3}",0.0,[],隔夜公告黑名单
688717,艾罗能源,20.0,43.29,43.48,0.44,0.022,1040000.0,263710000.0,0.00394,0.69,1.16,0.44,-0.25,False,0.72,0.02149178255372945,False,False,False,False,0,光伏设备,0,1,False,False,B,0.9,25.3,25.27739148756848,"{'gap': 0.0, 'volume': 0.0, 'trend': 0.479, 'position': 0.946, 'sector': 0.0, 'continuity': 0.3}",0.0,[],竞价涨幅 0.44% 超出区间
603716,塞力医疗,10.0,16.81,17.1,1.73,0.173,2920000.0,262040000.0,0.01114,3.81,2.91,1.73,-2.08,False,1.19,0.6470588235294112,False,False,False,False,0,医药商业,0,0,False,False,A,2.7,9.2,9.18873989106454,"{'gap': 0.0, 'volume': 0.065, 'trend': 0.153, 'position': 0.2, 'sector': 0.0, 'continuity': 0.3}",0.0,[],竞价涨幅 1.73% 超出区间
000802,北京文化,10.0,3.89,3.92,0.77,0.077,2310000.0,261410000.0,0.00884,-1.54,-1.29,0.77,2.31,True,-2.06,0.15658362989323843,False,False,False,False,0,影视院线,0,0,False,False,B,2.1,30.6,30.62811387900356,"{'gap': 0.0, 'volume': 0.0, 'trend': 1.0, 'position': 0.609, 'sector': 0.0, 'continuity': 0.3}",0.0,[],竞价涨幅 0.77% 超出区间
300292,吴通控股,20.0,4.51,4.5,-0.22,-0.011,1170000.0,260930000.0,0.00448,0.22,-0.44,-0.22,-0.44,False,-0.22,0.6372549019607843,True,False,False,False,0,通信服务,0,0,False,False,A,1.1,18.3,18.26666666666667,"{'gap': 0.0, 'volume': 0.0, 'trend': 0.463, 'position': 0.5, 'sector': 0.0, 'continuity': 0.3}",0.0,[],竞价涨幅 -0.22% 超出区间
300873,海晨股份,20.0,16.01,15.91,-0.62,-0.031,900000.0,260820000.0,0.00345,1.94,-3.0,-0.62,-2.56,False,-2.37,0.13202084539664163,False,False,False,False,0,物流,0,0,False,False,B,0.8,17.3,17.28255163095927,"{'gap': 0.0, 'volume': 0.0, 'trend': 0.287, 'position': 0.67, 'sector': 0.0, 'continuity': 0.3}",0.0,[],竞价涨幅 -0.62% 超出区间
603803,瑞斯康达,10.0,12.87,13.17,2.33,0.233,28420000.0,260170000.0,0.10924,10.02,9.56,2.33,-7.69,False,7.23,1.0,True,True,True,False,1,通信设备,0,1,False,False,A,26.2,0.0,0.0,"{'gap': 0.22, 'volume': 0.0, 'trend': 0.0, 'position': 0.8, 'sector': 0.0, 'continuity': 0.85}",42.5,"['竞价尾段走弱', '高位极端放量']",竞价量能 10.92%(量比≈26.2) 超出区间
300410,正业科技,20.0,8.99,8.99,0.0,0.0,1710000.0,259810000.0,0.00658,0.0,0.0,0.0,0.0,True,0.0,0.6640211640211641,True,False,False,False,0,电池,2,1,False,False,A,1.6,25.8,25.75,"{'gap': 0.0, 'volume': 0.0, 'trend': 0.65, 'position': 0.5, 'sector': 0.25, 'continuity': 0.3}",0.0,[],竞价涨幅 0.00% 超出区间
002026,山东威达,10.0,11.37,11.32,-0.44,-0.044,3180000.0,259560000.0,0.01225,-2.02,-2.37,-0.44,1.58,False,-1.93,0.6160458452722058,False,False,False,False,0,通用设备,1,6,False,False,A,2.9,23.6,23.630208123560138,"{'gap': 0.0, 'volume': 0.155, 'trend': 0.763, 'position': 0.2, 'sector': 0.0, 'continuity': 0.3}",0.0,[],竞价涨幅 -0.44% 超出区间
300523,辰安科技,20.0,22.88,22.82,-0.26,-0.013,5490000.0,258910000.0,0.0212,-2.53,-2.53,-0.26,2.27,True,-2.27,1.0,True,False,False,False,0,IT服务,0,1,False,False,A,5.1,39.6,39.590040881119364,"{'gap': 0.0, 'volume': 0.672, 'trend': 0.839, 'position': 0.3, 'sector': 0.0, 'continuity': 0.3}",0.0,[],竞价涨幅 -0.26% 超出区间
301360,荣旗科技,20.0,67.98,67.6,-0.56,-0.028,760000.0,258280000.0,0.00294,-4.12,-4.12,-0.56,3.56,True,-3.56,0.8364071038251368,True,False,False,False,0,自动化设备,0,0,False,False,A,0.7,27.9,27.933333333333337,"{'gap': 0.0, 'volume': 0.0, 'trend': 0.947, 'position': 0.5, 'sector': 0.0, 'continuity': 0.3}",0.0,[],竞价涨幅 -0.56% 超出区间
300562,乐心股份,20.0,17.2,17.25,0.29,0.015,620000.0,257890000.0,0.0024,0.87,0.93,0.29,-0.58,False,0.64,0.7301829268292683,False,False,False,False,0,医疗器械,0,2,False,False,A,0.6,13.5,13.533333333333333,"{'gap': 0.0, 'volume': 0.0, 'trend': 0.452, 'position': 0.2, 'sector': 0.0, 'continuity': 0.3}",0.0,[],竞价涨幅 0.29% 超出区间
002099,海翔药业,10.0,5.94,5.84,-1.68,-0.168,790000.0,257450000.0,0.00307,-0.17,-1.35,-1.68,-1.52,False,0.34,1.0,True,False,False,False,0,化学制药,1,0,False,False,A,0.7,10.9,10.933333333333332,"{'gap': 0.0, 'volume': 0.0, 'trend': 0.247, 'position': 0.3, 'sector': 0.0, 'continuity': 0.3}",0.0,[],竞价涨幅 -1.68% 超出区间
300163,先锋新材,20.0,8.09,8.15,0.74,0.037,960000.0,257340000.0,0.00373,0.74,0.74,0.74,0.0,True,0.0,0.9825581395348836,False,False,False,False,0,家居用品,1,1,False,False,A,0.9,14.5,14.500000000000002,"{'gap': 0.0, 'volume': 0.0, 'trend': 0.65, 'position': 0.0, 'sector': 0.0, 'continuity': 0.3}",0.0,[],竞价涨幅 0.74% 超出区间
000753,漳州发展,10.0,4.86,4.86,0.0,0.0,2400000.0,257070000.0,0.00934,-1.23,-1.03,0.0,1.23,True,-1.03,0.4710743801652895,False,False,False,False,0,综合,0,0,False,False,A,2.2,18.6,18.6,"{'gap': 0.0, 'volume': 0.0, 'trend': 0.855, 'position': 0.0, 'sector': 0.0, 'continuity': 0.3}",0.0,[],竞价涨幅 0.00% 超出区间
603286,日盈电子,10.0,45.97,45.39,-1.26,-0.126,660000.0,256320000.0,0.00257,-0.48,-0.48,-1.26,-0.78,False,0.78,0.5145759717314486,False,False,False,False,0,汽车零部件,0,2,False,False,A,0.6,8.9,8.9,"{'gap': 0.0, 'volume': 0.0, 'trend': 0.37, 'position': 0.0, 'sector': 0.0, 'continuity': 0.3}",0.0,[],竞价涨幅 -1.26% 超出区间
600199,金种子酒,10.0,7.26,7.21,-0.69,-0.069,4740000.0,256050000.0,0.01851,-3.44,-3.58,-0.69,2.75,False,-2.89,0.5606060606060602,False,False,False,False,0,白酒,0,0,False,False,A,4.4,37.3,37.27129912180766,"{'gap': 0.0, 'volume': 0.544, 'trend': 0.958, 'position': 0.2, 'sector': 0.0, 'continuity': 0.3}",0.0,[],竞价涨幅 -0.69% 超出区间
601789,宁波建工,10.0,4.36,4.27,-2.06,-0.206,3120000.0,255250000.0,0.01222,0.0,-1.38,-2.06,-2.06,False,0.69,0.5542168674698796,False,False,False,False,0,建筑装饰,0,2,False,False,A,2.9,11.4,11.439011784140144,"{'gap': 0.0, 'volume': 0.152, 'trend': 0.157, 'position': 0.2, 'sector': 0.0, 'continuity': 0.3}",0.0,[],竞价涨幅 -2.06% 超出区间
300426,华智数媒,20.0,8.09,8.02,-0.87,-0.043,1310000.0,253740000.0,0.00516,1.24,1.24,-0.87,-2.1,False,2.1,0.8953488372093025,True,False,False,False,0,影视院线,0,0,False,False,A,1.2,3.0,2.9999999999999964,"{'gap': 0.0, 'volume': 0.0, 'trend': 0.325, 'position': 0.5, 'sector': 0.0, 'continuity': 0.3}",12.5,['竞价尾段走弱'],竞价涨幅 -0.87% 超出区间
688136,科兴制药,20.0,24.59,24.35,-0.98,-0.049,720000.0,253710000.0,0.00284,-0.04,0.85,-0.98,-0.94,False,1.83,0.9250614250614252,True,False,False,False,0,生物制品,1,0,False,False,A,0.7,4.9,4.933333333333334,"{'gap': 0.0, 'volume': 0.0, 'trend': 0.422, 'position': 0.5, 'sector': 0.0, 'continuity': 0.3}",12.5,['竞价尾段走弱'],竞价涨幅 -0.98% 超出区间
301235,华康洁净,20.0,47.62,47.3,-0.67,-0.034,340000.0,251920000.0,0.00135,2.86,-0.1,-0.67,-3.53,False,0.57,0.3921251348435814,False,False,False,False,0,医疗服务,0,0,False,False,B,0.3,5.9,5.911974110032366,"{'gap': 0.0, 'volume': 0.0, 'trend': 0.206, 'position': 0.02, 'sector': 0.0, 'continuity': 0.3}",0.0,[],竞价涨幅 -0.67% 超出区间
002687,乔治白,10.0,5.57,5.54,-0.54,-0.054,1380000.0,249950000.0,0.00552,1.97,-0.54,-0.54,-2.51,False,0.0,0.4757281553398059,False,False,False,False,0,服装家纺,0,1,False,False,A,1.3,3.1,3.1333333333333346,"{'gap': 0.0, 'volume': 0.0, 'trend': 0.082, 'position': 0.0, 'sector': 0.0, 'continuity': 0.3}",0.0,[],竞价涨幅 -0.54% 超出区间
002613,北玻股份,10.0,3.58,3.53,-1.4,-0.14,2960000.0,249640000.0,0.01186,-1.4,-1.4,-1.4,0.0,True,0.0,0.8243243243243245,True,False,False,False,0,专用设备,0,2,False,False,A,2.8,25.1,25.100024354979727,"{'gap': 0.0, 'volume': 0.124, 'trend': 0.65, 'position': 0.5, 'sector': 0.0, 'continuity': 0.3}",0.0,[],竞价涨幅 -1.40% 超出区间
688115,思林杰,20.0,66.9,66.07,-1.24,-0.062,740000.0,249550000.0,0.00297,0.0,-2.69,-1.24,-1.24,False,-1.45,0.7094631986718318,False,False,False,False,0,通用设备,1,6,False,False,A,0.7,12.4,12.433333333333334,"{'gap': 0.0, 'volume': 0.0, 'trend': 0.397, 'position': 0.2, 'sector': 0.0, 'continuity': 0.3}",0.0,[],竞价涨幅 -1.24% 超出区间
002848,高斯贝尔,10.0,15.66,15.61,-0.32,-0.032,190000.0,249140000.0,0.00076,0.0,0.0,-0.32,-0.32,False,0.32,1.0,True,False,False,False,0,黑色家电,0,0,False,False,A,0.2,14.9,14.933333333333332,"{'gap': 0.0, 'volume': 0.0, 'trend': 0.447, 'position': 0.3, 'sector': 0.0, 'continuity': 0.3}",0.0,[],竞价涨幅 -0.32% 超出区间
300071,福石控股,20.0,4.09,4.04,-1.22,-0.061,600000.0,248580000.0,0.00241,-0.24,-0.24,-1.22,-0.98,False,0.98,0.3593749999999999,False,False,False,False,0,文化传媒,0,3,False,False,B,0.6,11.4,11.390104166666672,"{'gap': 0.0, 'volume': 0.0, 'trend': 0.418, 'position': 0.102, 'sector': 0.0, 'continuity': 0.3}",0.0,[],竞价涨幅 -1.22% 超出区间
002935,天奥电子,10.0,17.52,17.29,-1.31,-0.131,6720000.0,248100000.0,0.02709,2.74,2.74,-1.31,-4.05,False,4.05,0.35085714285714287,True,False,True,False,1,军工电子,0,1,False,False,A,6.5,18.8,18.842185743133566,"{'gap': 0.0, 'volume': 0.904, 'trend': 0.0, 'position': 0.3, 'sector': 0.0, 'continuity': 0.85}",12.5,['竞价尾段走弱'],竞价涨幅 -1.31% 超出区间
300560,中富通,20.0,18.08,18.0,-0.44,-0.022,770000.0,247100000.0,0.00312,0.44,0.44,-0.44,-0.88,False,0.88,0.6651785714285714,False,False,False,False,0,通信服务,0,0,False,False,A,0.7,13.0,13.033333333333333,"{'gap': 0.0, 'volume': 0.0, 'trend': 0.427, 'position': 0.2, 'sector': 0.0, 'continuity': 0.3}",0.0,[],竞价涨幅 -0.44% 超出区间
600609,金杯汽车,10.0,3.56,3.55,-0.28,-0.028,2260000.0,246940000.0,0.00915,-0.28,-1.12,-0.28,0.0,False,-0.84,0.7313432835820894,True,False,False,False,0,汽车零部件,0,2,False,False,A,2.2,19.0,19.0,"{'gap': 0.0, 'volume': 0.0, 'trend': 0.5, 'position': 0.5, 'sector': 0.0, 'continuity': 0.3}",0.0,[],竞价涨幅 -0.28% 超出区间
688656,浩欧博,20.0,141.04,139.0,-1.45,-0.072,3950000.0,245560000.0,0.01609,0.96,1.0,-1.45,-2.4,False,2.45,1.0,True,False,True,False,1,医疗器械,0,2,False,False,A,3.9,12.5,12.548178807134956,"{'gap': 0.0, 'volume': 0.412, 'trend': 0.3, 'position': 0.3, 'sector': 0.0, 'continuity': 0.85}",12.5,['竞价尾段走弱'],竞价涨幅 -1.45% 超出区间
002672,东江环保,10.0,3.89,3.81,-2.06,-0.206,7540000.0,245160000.0,0.03076,-1.8,-3.86,-2.06,-0.26,False,-1.8,0.8409090909090908,False,False,False,False,0,环境治理,0,0,False,False,A,7.4,38.4,38.38315570358045,"{'gap': 0.0, 'volume': 0.99, 'trend': 0.457, 'position': 0.2, 'sector': 0.0, 'continuity': 0.3}",0.0,[],竞价涨幅 -2.06% 超出区间
603120,肯特催化,10.0,60.09,59.74,-0.58,-0.058,2330000.0,244970000.0,0.00951,-6.29,-3.48,-0.58,5.71,True,-2.9,0.9109235818096578,True,False,False,False,0,化学制品,1,2,False,False,A,2.3,29.0,29.000000000000004,"{'gap': 0.0, 'volume': 0.0, 'trend': 1.0, 'position': 0.5, 'sector': 0.0, 'continuity': 0.3}",0.0,[],竞价涨幅 -0.58% 超出区间
300606,金太阳,20.0,36.78,36.6,-0.49,-0.024,310000.0,244940000.0,0.00127,0.3,0.3,-0.49,-0.79,False,0.79,0.6453265044814341,False,False,False,False,0,通用设备,1,6,False,False,A,0.3,13.2,13.183333333333334,"{'gap': 0.0, 'volume': 0.0, 'trend': 0.434, 'position': 0.2, 'sector': 0.0, 'continuity': 0.3}",0.0,[],竞价涨幅 -0.49% 超出区间
301193,家联科技,20.0,23.94,24.58,2.67,0.134,2480000.0,244100000.0,0.01016,1.92,1.92,2.67,0.75,True,-0.75,1.0,True,True,False,False,0,家居用品,1,1,False,False,A,2.4,36.7,36.68333333333334,"{'gap': 0.447, 'volume': 0.0, 'trend': 0.713, 'position': 0.8, 'sector': 0.0, 'continuity': 0.3}",0.0,[],竞价量能 1.02%(量比≈2.4) 超出区间
301060,兰卫医学,20.0,12.15,12.06,-0.74,-0.037,960000.0,244020000.0,0.00393,-1.89,-2.47,-0.74,1.15,False,-1.73,0.8105906313645622,True,False,False,False,0,医疗服务,0,0,False,False,A,0.9,20.9,20.916666666666668,"{'gap': 0.0, 'volume': 0.0, 'trend': 0.596, 'position': 0.5, 'sector': 0.0, 'continuity': 0.3}",0.0,[],竞价涨幅 -0.74% 超出区间
300086,康芝药业,20.0,5.49,5.46,-0.55,-0.027,730000.0,242080000.0,0.00302,-0.36,-0.36,-0.55,-0.18,False,0.18,0.0,False,False,False,False,0,化学制药,1,0,False,False,B,0.7,26.2,26.200000000000003,"{'gap': 0.0, 'volume': 0.0, 'trend': 0.485, 'position': 1.0, 'sector': 0.0, 'continuity': 0.3}",0.0,[],竞价涨幅 -0.55% 超出区间
301551,无线传媒,20.0,22.55,22.42,-0.58,-0.029,880000.0,241640000.0,0.00364,-2.31,-1.86,-0.58,1.73,True,-1.29,0.8314087759815242,True,False,False,False,0,文化传媒,0,3,False,False,A,0.9,24.9,24.883333333333336,"{'gap': 0.0, 'volume': 0.0, 'trend': 0.794, 'position': 0.5, 'sector': 0.0, 'continuity': 0.3}",0.0,[],竞价涨幅 -0.58% 超出区间
603138,海量数据,10.0,15.04,15.08,0.27,0.027,1110000.0,239560000.0,0.00463,0.27,0.27,0.27,0.0,True,0.0,0.8375870069605567,True,False,False,False,0,软件开发,0,0,False,False,A,1.1,22.0,22.000000000000004,"{'gap': 0.0, 'volume': 0.0, 'trend': 0.65, 'position': 0.5, 'sector': 0.0, 'continuity': 0.3}",0.0,[],竞价涨幅 0.27% 超出区间
603669,灵康药业,10.0,6.02,5.97,-0.83,-0.083,200000.0,239420000.0,0.00084,0.0,-0.17,-0.83,-0.83,False,0.66,0.3343949044585987,True,False,False,False,0,化学制药,1,0,False,False,B,0.2,14.2,14.193524416135883,"{'gap': 0.0, 'volume': 0.0, 'trend': 0.362, 'position': 0.364, 'sector': 0.0, 'continuity': 0.3}",0.0,[],竞价涨幅 -0.83% 超出区间
300798,锦鸡股份,20.0,8.73,8.77,0.46,0.023,1060000.0,238050000.0,0.00445,-1.26,1.72,0.46,1.72,False,1.26,0.7879656160458453,False,False,False,False,0,化学制品,1,2,False,False,A,1.1,4.9,4.866666666666671,"{'gap': 0.0, 'volume': 0.0, 'trend': 0.643, 'position': 0.2, 'sector': 0.0, 'continuity': 0.3}",12.5,['竞价尾段走弱'],竞价涨幅 0.46% 超出区间
300311,任子行,20.0,5.91,5.91,0.0,0.0,760000.0,237930000.0,0.00319,0.0,0.0,0.0,0.0,True,0.0,0.45175438596491235,True,False,False,False,0,软件开发,0,0,False,False,A,0.8,19.0,19.0,"{'gap': 0.0, 'volume': 0.0, 'trend': 0.65, 'position': 0.3, 'sector': 0.0, 'continuity': 0.3}",0.0,[],竞价涨幅 0.00% 超出区间
603696,安记食品,10.0,13.82,13.84,0.14,0.014,2180000.0,237050000.0,0.0092,-1.74,-2.24,0.14,1.88,False,-2.39,0.4756756756756757,False,False,False,False,0,食品加工制造,0,0,False,False,A,2.2,17.8,17.766666666666666,"{'gap': 0.0, 'volume': 0.0, 'trend': 0.813, 'position': 0.0, 'sector': 0.0, 'continuity': 0.3}",0.0,[],竞价涨幅 0.14% 超出区间
002638,勤上股份,10.0,4.74,4.72,-0.42,-0.042,3490000.0,236390000.0,0.01476,0.0,0.0,-0.42,-0.42,False,0.42,1.0,False,False,True,False,1,光学光电子,1,2,False,False,A,3.5,21.1,21.11217191822711,"{'gap': 0.0, 'volume': 0.33, 'trend': 0.43, 'position': 0.0, 'sector': 0.0, 'continuity': 0.85}",0.0,[],竞价涨幅 -0.42% 超出区间
300656,民德电子,20.0,30.06,29.98,-0.27,-0.013,1470000.0,236300000.0,0.00622,-0.03,-0.27,-0.27,-0.23,False,0.0,0.595118449389806,True,False,False,False,0,其他电子,0,0,False,False,A,1.5,18.6,18.61666666666667,"{'gap': 0.0, 'volume': 0.0, 'trend': 0.481, 'position': 0.5, 'sector': 0.0, 'continuity': 0.3}",0.0,[],竞价涨幅 -0.27% 超出区间
301311,昆船智能,20.0,14.98,15.06,0.53,0.027,2220000.0,236140000.0,0.0094,-1.67,-1.54,0.53,2.2,True,-2.07,0.865814696485623,True,False,False,False,0,通用设备,1,6,False,False,A,2.3,25.7,25.66666666666667,"{'gap': 0.0, 'volume': 0.0, 'trend': 0.833, 'position': 0.5, 'sector': 0.0, 'continuity': 0.3}",0.0,[],竞价涨幅 0.53% 超出区间
002442,龙星科技,10.0,5.56,5.51,-0.9,-0.09,910000.0,234590000.0,0.00388,0.36,-1.08,-0.9,-1.26,False,-0.18,0.8066666666666666,True,False,False,False,0,橡胶制品,0,0,False,False,A,0.9,14.8,14.800000000000002,"{'gap': 0.0, 'volume': 0.0, 'trend': 0.29, 'position': 0.5, 'sector': 0.0, 'continuity': 0.3}",0.0,[],竞价涨幅 -0.90% 超出区间
603395,红四方,10.0,26.78,26.78,0.0,0.0,1590000.0,234150000.0,0.00679,-0.49,-0.49,0.0,0.49,True,-0.49,0.6146118721461188,False,False,False,False,0,农化制品,0,0,False,False,A,1.6,19.1,19.133333333333336,"{'gap': 0.0, 'volume': 0.0, 'trend': 0.732, 'position': 0.2, 'sector': 0.0, 'continuity': 0.3}",0.0,[],竞价涨幅 0.00% 超出区间
688551,科威尔,20.0,43.25,43.25,0.0,0.0,910000.0,233790000.0,0.00389,0.0,0.0,0.0,0.0,True,0.0,0.36992011114970474,True,False,False,False,0,其他电源设备,0,0,False,False,B,0.9,18.6,18.627995831886075,"{'gap': 0.0, 'volume': 0.0, 'trend': 0.65, 'position': 0.275, 'sector': 0.0, 'continuity': 0.3}",0.0,[],竞价涨幅 0.00% 超出区间
600293,三峡新材,10.0,3.7,3.72,0.54,0.054,32320000.0,232240000.0,0.13917,10.0,10.0,0.54,-9.46,False,9.46,1.0,True,True,True,False,1,建筑材料,0,2,False,False,A,33.4,0.0,0.0,"{'gap': 0.0, 'volume': 0.0, 'trend': 0.0, 'position': 0.8, 'sector': 0.0, 'continuity': 0.85}",42.5,"['竞价尾段走弱', '高位极端放量']",竞价涨幅 0.54% 超出区间
002365,永安药业,10.0,13.84,14.78,6.79,0.679,14400000.0,230870000.0,0.06237,9.97,4.77,6.79,-3.18,False,-2.02,0.5775729646697388,False,False,False,False,0,化学制药,1,0,True,False,A,15.0,4.5,4.5,"{'gap': 0.0, 'volume': 0.0, 'trend': 0.0, 'position': 0.2, 'sector': 0.0, 'continuity': 0.3}",0.0,[],隔夜公告黑名单
688613,奥精医疗,20.0,21.29,21.2,-0.42,-0.021,820000.0,230800000.0,0.00355,0.61,0.61,-0.42,-1.03,False,1.03,1.0,True,False,False,False,0,医疗器械,0,2,False,False,A,0.9,14.3,14.283333333333337,"{'gap': 0.0, 'volume': 0.0, 'trend': 0.414, 'position': 0.3, 'sector': 0.0, 'continuity': 0.3}",0.0,[],竞价涨幅 -0.42% 超出区间
002963,豪尔赛,10.0,23.9,24.0,0.42,0.042,1190000.0,230580000.0,0.00516,1.13,1.13,0.42,-0.71,False,0.71,1.0,True,False,False,False,0,建筑装饰,0,2,False,False,A,1.2,13.6,13.633333333333333,"{'gap': 0.0, 'volume': 0.0, 'trend': 0.382, 'position': 0.3, 'sector': 0.0, 'continuity': 0.3}",0.0,[],竞价涨幅 0.42% 超出区间
920982,锦波生物,30.0,121.34,121.0,-0.28,-0.009,738000.0,228939900.00000003,0.00322,1.29,0.45,-0.28,-1.57,False,0.73,0.3611802346249555,False,False,False,False,0,美容护理,0,0,False,False,B,0.8,11.2,11.211296757119724,"{'gap': 0.0, 'volume': 0.0, 'trend': 0.413, 'position': 0.097, 'sector': 0.0, 'continuity': 0.3}",0.0,[],竞价涨幅 -0.28% 超出区间
603270,金帝股份,10.0,37.37,37.06,-0.83,-0.083,790000.0,228400000.0,0.00346,-0.99,-1.36,-0.83,0.16,False,-0.54,1.0,True,False,False,False,0,通用设备,1,6,False,False,A,0.8,16.5,16.53333333333333,"{'gap': 0.0, 'volume': 0.0, 'trend': 0.527, 'position': 0.3, 'sector': 0.0, 'continuity': 0.3}",0.0,[],竞价涨幅 -0.83% 超出区间
300539,横河精密,20.0,18.34,18.28,-0.33,-0.016,780000.0,228390000.0,0.00342,-0.76,-0.76,-0.33,0.44,True,-0.44,0.21566401816118036,False,False,False,False,0,塑料制品,0,0,False,False,B,0.8,22.1,22.145932652289073,"{'gap': 0.0, 'volume': 0.0, 'trend': 0.687, 'position': 0.461, 'sector': 0.0, 'continuity': 0.3}",0.0,[],竞价涨幅 -0.33% 超出区间
301608,博实结,20.0,52.02,51.6,-0.81,-0.04,740000.0,227980000.0,0.00325,-1.63,-1.79,-0.81,0.83,False,-0.98,1.0,True,False,False,False,0,汽车零部件,0,2,False,False,A,0.8,17.4,17.383333333333333,"{'gap': 0.0, 'volume': 0.0, 'trend': 0.569, 'position': 0.3, 'sector': 0.0, 'continuity': 0.3}",0.0,[],竞价涨幅 -0.81% 超出区间
300317,珈伟新能,20.0,3.97,3.95,-0.5,-0.025,1630000.0,226980000.0,0.00718,-1.76,-1.76,-0.5,1.26,True,-1.26,0.2848484848484849,False,False,False,False,0,电力,0,0,False,False,B,1.7,20.9,20.918181818181818,"{'gap': 0.0, 'volume': 0.0, 'trend': 0.755, 'position': 0.288, 'sector': 0.0, 'continuity': 0.3}",0.0,[],竞价涨幅 -0.50% 超出区间
688286,敏芯股份,20.0,51.15,51.0,-0.29,-0.015,530000.0,226380000.0,0.00234,0.06,0.06,-0.29,-0.35,False,0.35,0.2957689178193653,False,False,False,False,0,半导体,2,3,False,False,B,0.6,23.1,23.07533224844047,"{'gap': 0.0, 'volume': 0.0, 'trend': 0.471, 'position': 0.261, 'sector': 0.55, 'continuity': 0.3}",0.0,[],竞价涨幅 -0.29% 超出区间
688776,国光电气,20.0,52.0,52.52,1.0,0.05,1330000.0,225750000.0,0.00589,-1.19,-1.75,1.0,2.19,False,-2.75,0.523489932885906,False,False,False,False,0,军工电子,0,1,False,False,A,1.4,15.2,15.150000000000002,"{'gap': 0.0, 'volume': 0.0, 'trend': 0.682, 'position': 0.0, 'sector': 0.0, 'continuity': 0.3}",0.0,[],竞价涨幅 1.00% 超出区间
301517,陕西华达,20.0,38.6,38.06,-1.4,-0.07,450000.0,225460000.0,0.002,-1.99,-1.66,-1.4,0.6,True,-0.26,0.221465076660988,False,False,False,False,0,军工电子,0,1,False,False,B,0.5,22.2,22.195059625212956,"{'gap': 0.0, 'volume': 0.0, 'trend': 0.7, 'position': 0.446, 'sector': 0.0, 'continuity': 0.3}",0.0,[],竞价涨幅 -1.40% 超出区间
300615,欣天科技,20.0,14.36,14.34,-0.14,-0.007,850000.0,225320000.0,0.00377,-1.11,-2.37,-0.14,0.97,False,-2.23,0.5622641509433962,False,False,False,False,0,通信设备,0,1,False,False,A,0.9,16.1,16.116666666666667,"{'gap': 0.0, 'volume': 0.0, 'trend': 0.581, 'position': 0.2, 'sector': 0.0, 'continuity': 0.3}",0.0,[],竞价涨幅 -0.14% 超出区间
300652,雷迪克,20.0,29.3,29.1,-0.68,-0.034,690000.0,224620000.0,0.00307,-1.02,-1.02,-0.68,0.34,True,-0.34,0.3897707231040566,False,False,False,False,0,汽车零部件,0,2,False,False,B,0.7,15.5,15.450264550264547,"{'gap': 0.0, 'volume': 0.0, 'trend': 0.678, 'position': 0.026, 'sector': 0.0, 'continuity': 0.3}",0.0,[],竞价涨幅 -0.68% 超出区间
002981,朝阳科技,10.0,24.63,24.39,-0.97,-0.097,340000.0,224410000.0,0.00152,3.98,-2.07,-0.97,-4.95,False,-1.1,0.7310443490700999,True,False,False,False,0,消费电子,0,2,False,False,A,0.4,9.0,9.0,"{'gap': 0.0, 'volume': 0.0, 'trend': 0.0, 'position': 0.5, 'sector': 0.0, 'continuity': 0.3}",0.0,[],竞价涨幅 -0.97% 超出区间
000910,大亚圣象,10.0,7.58,8.34,10.03,1.003,95720000.0,224210000.0,0.42692,10.03,10.03,10.03,0.0,True,0.0,1.0,True,True,True,False,4,家居用品,1,1,False,True,A,102.5,0.0,0.0,"{'gap': 0.0, 'volume': 0.0, 'trend': 0.65, 'position': 0.8, 'sector': 0.0, 'continuity': 0.6}",30.0,"['高位极端放量', '4连板 高位']",一字板（买不进）
300234,开尔新材,20.0,11.77,11.74,-0.25,-0.013,1050000.0,223520000.0,0.0047,3.48,3.31,-0.25,-3.74,False,3.57,0.9320214669051877,True,False,False,False,0,建筑材料,0,2,False,False,A,1.1,0.3,0.2666666666666657,"{'gap': 0.0, 'volume': 0.0, 'trend': 0.188, 'position': 0.5, 'sector': 0.0, 'continuity': 0.3}",12.5,['竞价尾段走弱'],竞价涨幅 -0.25% 超出区间
300812,易天股份,20.0,20.65,20.5,-0.73,-0.036,600000.0,223090000.0,0.00269,0.87,1.21,-0.73,-1.6,False,1.94,0.3876357560568085,True,False,False,False,0,消费电子,0,2,False,False,B,0.6,0.0,0.0,"{'gap': 0.0, 'volume': 0.0, 'trend': 0.367, 'position': 0.231, 'sector': 0.0, 'continuity': 0.3}",12.5,['竞价尾段走弱'],竞价涨幅 -0.73% 超出区间
002855,捷荣技术,10.0,13.06,12.92,-1.07,-0.107,1380000.0,222720000.0,0.0062,-1.23,-1.23,-1.07,0.15,True,-0.15,0.42870544090056295,False,False,False,False,0,消费电子,0,2,False,False,A,1.5,15.0,15.000000000000002,"{'gap': 0.0, 'volume': 0.0, 'trend': 0.675, 'position': 0.0, 'sector': 0.0, 'continuity': 0.3}",0.0,[],竞价涨幅 -1.07% 超出区间
605398,新炬网络,10.0,22.66,22.62,-0.18,-0.018,2010000.0,222640000.0,0.00903,-2.47,-2.47,-0.18,2.29,True,-2.29,0.4605263157894738,False,False,False,False,0,IT服务,0,1,False,False,A,2.2,21.5,21.500000000000004,"{'gap': 0.0, 'volume': 0.0, 'trend': 1.0, 'position': 0.0, 'sector': 0.0, 'continuity': 0.3}",0.0,[],竞价涨幅 -0.18% 超出区间
301595,太力科技,20.0,50.54,50.22,-0.63,-0.032,2800000.0,222420000.0,0.01259,-3.88,-2.47,-0.63,3.24,True,-1.84,1.0,True,False,False,False,0,非金属材料,0,0,False,False,A,3.0,28.9,28.90959414643406,"{'gap': 0.0, 'volume': 0.18, 'trend': 0.92, 'position': 0.3, 'sector': 0.0, 'continuity': 0.3}",0.0,[],竞价涨幅 -0.63% 超出区间
301448,开创电气,20.0,54.3,53.99,-0.57,-0.029,420000.0,222120000.0,0.00189,-3.31,-3.28,-0.57,2.74,True,-2.71,1.0,True,False,False,False,0,通用设备,1,6,False,False,A,0.5,23.6,23.56666666666667,"{'gap': 0.0, 'volume': 0.0, 'trend': 0.878, 'position': 0.3, 'sector': 0.0, 'continuity': 0.3}",0.0,[],竞价涨幅 -0.57% 超出区间
002724,海洋王,10.0,7.17,7.14,-0.42,-0.042,2190000.0,221820000.0,0.00987,0.0,-2.51,-0.42,-0.42,False,-2.09,0.7852564102564102,True,False,False,False,0,光学光电子,1,2,False,False,A,2.4,17.6,17.599999999999998,"{'gap': 0.0, 'volume': 0.0, 'trend': 0.43, 'position': 0.5, 'sector': 0.0, 'continuity': 0.3}",0.0,[],竞价涨幅 -0.42% 超出区间
301687,新广益,20.0,54.94,54.99,0.09,0.005,980000.0,219880000.0,0.00446,0.11,0.11,0.09,-0.02,False,0.02,0.34395448079658597,True,False,False,False,0,塑料制品,0,0,False,False,B,1.1,16.6,16.568373636794693,"{'gap': 0.0, 'volume': 0.0, 'trend': 0.498, 'position': 0.34, 'sector': 0.0, 'continuity': 0.3}",0.0,[],竞价涨幅 0.09% 超出区间
002819,东方中科,10.0,24.24,26.1,7.67,0.767,52350000.0,219800000.0,0.23817,9.98,9.98,7.67,-2.31,False,2.31,1.0,True,True,True,False,1,通用设备,1,6,False,False,A,57.2,0.0,0.0,"{'gap': 0.0, 'volume': 0.0, 'trend': 0.115, 'position': 0.8, 'sector': 0.0, 'continuity': 0.85}",42.5,"['竞价尾段走弱', '高位极端放量']",竞价涨幅 7.67% 超出区间
301213,观想科技,20.0,45.69,45.68,-0.02,-0.001,1000000.0,219010000.0,0.00457,0.0,-1.34,-0.02,-0.02,False,-1.31,0.6685592618878635,True,False,False,False,0,军工电子,0,1,False,False,A,1.1,19.0,18.966666666666672,"{'gap': 0.0, 'volume': 0.0, 'trend': 0.498, 'position': 0.5, 'sector': 0.0, 'continuity': 0.3}",0.0,[],竞价涨幅 -0.02% 超出区间
600719,大连热电,10.0,7.59,7.51,-1.05,-0.105,1230000.0,218640000.0,0.00563,-0.4,-1.98,-1.05,-0.66,False,-0.92,0.48124999999999984,True,False,False,False,0,电力,0,0,False,False,A,1.4,13.8,13.8,"{'gap': 0.0, 'volume': 0.0, 'trend': 0.39, 'position': 0.3, 'sector': 0.0, 'continuity': 0.3}",0.0,[],竞价涨幅 -1.05% 超出区间
301408,华人健康,20.0,15.11,15.05,-0.4,-0.02,750000.0,214980000.0,0.00349,0.13,0.07,-0.4,-0.53,False,0.46,0.5075000000000001,False,False,False,False,0,医药商业,0,0,False,False,A,0.8,10.6,10.616666666666667,"{'gap': 0.0, 'volume': 0.0, 'trend': 0.456, 'position': 0.0, 'sector': 0.0, 'continuity': 0.3}",0.0,[],竞价涨幅 -0.40% 超出区间
300345,华民股份,20.0,7.69,7.7,0.13,0.007,580000.0,214710000.0,0.0027,1.04,1.17,0.13,-0.91,False,1.04,0.578494623655914,False,False,False,False,0,光伏设备,0,1,False,False,A,0.6,13.0,12.983333333333336,"{'gap': 0.0, 'volume': 0.0, 'trend': 0.424, 'position': 0.2, 'sector': 0.0, 'continuity': 0.3}",0.0,[],竞价涨幅 0.13% 超出区间
002702,海欣食品,10.0,5.45,5.48,0.55,0.055,570000.0,213810000.0,0.00267,-1.28,-0.92,0.55,1.83,True,-1.47,0.5055350553505535,False,False,False,False,0,食品加工制造,0,0,False,False,A,0.6,20.6,20.6,"{'gap': 0.0, 'volume': 0.0, 'trend': 0.955, 'position': 0.0, 'sector': 0.0, 'continuity': 0.3}",0.0,[],竞价涨幅 0.55% 超出区间
600802,福建水泥,10.0,6.02,5.8,-3.65,-0.365,7570000.0,213780000.0,0.03541,0.33,-1.99,-3.65,-3.99,False,1.66,1.0,True,False,True,False,1,建筑材料,0,2,False,False,A,8.5,0.0,0.0,"{'gap': 0.0, 'volume': 0.934, 'trend': 0.0, 'position': 0.3, 'sector': 0.0, 'continuity': 0.85}",42.5,"['竞价尾段走弱', '高位极端放量']",竞价涨幅 -3.65% 超出区间
002846,英联股份,10.0,11.4,11.38,-0.18,-0.018,2070000.0,212690000.0,0.00973,-0.09,-1.4,-0.18,-0.09,False,-1.23,0.6400000000000001,True,False,False,False,0,包装印刷,0,0,False,False,A,2.3,18.7,18.7,"{'gap': 0.0, 'volume': 0.0, 'trend': 0.485, 'position': 0.5, 'sector': 0.0, 'continuity': 0.3}",0.0,[],竞价涨幅 -0.18% 超出区间
300424,航新科技,20.0,13.74,13.75,0.07,0.004,1210000.0,212300000.0,0.0057,0.07,0.07,0.07,0.0,True,0.0,0.3557692307692307,True,False,False,False,0,军工装备,0,0,False,False,B,1.4,19.2,19.15865384615385,"{'gap': 0.0, 'volume': 0.0, 'trend': 0.65, 'position': 0.311, 'sector': 0.0, 'continuity': 0.3}",0.0,[],竞价涨幅 0.07% 超出区间
000816,智慧农业,10.0,2.88,2.88,0.0,0.0,560000.0,210550000.0,0.00266,0.35,0.35,0.0,-0.35,False,0.35,0.5934065934065934,False,False,False,False,0,工业金属,0,1,False,False,A,0.6,13.3,13.333333333333334,"{'gap': 0.0, 'volume': 0.0, 'trend': 0.442, 'position': 0.2, 'sector': 0.0, 'continuity': 0.3}",0.0,[],竞价涨幅 0.00% 超出区间
000889,中嘉博创,10.0,3.74,3.71,-0.8,-0.08,1140000.0,208930000.0,0.00546,-2.41,-2.41,-0.8,1.6,True,-1.6,0.6229508196721313,False,False,False,False,0,通信服务,0,0,False,False,A,1.3,22.8,22.833333333333332,"{'gap': 0.0, 'volume': 0.0, 'trend': 0.917, 'position': 0.2, 'sector': 0.0, 'continuity': 0.3}",0.0,[],竞价涨幅 -0.80% 超出区间
301280,珠城科技,20.0,45.11,45.02,-0.2,-0.01,520000.0,208620000.0,0.00249,0.02,-0.2,-0.2,-0.22,False,0.0,0.528669121514992,True,False,False,False,0,白色家电,0,0,False,False,A,0.6,15.6,15.633333333333333,"{'gap': 0.0, 'volume': 0.0, 'trend': 0.482, 'position': 0.3, 'sector': 0.0, 'continuity': 0.3}",0.0,[],竞价涨幅 -0.20% 超出区间
301305,朗坤科技,20.0,27.28,27.32,0.15,0.007,20000.0,208440000.0,0.0001,0.0,0.0,0.15,0.15,True,-0.15,0.7752442996742671,True,False,False,False,0,环境治理,0,0,False,False,A,0.0,22.3,22.250000000000004,"{'gap': 0.0, 'volume': 0.0, 'trend': 0.662, 'position': 0.5, 'sector': 0.0, 'continuity': 0.3}",0.0,[],竞价涨幅 0.15% 超出区间
920179,凯德石英,30.0,59.75,58.98,-1.29,-0.043,694800.0,206955800.00000003,0.00336,0.0,-0.74,-1.29,-1.29,False,0.55,0.329749844945214,True,False,False,False,0,半导体,2,3,False,False,B,0.8,24.0,23.951047481221146,"{'gap': 0.0, 'volume': 0.0, 'trend': 0.428, 'position': 0.376, 'sector': 0.55, 'continuity': 0.3}",0.0,[],竞价涨幅 -1.29% 超出区间
920509,同惠电子,30.0,23.6,23.48,-0.51,-0.017,1709900.0,206673700.0,0.00827,-0.97,-1.48,-0.51,0.47,False,-0.97,0.5634408602150539,False,False,False,False,0,通用设备,1,6,False,False,A,2.0,15.0,15.02222222222222,"{'gap': 0.0, 'volume': 0.0, 'trend': 0.526, 'position': 0.2, 'sector': 0.0, 'continuity': 0.3}",0.0,[],竞价涨幅 -0.51% 超出区间
000037,深南电A,10.0,9.01,9.04,0.33,0.033,430000.0,205070000.0,0.0021,0.67,0.55,0.33,-0.33,False,0.22,0.43231441048034924,False,False,False,False,0,电力,0,0,False,False,A,0.5,10.4,10.4,"{'gap': 0.0, 'volume': 0.0, 'trend': 0.445, 'position': 0.0, 'sector': 0.0, 'continuity': 0.3}",0.0,[],竞价涨幅 0.33% 超出区间
001260,坤泰股份,10.0,19.28,19.08,-1.04,-0.104,1700000.0,204960000.0,0.00829,0.36,-0.99,-1.04,-1.4,False,0.05,0.5538818076477406,False,False,False,False,0,汽车零部件,0,2,False,False,A,2.0,9.8,9.833333333333334,"{'gap': 0.0, 'volume': 0.0, 'trend': 0.267, 'position': 0.2, 'sector': 0.0, 'continuity': 0.3}",0.0,[],竞价涨幅 -1.04% 超出区间
688373,盟科药业-U,20.0,6.02,6.01,-0.17,-0.008,1530000.0,204140000.0,0.00749,1.83,1.33,-0.17,-1.99,False,1.5,0.9248554913294793,False,False,False,False,0,化学制药,1,0,True,False,A,1.8,0.0,0.0,"{'gap': 0.0, 'volume': 0.0, 'trend': 0.334, 'position': 0.2, 'sector': 0.0, 'continuity': 0.3}",12.5,['竞价尾段走弱'],隔夜公告黑名单
300350,华鹏飞,20.0,4.64,4.66,0.43,0.022,1900000.0,203890000.0,0.00932,5.6,3.02,0.43,-5.17,False,2.59,0.9333333333333328,False,False,False,False,0,物流,0,0,False,False,A,2.2,0.0,0.0,"{'gap': 0.0, 'volume': 0.0, 'trend': 0.069, 'position': 0.2, 'sector': 0.0, 'continuity': 0.3}",12.5,['竞价尾段走弱'],竞价涨幅 0.43% 超出区间
605177,东亚药业,10.0,24.89,24.99,0.4,0.04,560000.0,203290000.0,0.00275,-0.32,-0.32,0.4,0.72,True,-0.72,0.9255691768826622,True,False,False,False,0,化学制药,1,0,False,False,A,0.7,24.4,24.400000000000006,"{'gap': 0.0, 'volume': 0.0, 'trend': 0.77, 'position': 0.5, 'sector': 0.0, 'continuity': 0.3}",0.0,[],竞价涨幅 0.40% 超出区间
301262,海看股份,20.0,19.91,19.89,-0.1,-0.005,1480000.0,202570000.0,0.00731,0.3,0.25,-0.1,-0.4,False,0.35,0.4561797752808992,False,False,False,False,0,文化传媒,0,3,False,False,A,1.8,10.8,10.833333333333334,"{'gap': 0.0, 'volume': 0.0, 'trend': 0.467, 'position': 0.0, 'sector': 0.0, 'continuity': 0.3}",0.0,[],竞价涨幅 -0.10% 超出区间
002790,瑞尔特,10.0,6.6,6.56,-0.61,-0.061,1820000.0,202140000.0,0.009,-0.76,-1.06,-0.61,0.15,False,-0.45,0.3406326034063259,False,False,False,False,0,家居用品,1,1,False,False,B,2.2,14.2,14.22627737226278,"{'gap': 0.0, 'volume': 0.0, 'trend': 0.525, 'position': 0.148, 'sector': 0.0, 'continuity': 0.3}",0.0,[],竞价涨幅 -0.61% 超出区间
600892,大晟文化,10.0,4.16,4.15,-0.24,-0.024,1620000.0,201510000.0,0.00804,-1.92,-1.92,-0.24,1.68,True,-1.68,0.47131147540983614,False,False,False,False,0,游戏,0,0,False,False,A,1.9,20.1,20.1,"{'gap': 0.0, 'volume': 0.0, 'trend': 0.93, 'position': 0.0, 'sector': 0.0, 'continuity': 0.3}",0.0,[],竞价涨幅 -0.24% 超出区间
920125,鸿仕达,30.0,151.86,148.13,-2.46,-0.082,612500.0,201464300.0,0.00304,-0.64,-1.22,-2.46,-1.82,False,1.23,0.5581811672037238,True,False,False,False,0,自动化设备,0,0,False,False,A,0.7,4.5,4.477777777777781,"{'gap': 0.0, 'volume': 0.0, 'trend': 0.399, 'position': 0.5, 'sector': 0.0, 'continuity': 0.3}",12.5,['竞价尾段走弱'],竞价涨幅 -2.46% 超出区间
300120,经纬辉开,20.0,7.38,7.38,0.0,0.0,1950000.0,201220000.0,0.00969,-1.08,-1.49,0.0,1.08,False,-1.49,0.28874734607218683,False,False,False,False,0,光学光电子,1,2,False,False,B,2.3,17.5,17.471974522292992,"{'gap': 0.0, 'volume': 0.0, 'trend': 0.59, 'position': 0.278, 'sector': 0.0, 'continuity': 0.3}",0.0,[],竞价涨幅 0.00% 超出区间
688755,汉邦科技,20.0,31.45,31.39,-0.19,-0.01,1370000.0,201140000.0,0.00681,1.69,0.0,-0.19,-1.88,False,0.19,1.0,True,False,False,False,0,专用设备,0,2,False,False,A,1.6,12.9,12.866666666666667,"{'gap': 0.0, 'volume': 0.0, 'trend': 0.343, 'position': 0.3, 'sector': 0.0, 'continuity': 0.3}",0.0,[],竞价涨幅 -0.19% 超出区间
688292,浩瀚深度,20.0,23.0,22.99,-0.04,-0.002,2160000.0,200840000.0,0.01075,0.39,1.22,-0.04,-0.43,False,1.26,0.9975429975429976,True,False,False,False,0,通信设备,0,1,False,False,A,2.6,3.6,3.5644408386072755,"{'gap': 0.0, 'volume': 0.031, 'trend': 0.464, 'position': 0.3, 'sector': 0.0, 'continuity': 0.3}",12.5,['竞价尾段走弱'],竞价涨幅 -0.04% 超出区间
301682,宏明电子,20.0,115.83,114.98,-0.73,-0.037,980000.0,199640000.0,0.00491,-0.72,-0.73,-0.73,-0.02,False,0.01,0.22377372001432153,True,False,False,False,0,军工电子,0,1,False,False,B,1.2,21.1,21.075152166129612,"{'gap': 0.0, 'volume': 0.0, 'trend': 0.498, 'position': 0.641, 'sector': 0.0, 'continuity': 0.3}",0.0,[],竞价涨幅 -0.73% 超出区间
688133,泰坦科技,20.0,23.17,23.14,-0.13,-0.006,490000.0,198550000.0,0.00247,-0.73,-0.73,-0.13,0.6,True,-0.6,0.7059724349157737,False,False,False,False,0,化学制品,1,2,False,False,A,0.6,18.5,18.5,"{'gap': 0.0, 'volume': 0.0, 'trend': 0.7, 'position': 0.2, 'sector': 0.0, 'continuity': 0.3}",0.0,[],竞价涨幅 -0.13% 超出区间
603519,立霸股份,10.0,17.22,17.08,-0.81,-0.081,2870000.0,196320000.0,0.01462,-9.93,-7.08,-0.81,9.12,True,-6.27,0.8929577464788725,False,False,False,False,0,白色家电,0,0,False,False,A,3.5,32.5,32.53727007194656,"{'gap': 0.0, 'volume': 0.321, 'trend': 1.0, 'position': 0.2, 'sector': 0.0, 'continuity': 0.3}",0.0,[],竞价涨幅 -0.81% 超出区间
300056,中创环保,20.0,7.81,7.72,-1.15,-0.058,150000.0,196200000.0,0.00076,1.92,0.38,-1.15,-3.07,False,1.54,0.5325670498084291,False,False,False,False,0,环保设备,0,0,False,False,A,0.2,0.0,0.0,"{'gap': 0.0, 'volume': 0.0, 'trend': 0.244, 'position': 0.0, 'sector': 0.0, 'continuity': 0.3}",12.5,['竞价尾段走弱'],竞价涨幅 -1.15% 超出区间
001393,维通利,10.0,43.41,42.82,-1.36,-0.136,1500000.0,195920000.0,0.00766,-0.58,-2.56,-1.36,-0.78,False,-1.2,0.29394387001477085,False,False,False,False,0,电网设备,0,0,False,False,B,1.8,12.9,12.877104874446093,"{'gap': 0.0, 'volume': 0.0, 'trend': 0.37, 'position': 0.265, 'sector': 0.0, 'continuity': 0.3}",0.0,[],竞价涨幅 -1.36% 超出区间
301178,天亿马,20.0,35.9,35.9,0.0,0.0,390000.0,195510000.0,0.00199,-1.11,0.03,0.0,1.11,False,0.03,0.5322455322455321,True,False,False,False,0,IT服务,0,1,False,False,A,0.5,17.8,17.849999999999998,"{'gap': 0.0, 'volume': 0.0, 'trend': 0.593, 'position': 0.3, 'sector': 0.0, 'continuity': 0.3}",0.0,[],竞价涨幅 0.00% 超出区间
600156,华升股份,10.0,8.41,8.5,1.07,0.107,2350000.0,194980000.0,0.01205,4.4,0.12,1.07,-3.33,False,-0.95,0.6014234875444842,False,False,False,False,0,纺织制造,0,1,False,False,A,2.9,8.0,7.975080819803912,"{'gap': 0.0, 'volume': 0.139, 'trend': 0.0, 'position': 0.2, 'sector': 0.0, 'continuity': 0.3}",0.0,[],竞价涨幅 1.07% 超出区间
301231,荣信文化,20.0,30.39,30.67,0.92,0.046,2530000.0,194130000.0,0.01303,1.68,3.55,0.92,-0.76,False,2.63,0.9072916666666666,False,False,False,False,0,文化传媒,0,3,False,False,A,3.1,6.1,6.053570679941135,"{'gap': 0.0, 'volume': 0.213, 'trend': 0.437, 'position': 0.2, 'sector': 0.0, 'continuity': 0.3}",12.5,['竞价尾段走弱'],竞价涨幅 0.92% 超出区间
600843,上工申贝,10.0,7.61,7.2,-5.39,-0.539,16700000.0,193090000.0,0.08649,7.36,0.0,-5.39,-12.75,False,5.39,0.5187969924812029,False,False,True,False,1,专用设备,0,2,False,False,A,20.8,0.0,0.0,"{'gap': 0.0, 'volume': 0.0, 'trend': 0.0, 'position': 0.0, 'sector': 0.0, 'continuity': 0.85}",12.5,['竞价尾段走弱'],竞价涨幅 -5.39% 超出区间
300589,江龙船艇,20.0,13.59,13.71,0.88,0.044,860000.0,192700000.0,0.00446,0.0,0.96,0.88,0.88,False,0.07,0.6940298507462686,False,False,False,False,0,军工装备,0,0,False,False,A,1.1,16.0,15.966666666666669,"{'gap': 0.0, 'volume': 0.0, 'trend': 0.573, 'position': 0.2, 'sector': 0.0, 'continuity': 0.3}",0.0,[],竞价涨幅 0.88% 超出区间
301130,西点药业,20.0,29.12,29.27,0.52,0.026,1000000.0,191080000.0,0.00523,-1.41,-1.37,0.52,1.92,True,-1.89,0.4181818181818183,False,False,False,False,0,化学制药,1,0,False,False,A,1.3,17.7,17.700000000000003,"{'gap': 0.0, 'volume': 0.0, 'trend': 0.81, 'position': 0.0, 'sector': 0.0, 'continuity': 0.3}",0.0,[],竞价涨幅 0.52% 超出区间
300097,智云股份,20.0,10.75,10.66,-0.84,-0.042,440000.0,190650000.0,0.00231,-0.09,-0.65,-0.84,-0.74,False,0.19,0.8991596638655461,True,False,False,False,0,自动化设备,0,0,False,False,A,0.6,17.8,17.76666666666667,"{'gap': 0.0, 'volume': 0.0, 'trend': 0.438, 'position': 0.5, 'sector': 0.0, 'continuity': 0.3}",0.0,[],竞价涨幅 -0.84% 超出区间
001201,东瑞股份,10.0,16.02,15.93,-0.56,-0.056,1870000.0,189270000.0,0.00988,0.56,0.56,-0.56,-1.12,False,1.12,0.9473684210526314,True,False,False,False,0,养殖业,1,0,False,False,A,2.4,15.3,15.266666666666667,"{'gap': 0.0, 'volume': 0.0, 'trend': 0.313, 'position': 0.5, 'sector': 0.0, 'continuity': 0.3}",0.0,[],竞价涨幅 -0.56% 超出区间
688317,之江生物,20.0,19.39,19.55,0.83,0.041,1190000.0,189150000.0,0.00629,0.98,0.98,0.83,-0.15,False,0.15,1.0,False,False,False,False,0,医疗器械,0,2,False,False,A,1.5,11.2,11.25,"{'gap': 0.0, 'volume': 0.0, 'trend': 0.487, 'position': 0.0, 'sector': 0.0, 'continuity': 0.3}",0.0,[],竞价涨幅 0.83% 超出区间
002903,宇环数控,10.0,30.67,30.59,-0.26,-0.026,460000.0,189040000.0,0.00243,0.03,0.03,-0.26,-0.29,False,0.29,0.39952380952380956,True,False,False,False,0,通用设备,1,6,False,False,B,0.6,13.6,13.551190476190477,"{'gap': 0.0, 'volume': 0.0, 'trend': 0.452, 'position': 0.201, 'sector': 0.0, 'continuity': 0.3}",0.0,[],竞价涨幅 -0.26% 超出区间
688489,三未信安,20.0,28.92,28.93,0.03,0.002,1110000.0,188910000.0,0.00588,1.97,1.0,0.03,-1.94,False,0.97,1.0,True,False,False,False,0,计算机设备,0,0,False,False,A,1.4,12.8,12.766666666666667,"{'gap': 0.0, 'volume': 0.0, 'trend': 0.338, 'position': 0.3, 'sector': 0.0, 'continuity': 0.3}",0.0,[],竞价涨幅 0.03% 超出区间
920087,秋乐种业,30.0,15.67,15.8,0.83,0.028,715100.0,188881600.0,0.00379,1.91,1.79,0.83,-1.08,False,0.96,0.5487900078064013,False,False,False,False,0,种植业与林业,1,1,False,False,A,0.9,10.3,10.3,"{'gap': 0.0, 'volume': 0.0, 'trend': 0.44, 'position': 0.0, 'sector': 0.0, 'continuity': 0.3}",0.0,[],竞价涨幅 0.83% 超出区间
920427,华维设计,30.0,11.82,11.59,-1.95,-0.065,3264500.0,187897599.99999997,0.01737,-3.89,-6.51,-1.95,1.95,False,-4.57,0.8736383442265795,True,False,False,False,0,建筑装饰,0,2,False,False,A,4.2,33.3,33.271227104019964,"{'gap': 0.0, 'volume': 0.484, 'trend': 0.608, 'position': 0.5, 'sector': 0.0, 'continuity': 0.3}",0.0,[],竞价涨幅 -1.95% 超出区间
002575,群兴玩具,10.0,5.12,5.1,-0.39,-0.039,2090000.0,187210000.0,0.01116,-2.93,-2.15,-0.39,2.54,True,-1.76,0.43195266272189364,False,False,False,False,0,综合,0,0,False,False,A,2.7,23.2,23.164402295524265,"{'gap': 0.0, 'volume': 0.067, 'trend': 1.0, 'position': 0.0, 'sector': 0.0, 'continuity': 0.3}",0.0,[],竞价涨幅 -0.39% 超出区间
688296,和达科技,20.0,28.65,28.86,0.73,0.037,1430000.0,186860000.0,0.00765,1.22,1.22,0.73,-0.49,False,0.49,0.9970708845928528,True,False,False,False,0,软件开发,0,0,False,False,A,1.8,15.2,15.183333333333332,"{'gap': 0.0, 'volume': 0.0, 'trend': 0.459, 'position': 0.3, 'sector': 0.0, 'continuity': 0.3}",0.0,[],竞价涨幅 0.73% 超出区间
002879,长缆科技,10.0,16.85,16.86,0.06,0.006,1130000.0,186510000.0,0.00606,3.86,0.3,0.06,-3.8,False,0.24,0.6002656042496682,False,False,False,False,0,电网设备,0,0,False,False,A,1.5,4.5,4.5,"{'gap': 0.0, 'volume': 0.0, 'trend': 0.0, 'position': 0.2, 'sector': 0.0, 'continuity': 0.3}",0.0,[],竞价涨幅 0.06% 超出区间
600192,长城电工,10.0,7.14,7.12,-0.28,-0.028,530000.0,184840000.0,0.00287,1.26,0.84,-0.28,-1.54,False,1.12,0.44999999999999996,False,False,False,False,0,电网设备,0,0,False,False,A,0.7,6.4,6.366666666666668,"{'gap': 0.0, 'volume': 0.0, 'trend': 0.243, 'position': 0.0, 'sector': 0.0, 'continuity': 0.3}",0.0,[],竞价涨幅 -0.28% 超出区间
600359,新农开发,10.0,7.84,7.81,-0.38,-0.038,970000.0,184780000.0,0.00525,-3.06,-2.42,-0.38,2.68,True,-2.04,0.5545023696682463,False,False,False,False,0,种植业与林业,1,1,False,False,A,1.3,24.5,24.5,"{'gap': 0.0, 'volume': 0.0, 'trend': 1.0, 'position': 0.2, 'sector': 0.0, 'continuity': 0.3}",0.0,[],竞价涨幅 -0.38% 超出区间
300663,科蓝软件,20.0,7.54,7.5,-0.53,-0.027,460000.0,183990000.0,0.0025,-6.1,0.0,-0.53,5.57,False,0.53,0.28703703703703715,False,False,False,False,0,软件开发,0,0,False,False,B,0.6,25.0,25.01944444444444,"{'gap': 0.0, 'volume': 0.0, 'trend': 0.964, 'position': 0.282, 'sector': 0.0, 'continuity': 0.3}",0.0,[],竞价涨幅 -0.53% 超出区间
300321,同大股份,20.0,36.21,36.21,0.0,0.0,540000.0,183590000.0,0.00294,-2.29,-1.96,0.0,2.29,True,-1.96,0.27019583843329253,True,False,False,False,0,塑料制品,0,0,False,False,B,0.7,26.2,26.184322725418202,"{'gap': 0.0, 'volume': 0.0, 'trend': 0.841, 'position': 0.525, 'sector': 0.0, 'continuity': 0.3}",0.0,[],竞价涨幅 0.00% 超出区间
300515,三德科技,20.0,17.51,17.5,-0.06,-0.003,1170000.0,182610000.0,0.00641,-0.46,-1.14,-0.06,0.4,False,-1.09,1.0,False,False,False,False,0,通用设备,1,6,False,False,A,1.5,12.2,12.166666666666668,"{'gap': 0.0, 'volume': 0.0, 'trend': 0.533, 'position': 0.0, 'sector': 0.0, 'continuity': 0.3}",0.0,[],竞价涨幅 -0.06% 超出区间
920821,则成电子,30.0,22.65,22.26,-1.72,-0.057,1527800.0,181858000.0,0.0084,-0.18,-2.83,-1.72,-1.55,False,-1.1,0.7173447537473233,False,False,False,False,0,元件,0,2,False,False,A,2.0,12.8,12.777777777777777,"{'gap': 0.0, 'volume': 0.0, 'trend': 0.414, 'position': 0.2, 'sector': 0.0, 'continuity': 0.3}",0.0,[],竞价涨幅 -1.72% 超出区间
001228,永泰运,10.0,37.35,37.25,-0.27,-0.027,2240000.0,180870000.0,0.01238,-2.95,-2.95,-0.27,2.68,True,-2.68,1.0,True,False,False,False,0,物流,0,0,False,False,A,3.0,30.1,30.11265449756929,"{'gap': 0.0, 'volume': 0.165, 'trend': 1.0, 'position': 0.3, 'sector': 0.0, 'continuity': 0.3}",0.0,[],竞价涨幅 -0.27% 超出区间
001365,天海电子,10.0,36.5,36.26,-0.66,-0.066,1040000.0,180530000.0,0.00576,-0.82,-0.68,-0.66,0.16,True,-0.03,0.221004039238315,True,False,False,False,0,汽车零部件,0,2,False,False,B,1.4,24.7,24.745681861896525,"{'gap': 0.0, 'volume': 0.0, 'trend': 0.677, 'position': 0.647, 'sector': 0.0, 'continuity': 0.3}",0.0,[],竞价涨幅 -0.66% 超出区间
001400,江顺科技,10.0,78.38,77.68,-0.89,-0.089,1060000.0,180430000.0,0.00587,-1.31,-1.3,-0.89,0.42,True,-0.41,0.268395563193251,False,False,False,False,0,专用设备,0,2,False,False,B,1.4,20.8,20.83516638025309,"{'gap': 0.0, 'volume': 0.0, 'trend': 0.72, 'position': 0.329, 'sector': 0.0, 'continuity': 0.3}",0.0,[],竞价涨幅 -0.89% 超出区间
603289,泰瑞机器,10.0,11.16,11.03,-1.16,-0.116,1010000.0,179700000.0,0.00562,-9.05,-4.03,-1.16,7.89,True,-2.87,1.0,True,False,False,False,0,专用设备,0,2,False,False,A,1.3,26.0,26.0,"{'gap': 0.0, 'volume': 0.0, 'trend': 1.0, 'position': 0.3, 'sector': 0.0, 'continuity': 0.3}",0.0,[],竞价涨幅 -1.16% 超出区间
920088,科力股份,30.0,40.77,41.9,2.77,0.092,1278200.0,178810800.00000003,0.00715,-0.66,0.07,2.77,3.43,True,-2.7,0.39575371549893856,False,False,False,False,0,油气开采及服务,1,0,False,False,B,1.7,28.7,28.737013446567584,"{'gap': 0.513, 'volume': 0.0, 'trend': 0.841, 'position': 0.011, 'sector': 0.0, 'continuity': 0.3}",0.0,[],竞价量能 0.71%(量比≈1.7) 超出区间
603396,金辰股份,10.0,32.4,32.77,1.14,0.114,26080000.0,178690000.0,0.14595,1.02,0.93,1.14,0.12,False,-0.22,1.0,False,True,True,False,1,光伏设备,0,1,False,False,A,35.0,0.0,0.0,"{'gap': 0.0, 'volume': 0.0, 'trend': 0.52, 'position': 0.5, 'sector': 0.0, 'continuity': 0.85}",30.0,['高位极端放量'],竞价涨幅 1.14% 超出区间
300305,裕兴股份,20.0,6.76,6.79,0.44,0.022,1640000.0,176920000.0,0.00927,0.44,0.44,0.44,0.0,True,0.0,1.0,True,False,False,False,0,塑料制品,0,0,False,False,A,2.2,19.0,19.0,"{'gap': 0.0, 'volume': 0.0, 'trend': 0.65, 'position': 0.3, 'sector': 0.0, 'continuity': 0.3}",0.0,[],竞价涨幅 0.44% 超出区间
301509,金凯生科,20.0,32.34,32.6,0.8,0.04,1580000.0,174660000.0,0.00905,-2.23,-0.74,0.8,3.03,True,-1.55,0.8081471747700402,False,False,False,False,0,医疗服务,0,0,False,False,A,2.2,22.5,22.549999999999997,"{'gap': 0.0, 'volume': 0.0, 'trend': 0.902, 'position': 0.2, 'sector': 0.0, 'continuity': 0.3}",0.0,[],竞价涨幅 0.80% 超出区间
301560,众捷股份,20.0,26.33,26.08,-0.95,-0.047,690000.0,171520000.0,0.00402,0.0,-1.25,-0.95,-0.95,False,-0.3,0.6892950391644905,False,False,False,False,0,汽车零部件,0,2,False,False,A,1.0,12.9,12.916666666666664,"{'gap': 0.0, 'volume': 0.0, 'trend': 0.421, 'position': 0.2, 'sector': 0.0, 'continuity': 0.3}",0.0,[],竞价涨幅 -0.95% 超出区间
300622,博士眼镜,20.0,15.41,15.4,-0.06,-0.003,530000.0,171410000.0,0.00309,-0.06,-0.06,-0.06,0.0,True,0.0,0.7455830388692583,False,False,False,False,0,零售,0,1,False,False,A,0.7,17.5,17.5,"{'gap': 0.0, 'volume': 0.0, 'trend': 0.65, 'position': 0.2, 'sector': 0.0, 'continuity': 0.3}",0.0,[],竞价涨幅 -0.06% 超出区间
002622,皓宸医疗,10.0,2.47,2.5,1.21,0.121,1720000.0,170630000.0,0.01008,2.83,1.21,1.21,-1.62,False,0.0,0.6621621621621623,False,False,False,False,0,医疗服务,0,0,False,False,A,2.4,9.1,9.1,"{'gap': 0.0, 'volume': 0.0, 'trend': 0.23, 'position': 0.2, 'sector': 0.0, 'continuity': 0.3}",0.0,[],竞价涨幅 1.21% 超出区间
300537,广信材料,20.0,21.58,21.5,-0.37,-0.019,360000.0,170210000.0,0.00212,1.02,0.56,-0.37,-1.39,False,0.93,0.2784952274003368,True,False,False,False,0,电子化学品,0,0,False,False,B,0.5,16.7,16.739762305820705,"{'gap': 0.0, 'volume': 0.0, 'trend': 0.384, 'position': 0.504, 'sector': 0.0, 'continuity': 0.3}",0.0,[],竞价涨幅 -0.37% 超出区间
301057,汇隆新材,20.0,26.34,26.33,-0.04,-0.002,580000.0,169560000.0,0.00342,0.0,-0.76,-0.04,-0.04,False,-0.72,1.0,False,False,False,False,0,化学纤维,0,0,False,False,A,0.8,11.4,11.433333333333334,"{'gap': 0.0, 'volume': 0.0, 'trend': 0.497, 'position': 0.0, 'sector': 0.0, 'continuity': 0.3}",0.0,[],竞价涨幅 -0.04% 超出区间
000890,法尔胜,10.0,7.42,7.4,-0.27,-0.027,620000.0,168710000.0,0.00367,-0.27,-1.75,-0.27,0.0,False,-1.48,0.4161073825503356,False,False,False,False,0,环保设备,0,0,False,False,A,0.9,11.5,11.5,"{'gap': 0.0, 'volume': 0.0, 'trend': 0.5, 'position': 0.0, 'sector': 0.0, 'continuity': 0.3}",0.0,[],竞价涨幅 -0.27% 超出区间
300506,名家汇,20.0,4.99,4.92,-1.4,-0.07,1240000.0,167450000.0,0.00741,0.2,0.2,-1.4,-1.6,False,1.6,0.17708333333333326,False,False,False,False,0,建筑装饰,0,2,False,False,B,1.8,4.7,4.692708333333339,"{'gap': 0.0, 'volume': 0.0, 'trend': 0.367, 'position': 0.557, 'sector': 0.0, 'continuity': 0.3}",12.5,['竞价尾段走弱'],竞价涨幅 -1.40% 超出区间
603373,安邦护卫,10.0,47.96,48.25,0.6,0.06,2630000.0,165870000.0,0.01586,10.01,3.02,0.6,-9.4,False,2.42,1.0,True,True,True,False,1,其他社会服务,0,1,False,False,A,3.8,13.7,13.70841433452734,"{'gap': 0.0, 'volume': 0.398, 'trend': 0.0, 'position': 0.8, 'sector': 0.0, 'continuity': 0.85}",12.5,['竞价尾段走弱'],竞价涨幅 0.60% 超出区间
600408,安泰集团,10.0,2.98,3.0,0.67,0.067,800000.0,165220000.0,0.00484,-0.67,0.0,0.67,1.34,True,-0.67,0.6489361702127658,False,False,False,False,0,煤炭开采加工,0,0,False,False,A,1.2,22.0,21.96666666666667,"{'gap': 0.0, 'volume': 0.0, 'trend': 0.873, 'position': 0.2, 'sector': 0.0, 'continuity': 0.3}",0.0,[],竞价涨幅 0.67% 超出区间
600712,南宁百货,10.0,5.6,5.57,-0.54,-0.054,640000.0,163980000.0,0.0039,-0.36,-1.61,-0.54,-0.18,False,-1.07,0.4896265560165974,False,False,False,False,0,零售,0,1,False,False,A,0.9,10.9,10.9,"{'gap': 0.0, 'volume': 0.0, 'trend': 0.47, 'position': 0.0, 'sector': 0.0, 'continuity': 0.3}",0.0,[],竞价涨幅 -0.54% 超出区间
001373,翔腾新材,10.0,31.39,31.24,-0.48,-0.048,490000.0,163370000.0,0.003,1.91,-0.48,-0.48,-2.39,False,0.0,0.878752886836028,False,False,False,False,0,光学光电子,1,2,False,False,A,0.7,6.5,6.533333333333332,"{'gap': 0.0, 'volume': 0.0, 'trend': 0.102, 'position': 0.2, 'sector': 0.0, 'continuity': 0.3}",0.0,[],竞价涨幅 -0.48% 超出区间
002377,国创高新,10.0,2.99,2.99,0.0,0.0,680000.0,163090000.0,0.00417,-1.0,-0.67,0.0,1.0,True,-0.67,0.5384615384615385,False,False,False,False,0,石油加工贸易,0,0,False,False,A,1.0,17.8,17.833333333333336,"{'gap': 0.0, 'volume': 0.0, 'trend': 0.817, 'position': 0.0, 'sector': 0.0, 'continuity': 0.3}",0.0,[],竞价涨幅 0.00% 超出区间
920592,华信永道,30.0,27.55,27.17,-1.38,-0.046,953800.0,161741500.0,0.0059,-0.22,-8.2,-1.38,-1.16,False,-6.82,0.849129593810445,False,False,False,False,0,软件开发,0,0,False,False,A,1.4,13.2,13.211111111111112,"{'gap': 0.0, 'volume': 0.0, 'trend': 0.436, 'position': 0.2, 'sector': 0.0, 'continuity': 0.3}",0.0,[],竞价涨幅 -1.38% 超出区间
002696,百洋股份,10.0,6.59,6.62,0.46,0.046,790000.0,159860000.0,0.00494,-1.52,-1.37,0.46,1.97,True,-1.82,0.6188925081433224,False,False,False,False,0,农产品加工,0,1,False,False,A,1.2,24.1,24.06666666666667,"{'gap': 0.0, 'volume': 0.0, 'trend': 0.978, 'position': 0.2, 'sector': 0.0, 'continuity': 0.3}",0.0,[],竞价涨幅 0.46% 超出区间
003029,吉大正元,10.0,17.48,17.0,-2.75,-0.275,2580000.0,159410000.0,0.01618,-3.83,-4.58,-2.75,1.09,False,-1.83,0.6613756613756612,False,False,False,False,0,软件开发,0,0,False,False,A,3.9,28.6,28.56314313402568,"{'gap': 0.0, 'volume': 0.417, 'trend': 0.682, 'position': 0.2, 'sector': 0.0, 'continuity': 0.3}",0.0,[],竞价涨幅 -2.75% 超出区间
002022,科华生物,10.0,6.05,6.05,0.0,0.0,1850000.0,159040000.0,0.01163,-0.5,-0.5,0.0,0.5,True,-0.5,0.9047619047619044,False,False,False,False,0,医疗器械,0,2,False,False,A,2.8,21.8,21.80455248166675,"{'gap': 0.0, 'volume': 0.106, 'trend': 0.733, 'position': 0.2, 'sector': 0.0, 'continuity': 0.3}",0.0,[],竞价涨幅 0.00% 超出区间
301563,云汉芯城,20.0,115.88,115.0,-0.76,-0.038,390000.0,157780000.0,0.00247,-0.76,-0.78,-0.76,0.0,False,-0.02,0.14548073460568955,False,False,False,False,0,其他电子,0,0,False,False,B,0.6,21.0,21.044472452286644,"{'gap': 0.0, 'volume': 0.0, 'trend': 0.5, 'position': 0.636, 'sector': 0.0, 'continuity': 0.3}",0.0,[],竞价涨幅 -0.76% 超出区间
300670,大烨智能,20.0,7.61,7.57,-0.53,-0.026,1010000.0,157640000.0,0.00641,1.18,0.92,-0.53,-1.71,False,1.45,1.0,False,False,False,False,0,电网设备,0,0,False,False,A,1.5,0.0,0.0,"{'gap': 0.0, 'volume': 0.0, 'trend': 0.358, 'position': 0.0, 'sector': 0.0, 'continuity': 0.3}",12.5,['竞价尾段走弱'],竞价涨幅 -0.53% 超出区间
688283,坤恒顺维,20.0,33.1,32.8,-0.91,-0.045,3260000.0,156740000.0,0.0208,1.0,-0.91,-0.91,-1.9,False,0.0,0.897058823529412,True,False,False,False,0,通信设备,0,1,False,False,A,5.0,32.2,32.190532988784135,"{'gap': 0.0, 'volume': 0.654, 'trend': 0.342, 'position': 0.5, 'sector': 0.0, 'continuity': 0.3}",0.0,[],竞价涨幅 -0.91% 超出区间
002869,金溢科技,10.0,16.77,16.74,-0.18,-0.018,250000.0,156190000.0,0.0016,-0.95,-0.95,-0.18,0.78,True,-0.78,0.8388746803069056,False,False,False,False,0,计算机设备,0,0,True,False,A,0.4,20.1,20.1,"{'gap': 0.0, 'volume': 0.0, 'trend': 0.78, 'position': 0.2, 'sector': 0.0, 'continuity': 0.3}",0.0,[],隔夜公告黑名单
300987,川网传媒,20.0,14.54,14.56,0.14,0.007,840000.0,156170000.0,0.00538,-1.03,0.28,0.14,1.17,False,0.14,0.7953890489913542,True,False,False,False,0,文化传媒,0,3,False,False,A,1.3,21.0,20.950000000000003,"{'gap': 0.0, 'volume': 0.0, 'trend': 0.598, 'position': 0.5, 'sector': 0.0, 'continuity': 0.3}",0.0,[],竞价涨幅 0.14% 超出区间
300947,德必集团,20.0,16.03,15.8,-1.43,-0.072,2050000.0,155690000.0,0.01317,-4.37,-4.37,-1.43,2.93,True,-2.93,1.0,False,False,False,False,0,零售,0,1,False,False,A,3.2,25.0,24.955770264717952,"{'gap': 0.0, 'volume': 0.223, 'trend': 0.894, 'position': 0.0, 'sector': 0.0, 'continuity': 0.3}",0.0,[],竞价涨幅 -1.43% 超出区间
301108,洁雅股份,20.0,51.5,51.0,-0.97,-0.049,580000.0,154030000.0,0.00377,1.73,1.55,-0.97,-2.7,False,2.52,1.0,True,False,False,False,0,美容护理,0,0,False,False,A,0.9,0.0,0.0,"{'gap': 0.0, 'volume': 0.0, 'trend': 0.275, 'position': 0.3, 'sector': 0.0, 'continuity': 0.3}",12.5,['竞价尾段走弱'],竞价涨幅 -0.97% 超出区间
301259,艾布鲁,20.0,21.19,21.19,0.0,0.0,1110000.0,153730000.0,0.00722,0.0,0.42,0.0,0.0,False,0.42,0.2607040913415796,False,False,False,False,0,环境治理,0,0,True,False,B,1.7,16.7,16.723596574690763,"{'gap': 0.0, 'volume': 0.0, 'trend': 0.5, 'position': 0.348, 'sector': 0.0, 'continuity': 0.3}",0.0,[],隔夜公告黑名单
600281,华阳新材,10.0,4.73,4.63,-2.11,-0.211,1290000.0,153330000.0,0.00841,-0.21,-0.85,-2.11,-1.9,False,1.27,0.7629629629629634,False,False,False,False,0,小金属,0,0,False,False,A,2.0,0.0,0.0,"{'gap': 0.0, 'volume': 0.0, 'trend': 0.183, 'position': 0.2, 'sector': 0.0, 'continuity': 0.3}",12.5,['竞价尾段走弱'],竞价涨幅 -2.11% 超出区间
688721,龙图光罩,20.0,42.4,41.98,-0.99,-0.05,190000.0,152590000.0,0.00125,-2.24,-0.94,-0.99,1.25,False,0.05,0.32755507403394724,True,False,False,False,0,半导体,2,3,False,False,B,0.3,27.6,27.550018057060317,"{'gap': 0.0, 'volume': 0.0, 'trend': 0.604, 'position': 0.381, 'sector': 0.55, 'continuity': 0.3}",0.0,[],竞价涨幅 -0.99% 超出区间
300970,华绿生物,20.0,18.09,18.1,0.06,0.003,770000.0,152350000.0,0.00505,-0.5,0.06,0.06,0.55,True,0.0,0.44010088272383346,False,False,False,False,0,种植业与林业,1,1,False,False,A,1.2,15.4,15.416666666666668,"{'gap': 0.0, 'volume': 0.0, 'trend': 0.696, 'position': 0.0, 'sector': 0.0, 'continuity': 0.3}",0.0,[],竞价涨幅 0.06% 超出区间
002403,爱仕达,10.0,10.1,10.14,0.4,0.04,1350000.0,151450000.0,0.00891,-3.96,-1.98,0.4,4.36,True,-2.38,0.38793103448275856,False,False,False,False,0,小家电,0,1,False,False,B,2.1,22.0,21.95258620689656,"{'gap': 0.0, 'volume': 0.0, 'trend': 1.0, 'position': 0.03, 'sector': 0.0, 'continuity': 0.3}",0.0,[],竞价涨幅 0.40% 超出区间
605069,正和生态,10.0,11.64,11.51,-1.12,-0.112,920000.0,151280000.0,0.00608,0.0,-0.52,-1.12,-1.12,False,0.6,0.3786549707602339,True,False,False,False,0,环境治理,0,0,False,False,B,1.5,11.6,11.567105263157897,"{'gap': 0.0, 'volume': 0.0, 'trend': 0.313, 'position': 0.253, 'sector': 0.0, 'continuity': 0.3}",0.0,[],竞价涨幅 -1.12% 超出区间
301210,金杨精密,20.0,31.45,31.06,-1.24,-0.062,650000.0,150700000.0,0.00431,0.0,-1.75,-1.24,-1.24,False,-0.51,0.8993399339933992,True,False,False,False,0,电池,2,1,False,False,A,1.0,20.7,20.68333333333333,"{'gap': 0.0, 'volume': 0.0, 'trend': 0.397, 'position': 0.5, 'sector': 0.25, 'continuity': 0.3}",0.0,[],竞价涨幅 -1.24% 超出区间
001378,德冠新材,10.0,23.48,23.36,-0.51,-0.051,250000.0,149660000.0,0.00167,0.04,0.04,-0.51,-0.55,False,0.55,0.9392466585662211,True,False,False,False,0,塑料制品,0,0,False,False,A,0.4,17.2,17.166666666666668,"{'gap': 0.0, 'volume': 0.0, 'trend': 0.408, 'position': 0.5, 'sector': 0.0, 'continuity': 0.3}",0.0,[],竞价涨幅 -0.51% 超出区间
000790,华神科技,10.0,4.25,4.23,-0.47,-0.047,770000.0,149650000.0,0.00515,-1.41,-1.65,-0.47,0.94,False,-1.18,0.8214285714285711,False,False,False,False,0,中药,0,0,False,False,A,1.2,17.6,17.633333333333333,"{'gap': 0.0, 'volume': 0.0, 'trend': 0.657, 'position': 0.2, 'sector': 0.0, 'continuity': 0.3}",0.0,[],竞价涨幅 -0.47% 超出区间
688057,金达莱,20.0,19.56,19.83,1.38,0.069,1140000.0,149270000.0,0.00764,-4.81,-2.86,1.38,6.19,True,-4.24,0.9327731092436972,False,True,False,False,0,环境治理,0,0,False,False,A,1.8,32.0,32.0,"{'gap': 0.0, 'volume': 0.0, 'trend': 1.0, 'position': 0.7, 'sector': 0.0, 'continuity': 0.3}",0.0,[],竞价涨幅 1.38% 超出区间
300650,太龙股份,20.0,13.05,12.96,-0.69,-0.034,720000.0,149130000.0,0.00483,0.0,-0.46,-0.69,-0.69,False,0.23,0.7882352941176474,True,False,False,False,0,其他电子,0,0,False,False,A,1.2,17.8,17.849999999999998,"{'gap': 0.0, 'volume': 0.0, 'trend': 0.443, 'position': 0.5, 'sector': 0.0, 'continuity': 0.3}",0.0,[],竞价涨幅 -0.69% 超出区间
301148,嘉戎技术,20.0,61.07,60.99,-0.13,-0.007,130000.0,149060000.0,0.00087,-0.13,-0.13,-0.13,0.0,True,0.0,1.0,True,False,False,False,0,环境治理,0,0,False,False,A,0.2,19.0,19.0,"{'gap': 0.0, 'volume': 0.0, 'trend': 0.65, 'position': 0.3, 'sector': 0.0, 'continuity': 0.3}",0.0,[],竞价涨幅 -0.13% 超出区间
920895,花溪科技,30.0,22.42,22.68,1.16,0.039,1844100.0,148894100.0,0.01239,1.03,1.07,1.16,0.13,True,-0.09,0.5623781676413256,False,False,False,False,0,专用设备,0,2,False,False,A,3.0,21.8,21.77615300104306,"{'gap': 0.0, 'volume': 0.165, 'trend': 0.657, 'position': 0.2, 'sector': 0.0, 'continuity': 0.3}",0.0,[],竞价涨幅 1.16% 超出区间
688244,永信至诚,20.0,16.74,17.07,1.97,0.099,1550000.0,146070000.0,0.01061,2.75,5.02,1.97,-0.78,False,3.05,0.8497757847533629,True,False,False,False,0,软件开发,0,0,False,False,A,2.5,5.7,5.671760087124767,"{'gap': 0.0, 'volume': 0.019, 'trend': 0.435, 'position': 0.5, 'sector': 0.0, 'continuity': 0.3}",12.5,['竞价尾段走弱'],竞价涨幅 1.97% 超出区间
300977,深圳瑞捷,20.0,20.83,20.65,-0.86,-0.043,980000.0,145190000.0,0.00675,2.69,-1.68,-0.86,-3.55,False,-0.82,1.0,True,False,False,False,0,建筑装饰,0,2,False,False,A,1.6,10.1,10.083333333333332,"{'gap': 0.0, 'volume': 0.0, 'trend': 0.204, 'position': 0.3, 'sector': 0.0, 'continuity': 0.3}",0.0,[],竞价涨幅 -0.86% 超出区间
301237,和顺科技,20.0,42.03,41.7,-0.79,-0.039,520000.0,143240000.0,0.00363,-0.55,-0.55,-0.79,-0.24,False,0.24,0.11108812577575515,False,False,False,False,0,塑料制品,0,0,False,False,B,0.9,21.9,21.934195283409185,"{'gap': 0.0, 'volume': 0.0, 'trend': 0.48, 'position': 0.722, 'sector': 0.0, 'continuity': 0.3}",0.0,[],竞价涨幅 -0.79% 超出区间
920571,国航远洋,30.0,8.84,8.82,-0.23,-0.008,202600.00000000003,143075200.0,0.00142,0.57,0.57,-0.23,-0.79,False,0.79,0.40559440559440574,False,False,False,False,0,港口航运,0,0,False,False,A,0.3,10.6,10.622222222222224,"{'gap': 0.0, 'volume': 0.0, 'trend': 0.456, 'position': 0.0, 'sector': 0.0, 'continuity': 0.3}",0.0,[],竞价涨幅 -0.23% 超出区间
000668,荣丰控股,10.0,17.44,17.13,-1.78,-0.178,520000.0,142480000.0,0.00365,-1.26,-1.26,-1.78,-0.52,False,0.52,0.30021141649048644,False,False,False,False,0,房地产,0,3,False,False,B,0.9,13.5,13.508738548273424,"{'gap': 0.0, 'volume': 0.0, 'trend': 0.413, 'position': 0.249, 'sector': 0.0, 'continuity': 0.3}",0.0,[],竞价涨幅 -1.78% 超出区间
000812,陕西金叶,10.0,3.67,3.72,1.36,0.136,1410000.0,141590000.0,0.00996,-0.82,-1.36,1.36,2.18,False,-2.72,0.5392156862745099,False,False,False,False,0,包装印刷,0,0,False,False,A,2.4,18.8,18.766666666666666,"{'gap': 0.0, 'volume': 0.0, 'trend': 0.863, 'position': 0.0, 'sector': 0.0, 'continuity': 0.3}",0.0,[],竞价涨幅 1.36% 超出区间
688426,康为世纪,20.0,23.79,23.5,-1.22,-0.061,840000.0,141220000.0,0.00595,3.45,0.88,-1.22,-4.67,False,2.1,1.0,True,False,False,False,0,医疗器械,0,2,False,False,A,1.4,0.0,0.0,"{'gap': 0.0, 'volume': 0.0, 'trend': 0.111, 'position': 0.3, 'sector': 0.0, 'continuity': 0.3}",12.5,['竞价尾段走弱'],竞价涨幅 -1.22% 超出区间
920971,天马新材,30.0,28.82,29.37,1.91,0.064,2033200.0,140982600.0,0.01442,29.7,1.67,1.91,-27.79,False,-0.24,0.3717679944095038,False,False,False,False,0,非金属材料,0,0,False,False,B,3.5,10.3,10.270917610245869,"{'gap': 0.0, 'volume': 0.308, 'trend': 0.0, 'position': 0.071, 'sector': 0.0, 'continuity': 0.3}",0.0,[],竞价涨幅 1.91% 超出区间
920367,新赣江,30.0,27.59,27.21,-1.38,-0.046,302700.0,139941000.0,0.00216,-0.04,-1.49,-1.38,-1.34,False,-0.11,0.5204274041483344,False,False,False,False,0,化学制药,1,0,False,False,A,0.5,10.0,10.011111111111113,"{'gap': 0.0, 'volume': 0.0, 'trend': 0.426, 'position': 0.0, 'sector': 0.0, 'continuity': 0.3}",0.0,[],竞价涨幅 -1.38% 超出区间
301601,惠通科技,20.0,16.84,17.14,1.78,0.089,1170000.0,139870000.0,0.00836,-0.12,0.0,1.78,1.9,True,-1.78,1.0,False,False,False,False,0,专用设备,0,2,False,False,A,2.0,17.7,17.666666666666668,"{'gap': 0.0, 'volume': 0.0, 'trend': 0.808, 'position': 0.0, 'sector': 0.0, 'continuity': 0.3}",0.0,[],竞价涨幅 1.78% 超出区间
301198,喜悦智行,20.0,14.6,14.65,0.34,0.017,870000.0,139470000.0,0.00624,1.3,1.3,0.34,-0.96,False,0.96,0.9619047619047617,False,False,False,False,0,包装印刷,0,0,False,False,A,1.5,9.9,9.9,"{'gap': 0.0, 'volume': 0.0, 'trend': 0.42, 'position': 0.0, 'sector': 0.0, 'continuity': 0.3}",0.0,[],竞价涨幅 0.34% 超出区间
300314,戴维医疗,20.0,12.62,12.75,1.03,0.052,1230000.0,139360000.0,0.00883,-0.95,-0.95,1.03,1.98,True,-1.98,0.5617977528089887,False,False,False,False,0,医疗器械,0,2,False,False,A,2.1,20.8,20.8,"{'gap': 0.0, 'volume': 0.0, 'trend': 0.815, 'position': 0.2, 'sector': 0.0, 'continuity': 0.3}",0.0,[],竞价涨幅 1.03% 超出区间
300992,泰福泵业,20.0,29.07,28.81,-0.89,-0.045,530000.0,139260000.0,0.00381,0.1,0.0,-0.89,-1.0,False,0.89,0.8375912408759123,True,False,False,False,0,通用设备,1,6,False,False,A,0.9,17.3,17.333333333333336,"{'gap': 0.0, 'volume': 0.0, 'trend': 0.417, 'position': 0.5, 'sector': 0.0, 'continuity': 0.3}",0.0,[],竞价涨幅 -0.89% 超出区间
300165,天瑞仪器,20.0,5.19,5.17,-0.39,-0.019,1500000.0,138630000.0,0.01082,-1.54,-1.73,-0.39,1.16,False,-1.35,0.614173228346457,False,False,False,False,0,通用设备,1,6,False,False,A,2.6,17.4,17.367607028396677,"{'gap': 0.0, 'volume': 0.037, 'trend': 0.597, 'position': 0.2, 'sector': 0.0, 'continuity': 0.3}",0.0,[],竞价涨幅 -0.39% 超出区间
301516,中远通,20.0,19.78,19.78,0.0,0.0,200000.0,137540000.0,0.00145,0.96,0.96,0.0,-0.96,False,0.96,0.5564435564435566,True,False,False,False,0,其他电源设备,0,0,False,False,A,0.3,17.4,17.4,"{'gap': 0.0, 'volume': 0.0, 'trend': 0.42, 'position': 0.5, 'sector': 0.0, 'continuity': 0.3}",0.0,[],竞价涨幅 0.00% 超出区间
600653,申华控股,10.0,1.87,1.81,-3.21,-0.321,10710000.0,137070000.0,0.07814,9.63,6.95,-3.21,-12.83,False,10.16,1.0,False,False,True,False,1,汽车服务及其他,0,1,False,False,A,18.8,0.0,0.0,"{'gap': 0.0, 'volume': 0.0, 'trend': 0.0, 'position': 0.0, 'sector': 0.0, 'continuity': 0.85}",42.5,"['竞价尾段走弱', '高位极端放量']",竞价涨幅 -3.21% 超出区间
300250,初灵信息,20.0,15.19,15.2,0.07,0.003,900000.0,136110000.0,0.00661,-1.18,-1.18,0.07,1.25,True,-1.25,0.5864864864864866,False,False,False,False,0,IT服务,0,1,False,False,A,1.6,19.6,19.583333333333336,"{'gap': 0.0, 'volume': 0.0, 'trend': 0.754, 'position': 0.2, 'sector': 0.0, 'continuity': 0.3}",0.0,[],竞价涨幅 0.07% 超出区间
001211,双枪科技,10.0,26.06,25.88,-0.69,-0.069,780000.0,136000000.0,0.00574,-0.04,-0.69,-0.69,-0.65,False,0.0,0.9764560099132589,True,False,False,False,0,家居用品,1,1,False,False,A,1.4,13.8,13.833333333333334,"{'gap': 0.0, 'volume': 0.0, 'trend': 0.392, 'position': 0.3, 'sector': 0.0, 'continuity': 0.3}",0.0,[],竞价涨幅 -0.69% 超出区间
920012,创达新材,30.0,55.35,53.88,-2.66,-0.089,1840800.0000000002,135603400.0,0.01357,-2.8,-2.64,-2.66,0.14,False,0.02,0.5331674958540631,False,False,False,False,0,半导体,2,3,False,False,A,3.3,26.2,26.184057146673005,"{'gap': 0.0, 'volume': 0.251, 'trend': 0.508, 'position': 0.0, 'sector': 0.55, 'continuity': 0.3}",0.0,[],竞价涨幅 -2.66% 超出区间
002995,天地在线,10.0,17.34,17.23,-0.63,-0.063,430000.0,135160000.0,0.00318,-0.63,-0.63,-0.63,0.0,True,0.0,0.5347912524850894,False,False,False,False,0,文化传媒,0,3,False,False,A,0.8,14.5,14.500000000000002,"{'gap': 0.0, 'volume': 0.0, 'trend': 0.65, 'position': 0.0, 'sector': 0.0, 'continuity': 0.3}",0.0,[],竞价涨幅 -0.63% 超出区间
301313,凡拓数创,20.0,31.31,31.05,-0.83,-0.042,630000.0,134730000.0,0.00468,1.09,1.25,-0.83,-1.92,False,2.08,0.10934819897084037,False,False,False,False,0,文化传媒,0,3,False,False,B,1.1,6.7,6.6994425385934875,"{'gap': 0.0, 'volume': 0.0, 'trend': 0.34, 'position': 0.727, 'sector': 0.0, 'continuity': 0.3}",12.5,['竞价尾段走弱'],竞价涨幅 -0.83% 超出区间
603937,丽岛新材,10.0,12.97,13.0,0.23,0.023,9790000.0,133720000.0,0.07321,10.02,10.02,0.23,-9.79,False,9.79,0.6220735785953178,False,True,True,False,1,工业金属,0,1,False,False,A,17.6,2.2,2.25,"{'gap': 0.0, 'volume': 0.0, 'trend': 0.0, 'position': 0.7, 'sector': 0.0, 'continuity': 0.85}",12.5,['竞价尾段走弱'],竞价涨幅 0.23% 超出区间
301531,春光集团,20.0,53.25,52.66,-1.11,-0.055,120000.0,133600000.0,0.0009,-0.47,-0.47,-1.11,-0.64,False,0.64,0.3691705233179067,True,False,False,False,0,金属新材料,0,1,False,False,B,0.2,14.6,14.589438708911834,"{'gap': 0.0, 'volume': 0.0, 'trend': 0.447, 'position': 0.277, 'sector': 0.0, 'continuity': 0.3}",0.0,[],竞价涨幅 -1.11% 超出区间
301233,盛帮股份,20.0,37.57,37.43,-0.37,-0.019,570000.0,129170000.0,0.00441,0.0,-2.58,-0.37,-0.37,False,-2.21,0.9751295336787563,False,False,False,False,0,汽车零部件,0,2,False,False,A,1.1,10.9,10.883333333333333,"{'gap': 0.0, 'volume': 0.0, 'trend': 0.469, 'position': 0.0, 'sector': 0.0, 'continuity': 0.3}",0.0,[],竞价涨幅 -0.37% 超出区间
688573,信宇人,20.0,17.15,17.39,1.4,0.07,1580000.0,128450000.0,0.0123,-1.87,-2.04,1.4,3.27,False,-3.44,0.8951219512195122,False,False,False,False,0,电池,2,1,False,False,A,3.0,27.7,27.65966562575087,"{'gap': 0.0, 'volume': 0.158, 'trend': 0.772, 'position': 0.2, 'sector': 0.25, 'continuity': 0.3}",0.0,[],竞价涨幅 1.40% 超出区间
300865,大宏立,20.0,33.36,33.28,-0.24,-0.012,150000.0,128050000.0,0.00117,-1.32,-0.09,-0.24,1.08,False,0.15,0.9188829787234043,False,False,False,False,0,专用设备,0,2,False,False,A,0.3,16.3,16.299999999999997,"{'gap': 0.0, 'volume': 0.0, 'trend': 0.59, 'position': 0.2, 'sector': 0.0, 'continuity': 0.3}",0.0,[],竞价涨幅 -0.24% 超出区间
000020,深华发Ａ,10.0,13.59,13.73,1.03,0.103,3110000.0,127690000.0,0.02436,-0.81,-0.66,1.03,1.84,True,-1.69,0.7528301886792452,True,False,False,False,0,光学光电子,1,2,False,False,A,5.8,48.2,48.21883940035925,"{'gap': 0.0, 'volume': 0.803, 'trend': 0.957, 'position': 0.5, 'sector': 0.0, 'continuity': 0.3}",0.0,[],竞价涨幅 1.03% 超出区间
688056,莱伯泰科,20.0,52.92,53.0,0.15,0.008,3510000.0,127250000.0,0.02758,9.6,5.82,0.15,-9.45,False,5.67,0.8218340611353713,True,True,True,False,1,通用设备,1,6,False,False,A,6.6,29.8,29.765216676229315,"{'gap': 0.0, 'volume': 0.921, 'trend': 0.0, 'position': 1.0, 'sector': 0.0, 'continuity': 0.85}",12.5,['竞价尾段走弱'],竞价涨幅 0.15% 超出区间
603257,中国瑞林,10.0,70.37,70.07,-0.43,-0.043,80000.0,126790000.0,0.00063,0.0,0.0,-0.43,-0.43,False,0.43,0.4127388535031849,False,False,False,False,0,建筑装饰,0,2,False,False,A,0.2,10.1,10.066666666666666,"{'gap': 0.0, 'volume': 0.0, 'trend': 0.428, 'position': 0.0, 'sector': 0.0, 'continuity': 0.3}",0.0,[],竞价涨幅 -0.43% 超出区间
002205,国统股份,10.0,11.62,11.33,-2.5,-0.25,4870000.0,125540000.0,0.03879,9.98,1.03,-2.5,-12.48,False,3.53,1.0,False,False,False,True,0,建筑材料,0,2,False,False,A,9.3,0.0,0.0,"{'gap': 0.0, 'volume': 0.897, 'trend': 0.0, 'position': 0.0, 'sector': 0.0, 'continuity': 0.3}",57.5,"['竞价尾段走弱', '高位极端放量', '昨日炸板']",竞价涨幅 -2.50% 超出区间
301555,惠柏新材,20.0,38.26,38.0,-0.68,-0.034,370000.0,122660000.0,0.00302,-0.03,-0.03,-0.68,-0.65,False,0.65,0.594983991462113,True,False,False,False,0,塑料制品,0,0,False,False,A,0.7,17.9,17.91666666666667,"{'gap': 0.0, 'volume': 0.0, 'trend': 0.446, 'position': 0.5, 'sector': 0.0, 'continuity': 0.3}",0.0,[],竞价涨幅 -0.68% 超出区间
603402,陕西旅游,10.0,62.01,61.83,-0.29,-0.029,1430000.0,122560000.0,0.01167,-0.69,-0.29,-0.29,0.4,True,0.0,0.21149999999999985,False,False,False,False,0,旅游及酒店,0,0,False,False,B,2.8,25.6,25.620993951797217,"{'gap': 0.0, 'volume': 0.109, 'trend': 0.717, 'position': 0.471, 'sector': 0.0, 'continuity': 0.3}",0.0,[],竞价涨幅 -0.29% 超出区间
300902,国安达,20.0,18.76,18.5,-1.39,-0.069,700000.0,122540000.0,0.00571,1.44,0.21,-1.39,-2.83,False,1.6,1.0,True,False,False,False,0,专用设备,0,2,False,False,A,1.4,0.0,0.0,"{'gap': 0.0, 'volume': 0.0, 'trend': 0.264, 'position': 0.3, 'sector': 0.0, 'continuity': 0.3}",12.5,['竞价尾段走弱'],竞价涨幅 -1.39% 超出区间
300730,科创信息,20.0,11.56,11.5,-0.52,-0.026,460000.0,122390000.0,0.00376,-0.61,-0.61,-0.52,0.09,True,-0.09,0.316831683168317,False,False,False,False,0,软件开发,0,0,False,False,B,0.9,17.8,17.768811881188114,"{'gap': 0.0, 'volume': 0.0, 'trend': 0.657, 'position': 0.208, 'sector': 0.0, 'continuity': 0.3}",0.0,[],竞价涨幅 -0.52% 超出区间
603721,中广天择,10.0,18.23,18.19,-0.22,-0.022,370000.0,122170000.0,0.00303,-0.05,-0.82,-0.22,-0.16,False,-0.6,0.5401974612129762,False,False,False,False,0,影视院线,0,0,False,False,A,0.7,11.0,10.966666666666667,"{'gap': 0.0, 'volume': 0.0, 'trend': 0.473, 'position': 0.0, 'sector': 0.0, 'continuity': 0.3}",0.0,[],竞价涨幅 -0.22% 超出区间
000850,华茂股份,10.0,4.65,5.12,10.11,1.011,19200000.0,119340000.0,0.16088,10.11,10.11,10.11,0.0,True,0.0,1.0,False,True,True,False,1,纺织制造,0,1,False,True,A,38.6,0.0,0.0,"{'gap': 0.0, 'volume': 0.0, 'trend': 0.65, 'position': 0.5, 'sector': 0.0, 'continuity': 0.85}",30.0,['高位极端放量'],一字板（买不进）
600303,曙光股份,10.0,3.0,3.0,0.0,0.0,660000.0,118520000.0,0.00557,-1.0,0.33,0.0,1.0,False,0.33,0.8095238095238094,False,False,False,False,0,汽车整车,0,1,False,False,A,1.3,17.8,17.833333333333336,"{'gap': 0.0, 'volume': 0.0, 'trend': 0.667, 'position': 0.2, 'sector': 0.0, 'continuity': 0.3}",0.0,[],竞价涨幅 0.00% 超出区间
002742,冀衡医药,10.0,4.21,4.18,-0.71,-0.071,480000.0,115700000.0,0.00415,-2.14,-1.9,-0.71,1.43,True,-1.19,0.31649831649831645,False,False,False,False,0,化学制药,1,0,False,False,B,1.0,22.4,22.3979797979798,"{'gap': 0.0, 'volume': 0.0, 'trend': 0.888, 'position': 0.209, 'sector': 0.0, 'continuity': 0.3}",0.0,[],竞价涨幅 -0.71% 超出区间
300659,中孚信息,20.0,10.87,10.92,0.46,0.023,270000.0,113870000.0,0.00237,0.0,0.46,0.46,0.46,True,0.0,0.8628318584070794,True,False,False,False,0,计算机设备,0,0,False,False,A,0.6,22.8,22.76666666666667,"{'gap': 0.0, 'volume': 0.0, 'trend': 0.688, 'position': 0.5, 'sector': 0.0, 'continuity': 0.3}",0.0,[],竞价涨幅 0.46% 超出区间
002633,申科股份,10.0,15.87,15.72,-0.95,-0.095,3500000.0,111540000.0,0.03138,8.25,0.76,-0.95,-9.2,False,1.7,1.0,False,False,True,False,1,通用设备,1,6,False,False,A,7.5,16.3,16.300266343572687,"{'gap': 0.0, 'volume': 0.982, 'trend': 0.0, 'position': 0.0, 'sector': 0.0, 'continuity': 0.85}",12.5,['竞价尾段走弱'],竞价涨幅 -0.95% 超出区间
920981,晶赛科技,30.0,32.05,31.61,-1.37,-0.046,781800.0000000001,111302500.0,0.00702,-1.4,-1.4,-1.37,0.03,True,-0.03,0.3028100775193797,False,False,False,False,0,元件,0,2,False,False,B,1.7,18.2,18.177955426356597,"{'gap': 0.0, 'volume': 0.0, 'trend': 0.652, 'position': 0.243, 'sector': 0.0, 'continuity': 0.3}",0.0,[],竞价涨幅 -1.37% 超出区间
920873,中设咨询,30.0,8.16,8.09,-0.86,-0.029,4613400.0,110830800.0,0.04163,-25.0,-14.22,-0.86,24.14,True,-13.36,1.0,False,False,False,False,0,建筑装饰,0,2,False,False,A,10.0,13.2,13.22376320455271,"{'gap': 0.0, 'volume': 0.869, 'trend': 1.0, 'position': 0.0, 'sector': 0.0, 'continuity': 0.3}",30.0,['高位极端放量'],竞价涨幅 -0.86% 超出区间
301600,慧翰股份,20.0,80.7,80.68,-0.02,-0.001,340000.0,110640000.0,0.00307,0.86,0.86,-0.02,-0.88,False,0.88,0.34732824427480935,False,False,False,False,0,计算机设备,0,0,False,False,B,0.7,12.0,12.008524173027983,"{'gap': 0.0, 'volume': 0.0, 'trend': 0.427, 'position': 0.132, 'sector': 0.0, 'continuity': 0.3}",0.0,[],竞价涨幅 -0.02% 超出区间
301683,慧谷新材,20.0,103.35,102.89,-0.45,-0.022,1950000.0,109150000.0,0.01787,-0.03,-2.27,-0.45,-0.42,False,-1.83,0.24213168565360096,False,False,False,False,0,化学制品,1,2,False,False,B,4.3,29.5,29.494316736188598,"{'gap': 0.0, 'volume': 0.511, 'trend': 0.465, 'position': 0.395, 'sector': 0.0, 'continuity': 0.3}",0.0,[],竞价涨幅 -0.45% 超出区间
002972,科安达,10.0,13.43,13.29,-1.04,-0.104,50000.0,108070000.0,0.00046,-0.89,-0.89,-1.04,-0.15,False,0.15,0.2519893899204244,True,False,False,False,0,轨交设备,0,0,False,False,B,0.1,19.6,19.550397877984082,"{'gap': 0.0, 'volume': 0.0, 'trend': 0.475, 'position': 0.57, 'sector': 0.0, 'continuity': 0.3}",0.0,[],竞价涨幅 -1.04% 超出区间
301556,托普云农,20.0,62.31,61.78,-0.85,-0.043,1090000.0,107980000.0,0.01009,20.0,0.0,-0.85,-20.85,False,0.85,0.5681435782389231,False,False,False,False,0,IT服务,0,1,False,False,A,2.4,4.5,4.5,"{'gap': 0.0, 'volume': 0.0, 'trend': 0.0, 'position': 0.2, 'sector': 0.0, 'continuity': 0.3}",0.0,[],竞价涨幅 -0.85% 超出区间
002780,三夫户外,10.0,14.92,14.85,-0.47,-0.047,320000.0,107490000.0,0.00298,-1.01,-1.34,-0.47,0.54,False,-0.87,1.0,False,False,False,False,0,服装家纺,0,1,False,False,A,0.7,13.3,13.3,"{'gap': 0.0, 'volume': 0.0, 'trend': 0.59, 'position': 0.0, 'sector': 0.0, 'continuity': 0.3}",0.0,[],竞价涨幅 -0.47% 超出区间
301575,艾芬达,20.0,25.2,25.01,-0.75,-0.038,150000.0,106160000.0,0.00141,2.38,0.12,-0.75,-3.13,False,0.87,0.5261958997722096,False,False,False,False,0,家居用品,1,1,False,False,A,0.3,6.3,6.283333333333334,"{'gap': 0.0, 'volume': 0.0, 'trend': 0.239, 'position': 0.0, 'sector': 0.0, 'continuity': 0.3}",0.0,[],竞价涨幅 -0.75% 超出区间
603255,鼎际得,10.0,32.51,32.74,0.71,0.071,1150000.0,103790000.0,0.01108,3.35,2.0,0.71,-2.65,False,1.29,0.8139097744360899,False,False,False,False,0,化学制品,1,2,False,False,A,2.7,0.0,0.0,"{'gap': 0.0, 'volume': 0.06, 'trend': 0.058, 'position': 0.2, 'sector': 0.0, 'continuity': 0.3}",12.5,['竞价尾段走弱'],竞价涨幅 0.71% 超出区间
688623,双元科技,20.0,63.4,63.4,0.0,0.0,270000.0,102910000.0,0.00262,0.0,-1.42,0.0,0.0,False,-1.42,0.4575026232948584,True,False,False,False,0,自动化设备,0,0,False,False,A,0.6,16.0,16.000000000000004,"{'gap': 0.0, 'volume': 0.0, 'trend': 0.5, 'position': 0.3, 'sector': 0.0, 'continuity': 0.3}",0.0,[],竞价涨幅 0.00% 超出区间
688759,必贝特-U,20.0,23.4,23.2,-0.85,-0.043,280000.0,101360000.0,0.00276,-0.85,-1.15,-0.85,0.0,False,-0.3,0.19516728624535307,False,False,False,False,0,化学制药,1,0,False,False,B,0.7,19.2,19.18122676579926,"{'gap': 0.0, 'volume': 0.0, 'trend': 0.5, 'position': 0.512, 'sector': 0.0, 'continuity': 0.3}",0.0,[],竞价涨幅 -0.85% 超出区间
603344,星德胜,10.0,22.52,22.44,-0.36,-0.036,210000.0,100480000.0,0.00209,0.0,-0.8,-0.36,-0.36,False,-0.44,0.467680608365019,False,False,False,False,0,电机,0,0,False,False,A,0.5,10.3,10.3,"{'gap': 0.0, 'volume': 0.0, 'trend': 0.44, 'position': 0.0, 'sector': 0.0, 'continuity': 0.3}",0.0,[],竞价涨幅 -0.36% 超出区间
688171,纬德信息,20.0,24.03,24.15,0.5,0.025,760000.0,98450000.0,0.00772,-0.12,-0.12,0.5,0.62,True,-0.62,0.07503908285565405,False,False,False,False,0,软件开发,0,0,False,False,B,1.9,27.7,27.719367726246308,"{'gap': 0.0, 'volume': 0.0, 'trend': 0.702, 'position': 0.812, 'sector': 0.0, 'continuity': 0.3}",0.0,[],竞价涨幅 0.50% 超出区间
001233,海安集团,10.0,46.01,46.0,-0.02,-0.002,410000.0,97330000.0,0.00421,-0.46,0.0,-0.02,0.43,False,0.02,0.6617142857142856,False,False,False,False,0,汽车零部件,0,2,False,False,A,1.0,15.9,15.933333333333334,"{'gap': 0.0, 'volume': 0.0, 'trend': 0.572, 'position': 0.2, 'sector': 0.0, 'continuity': 0.3}",0.0,[],竞价涨幅 -0.02% 超出区间
920178,锐翔智能,30.0,92.43,91.24,-1.29,-0.043,204899.99999999997,97295700.0,0.00211,-29.99,-1.55,-1.29,28.7,True,-0.26,0.24454373603711993,False,False,False,False,0,自动化设备,0,0,False,False,B,0.5,27.3,27.329609898608005,"{'gap': 0.0, 'volume': 0.0, 'trend': 1.0, 'position': 0.389, 'sector': 0.0, 'continuity': 0.3}",0.0,[],竞价涨幅 -1.29% 超出区间
688667,菱电电控,20.0,103.61,103.35,-0.25,-0.013,160000.0,97150000.0,0.00165,-0.15,-0.2,-0.25,-0.1,False,0.05,0.4892215568862277,True,False,False,False,0,汽车零部件,0,2,False,False,A,0.4,15.8,15.833333333333332,"{'gap': 0.0, 'volume': 0.0, 'trend': 0.492, 'position': 0.3, 'sector': 0.0, 'continuity': 0.3}",0.0,[],竞价涨幅 -0.25% 超出区间
301166,优宁维,20.0,33.03,33.13,0.3,0.015,760000.0,97100000.0,0.00783,-1.67,-1.67,0.3,1.97,True,-1.97,0.8966900702106319,True,False,False,False,0,生物制品,1,0,False,False,A,1.9,25.3,25.283333333333335,"{'gap': 0.0, 'volume': 0.0, 'trend': 0.814, 'position': 0.5, 'sector': 0.0, 'continuity': 0.3}",0.0,[],竞价涨幅 0.30% 超出区间
301300,远翔新材,20.0,34.0,33.7,-0.88,-0.044,460000.0,96900000.0,0.00475,-1.0,-1.0,-0.88,0.12,True,-0.12,0.7574511819116136,True,False,False,False,0,橡胶制品,0,0,False,False,A,1.1,22.2,22.200000000000003,"{'gap': 0.0, 'volume': 0.0, 'trend': 0.66, 'position': 0.5, 'sector': 0.0, 'continuity': 0.3}",0.0,[],竞价涨幅 -0.88% 超出区间
603075,热威股份,10.0,20.49,20.45,-0.2,-0.02,520000.0,96370000.0,0.0054,0.49,0.05,-0.2,-0.68,False,0.24,0.5178947368421047,True,False,False,False,0,白色家电,0,0,False,False,A,1.3,13.7,13.733333333333334,"{'gap': 0.0, 'volume': 0.0, 'trend': 0.387, 'position': 0.3, 'sector': 0.0, 'continuity': 0.3}",0.0,[],竞价涨幅 -0.20% 超出区间
301329,信音电子,20.0,20.94,20.84,-0.48,-0.024,590000.0,95250000.0,0.00619,-2.01,-2.58,-0.48,1.53,False,-2.1,0.5975422427035333,True,False,False,False,0,消费电子,0,2,False,False,A,1.5,21.6,21.550000000000004,"{'gap': 0.0, 'volume': 0.0, 'trend': 0.627, 'position': 0.5, 'sector': 0.0, 'continuity': 0.3}",0.0,[],竞价涨幅 -0.48% 超出区间
003011,海象新材,10.0,20.78,20.59,-0.91,-0.091,890000.0,93600000.0,0.00951,-5.87,-5.29,-0.91,4.96,True,-4.38,0.9133192389006343,False,False,False,False,0,家居用品,1,1,False,False,A,2.3,24.5,24.5,"{'gap': 0.0, 'volume': 0.0, 'trend': 1.0, 'position': 0.2, 'sector': 0.0, 'continuity': 0.3}",0.0,[],竞价涨幅 -0.91% 超出区间
301633,港迪技术,20.0,60.51,60.48,-0.05,-0.002,80000.0,92510000.0,0.00086,0.0,-1.67,-0.05,-0.05,False,-1.62,0.7241228070175438,False,False,False,False,0,自动化设备,0,0,False,False,A,0.2,14.4,14.416666666666666,"{'gap': 0.0, 'volume': 0.0, 'trend': 0.496, 'position': 0.2, 'sector': 0.0, 'continuity': 0.3}",0.0,[],竞价涨幅 -0.05% 超出区间
920193,吉和昌,30.0,31.38,31.08,-0.96,-0.032,203299.99999999997,91758700.00000001,0.00222,-1.56,-0.96,-0.96,0.61,True,0.0,0.05588351042896497,False,False,False,False,0,电池,2,1,False,False,B,0.5,31.8,31.83214613669159,"{'gap': 0.0, 'volume': 0.0, 'trend': 0.684, 'position': 0.86, 'sector': 0.25, 'continuity': 0.3}",0.0,[],竞价涨幅 -0.96% 超出区间
920003,中诚咨询,30.0,17.75,17.76,0.06,0.002,4486600.0,91754400.0,0.0489,-5.63,-5.75,0.06,5.69,False,-5.8,0.2295623451692816,False,False,False,False,0,建筑装饰,0,2,False,False,B,11.7,24.2,24.21363427837417,"{'gap': 0.0, 'volume': 0.0, 'trend': 0.816, 'position': 0.426, 'sector': 0.0, 'continuity': 0.3}",0.0,[],竞价涨幅 0.06% 超出区间
001296,长江材料,10.0,20.62,20.43,-0.92,-0.092,2370000.0,90890000.0,0.02608,1.02,1.02,-0.92,-1.94,False,1.94,0.7781350482315115,False,False,False,False,0,非金属材料,0,0,False,False,A,6.3,17.2,17.22887424945648,"{'gap': 0.0, 'volume': 0.868, 'trend': 0.177, 'position': 0.2, 'sector': 0.0, 'continuity': 0.3}",12.5,['竞价尾段走弱'],竞价涨幅 -0.92% 超出区间
688130,晶华微,20.0,28.51,28.16,-1.23,-0.061,380000.0,90850000.0,0.00418,0.91,-1.44,-1.23,-2.14,False,-0.21,0.8933649289099528,True,False,False,False,0,半导体,2,3,False,False,A,1.0,23.7,23.683333333333334,"{'gap': 0.0, 'volume': 0.0, 'trend': 0.322, 'position': 0.5, 'sector': 0.55, 'continuity': 0.3}",0.0,[],竞价涨幅 -1.23% 超出区间
001234,泰慕士,10.0,32.18,35.4,10.01,1.001,36970000.0,89600000.0,0.41261,10.01,10.01,10.01,0.0,True,0.0,1.0,True,True,True,False,3,服装家纺,0,1,False,True,A,99.0,0.0,0.0,"{'gap': 0.0, 'volume': 0.0, 'trend': 0.65, 'position': 0.8, 'sector': 0.0, 'continuity': 0.6}",30.0,"['高位极端放量', '3连板 高位']",一字板（买不进）
301636,泽润新能,20.0,41.71,41.5,-0.5,-0.025,220000.0,87690000.0,0.00251,0.7,-0.5,-0.5,-1.2,False,0.0,0.8653846153846158,False,False,False,False,0,光伏设备,0,1,False,False,A,0.6,12.5,12.5,"{'gap': 0.0, 'volume': 0.0, 'trend': 0.4, 'position': 0.2, 'sector': 0.0, 'continuity': 0.3}",0.0,[],竞价涨幅 -0.50% 超出区间
002238,天威视讯,10.0,7.66,8.3,8.36,0.836,69550000.0,87640000.0,0.79359,10.05,10.05,8.36,-1.7,False,1.7,1.0,False,True,True,False,2,文化传媒,0,3,False,False,A,190.5,0.0,0.0,"{'gap': 0.0, 'volume': 0.0, 'trend': 0.217, 'position': 0.5, 'sector': 0.0, 'continuity': 1.0}",42.5,"['竞价尾段走弱', '高位极端放量']",竞价涨幅 8.36% 超出区间
920346,威贸电子,30.0,16.3,17.17,5.34,0.178,2511700.0,87055400.00000001,0.02885,-4.91,-4.85,5.34,10.25,True,-10.18,0.8506944444444445,False,False,False,False,0,消费电子,0,2,False,False,A,6.9,48.6,48.577598179666204,"{'gap': 0.0, 'volume': 0.963, 'trend': 1.0, 'position': 0.2, 'sector': 0.0, 'continuity': 0.3}",0.0,[],竞价涨幅 5.34% 超出区间
920223,荣亿精密,30.0,13.89,13.82,-0.5,-0.017,156100.0,85839700.0,0.00182,-1.22,-1.66,-0.5,0.72,False,-1.15,0.4689922480620156,False,False,False,False,0,通用设备,1,6,False,False,A,0.4,12.3,12.3,"{'gap': 0.0, 'volume': 0.0, 'trend': 0.54, 'position': 0.0, 'sector': 0.0, 'continuity': 0.3}",0.0,[],竞价涨幅 -0.50% 超出区间
603207,小方制药,10.0,24.84,24.7,-0.56,-0.056,170000.0,85330000.0,0.00199,-0.08,-0.08,-0.56,-0.48,False,0.48,0.5186335403726707,False,False,False,False,0,化学制药,1,0,False,False,A,0.5,9.9,9.9,"{'gap': 0.0, 'volume': 0.0, 'trend': 0.42, 'position': 0.0, 'sector': 0.0, 'continuity': 0.3}",0.0,[],竞价涨幅 -0.56% 超出区间
920992,中科美菱,30.0,12.77,13.1,2.58,0.086,781100.0,84316700.0,0.00926,-7.99,2.98,2.58,10.57,False,0.39,1.0,False,False,False,False,0,医疗器械,0,2,False,False,A,2.2,29.2,29.233333333333338,"{'gap': 0.387, 'volume': 0.0, 'trend': 1.0, 'position': 0.0, 'sector': 0.0, 'continuity': 0.3}",0.0,[],竞价量能 0.93%(量比≈2.2) 超出区间
688665,四方光电,20.0,46.98,46.9,-0.17,-0.009,840000.0,84050000.0,0.00999,-0.17,-0.17,-0.17,0.0,True,0.0,0.294736842105263,False,False,False,False,0,通用设备,1,6,False,False,B,2.4,18.4,18.44736842105264,"{'gap': 0.0, 'volume': 0.0, 'trend': 0.65, 'position': 0.263, 'sector': 0.0, 'continuity': 0.3}",0.0,[],竞价涨幅 -0.17% 超出区间
920227,美登科技,30.0,51.8,51.09,-1.37,-0.046,463900.0,83192600.0,0.00558,-1.39,-1.53,-1.37,0.02,False,-0.15,0.7271952259164532,False,False,False,False,0,IT服务,0,1,False,False,A,1.3,14.5,14.52222222222222,"{'gap': 0.0, 'volume': 0.0, 'trend': 0.501, 'position': 0.2, 'sector': 0.0, 'continuity': 0.3}",0.0,[],竞价涨幅 -1.37% 超出区间
605028,世茂能源,10.0,24.7,24.58,-0.49,-0.049,430000.0,80640000.0,0.00533,-3.12,-1.42,-0.49,2.63,True,-0.93,0.6088657105606258,False,False,False,False,0,电力,0,0,False,False,A,1.3,24.5,24.5,"{'gap': 0.0, 'volume': 0.0, 'trend': 1.0, 'position': 0.2, 'sector': 0.0, 'continuity': 0.3}",0.0,[],竞价涨幅 -0.49% 超出区间
301152,天力锂能,20.0,21.2,21.25,0.24,0.012,130000.0,80360000.0,0.00162,0.24,0.71,0.24,0.0,False,0.47,0.4875621890547262,False,False,False,False,0,电池,2,1,False,False,A,0.4,15.3,15.250000000000002,"{'gap': 0.0, 'volume': 0.0, 'trend': 0.5, 'position': 0.0, 'sector': 0.25, 'continuity': 0.3}",0.0,[],竞价涨幅 0.24% 超出区间
301399,英特科技,20.0,21.98,21.85,-0.59,-0.03,440000.0,78950000.0,0.00557,0.64,-9.42,-0.59,-1.23,False,-8.83,0.846971307120085,False,False,False,False,0,通用设备,1,6,False,False,A,1.3,12.5,12.450000000000001,"{'gap': 0.0, 'volume': 0.0, 'trend': 0.398, 'position': 0.2, 'sector': 0.0, 'continuity': 0.3}",0.0,[],竞价涨幅 -0.59% 超出区间
002188,中天服务,10.0,5.71,5.63,-1.4,-0.14,1330000.0,78470000.0,0.01695,-2.45,-3.68,-1.4,1.05,False,-2.28,0.9470198675496688,False,False,False,False,0,房地产,0,3,False,False,A,4.1,29.5,29.526947140431915,"{'gap': 0.0, 'volume': 0.461, 'trend': 0.675, 'position': 0.2, 'sector': 0.0, 'continuity': 0.3}",0.0,[],竞价涨幅 -1.40% 超出区间
920130,立方控股,30.0,17.35,17.29,-0.35,-0.012,29700.000000000004,76298900.0,0.00039,-0.35,-0.35,-0.35,0.0,True,0.0,0.4942648592283631,False,False,False,False,0,IT服务,0,1,False,False,A,0.1,14.5,14.500000000000002,"{'gap': 0.0, 'volume': 0.0, 'trend': 0.65, 'position': 0.0, 'sector': 0.0, 'continuity': 0.3}",0.0,[],竞价涨幅 -0.35% 超出区间
688651,盛邦安全,20.0,25.51,25.47,-0.16,-0.008,310000.0,75680000.0,0.0041,1.14,-2.39,-0.16,-1.29,False,-2.23,0.4626635873749038,True,False,False,False,0,软件开发,0,0,False,False,A,1.0,13.9,13.850000000000001,"{'gap': 0.0, 'volume': 0.0, 'trend': 0.393, 'position': 0.3, 'sector': 0.0, 'continuity': 0.3}",0.0,[],竞价涨幅 -0.16% 超出区间
300640,德艺文创,20.0,6.41,6.44,0.47,0.023,210000.0,74580000.0,0.00282,3.43,2.65,0.47,-2.96,False,2.18,0.5964912280701757,False,False,False,False,0,家居用品,1,1,False,False,A,0.7,0.0,0.0,"{'gap': 0.0, 'volume': 0.0, 'trend': 0.253, 'position': 0.2, 'sector': 0.0, 'continuity': 0.3}",12.5,['竞价尾段走弱'],竞价涨幅 0.47% 超出区间
920207,众诚科技,30.0,22.58,22.39,-0.84,-0.028,0.0,72361200.0,0.0,-2.52,-3.72,-0.84,1.68,False,-2.88,0.4426229508196715,False,False,False,False,0,软件开发,0,0,False,False,A,0.0,13.4,13.366666666666665,"{'gap': 0.0, 'volume': 0.0, 'trend': 0.593, 'position': 0.0, 'sector': 0.0, 'continuity': 0.3}",0.0,[],竞价涨幅 -0.84% 超出区间
000820,神雾节能,10.0,3.58,3.59,0.28,0.028,270000.0,71780000.0,0.00376,0.0,0.56,0.28,0.28,False,0.28,0.5723270440251573,False,False,False,False,0,环保设备,0,0,False,False,A,0.9,15.4,15.433333333333332,"{'gap': 0.0, 'volume': 0.0, 'trend': 0.547, 'position': 0.2, 'sector': 0.0, 'continuity': 0.3}",0.0,[],竞价涨幅 0.28% 超出区间
300804,广康生化,20.0,46.76,48.01,2.67,0.134,650000.0,67670000.0,0.00961,0.09,1.01,2.67,2.59,True,-1.67,1.0,False,False,False,False,0,农化制品,0,0,False,False,A,2.3,27.8,27.750000000000004,"{'gap': 0.447, 'volume': 0.0, 'trend': 0.866, 'position': 0.0, 'sector': 0.0, 'continuity': 0.3}",0.0,[],竞价量能 0.96%(量比≈2.3) 超出区间
301386,未来电器,20.0,21.81,21.82,0.05,0.002,150000.0,67160000.0,0.00223,-1.88,-1.88,0.05,1.93,True,-1.93,1.0,False,False,False,False,0,电网设备,0,0,False,False,A,0.5,17.7,17.71666666666667,"{'gap': 0.0, 'volume': 0.0, 'trend': 0.811, 'position': 0.0, 'sector': 0.0, 'continuity': 0.3}",0.0,[],竞价涨幅 0.05% 超出区间
603284,林平发展,10.0,42.0,41.98,-0.05,-0.005,410000.0,65910000.0,0.00622,0.0,1.19,-0.05,-0.05,False,1.24,0.5955598455598458,False,False,False,False,0,造纸,0,0,False,False,A,1.5,1.8,1.8333333333333321,"{'gap': 0.0, 'volume': 0.0, 'trend': 0.492, 'position': 0.2, 'sector': 0.0, 'continuity': 0.3}",12.5,['竞价尾段走弱'],竞价涨幅 -0.05% 超出区间
920786,骑士乳业,30.0,7.4,7.41,0.14,0.005,204500.0,63883200.0,0.0032,-0.41,-0.41,0.14,0.54,True,-0.54,0.42751842751842756,False,False,False,False,0,饮料制造,1,0,False,False,A,0.8,15.1,15.100000000000001,"{'gap': 0.0, 'volume': 0.0, 'trend': 0.68, 'position': 0.0, 'sector': 0.0, 'continuity': 0.3}",0.0,[],竞价涨幅 0.14% 超出区间
603949,雪龙集团,10.0,15.36,16.9,10.03,1.003,32690000.0,58430000.0,0.55947,10.03,10.03,10.03,0.0,True,0.0,0.4777448071216617,False,True,True,False,1,汽车零部件,0,2,False,True,A,134.3,24.8,24.750000000000004,"{'gap': 0.0, 'volume': 0.0, 'trend': 0.65, 'position': 0.5, 'sector': 0.0, 'continuity': 0.85}",0.0,[],一字板（买不进）
920357,雅葆轩,30.0,16.19,16.35,0.99,0.033,680600.0,57616200.0,0.01181,2.41,1.91,0.99,-1.42,False,0.93,0.301136363636364,False,False,False,False,0,消费电子,0,2,False,False,B,2.8,16.6,16.62993507042963,"{'gap': 0.0, 'volume': 0.12, 'trend': 0.421, 'position': 0.247, 'sector': 0.0, 'continuity': 0.3}",0.0,[],竞价涨幅 0.99% 超出区间
688370,丛麟科技,20.0,28.4,28.19,-0.74,-0.037,30000.0,57310000.0,0.00052,-2.04,-2.01,-0.74,1.3,True,-1.27,1.0,True,False,False,False,0,环境治理,0,0,False,False,A,0.1,21.2,21.16666666666667,"{'gap': 0.0, 'volume': 0.0, 'trend': 0.758, 'position': 0.3, 'sector': 0.0, 'continuity': 0.3}",0.0,[],竞价涨幅 -0.74% 超出区间
301314,科瑞思,20.0,49.12,48.9,-0.45,-0.022,330000.0,57260000.0,0.00576,0.04,-0.33,-0.45,-0.49,False,0.12,1.0,False,False,False,False,0,通信设备,0,1,False,False,A,1.4,10.7,10.683333333333334,"{'gap': 0.0, 'volume': 0.0, 'trend': 0.459, 'position': 0.0, 'sector': 0.0, 'continuity': 0.3}",0.0,[],竞价涨幅 -0.45% 超出区间
920181,赛英电子,30.0,73.63,73.03,-0.81,-0.027,0.0,55896500.0,0.0,-0.83,-0.81,-0.81,0.01,True,0.0,0.30118443316412846,False,False,False,False,0,其他电子,0,0,False,False,B,0.0,18.2,18.216694867456297,"{'gap': 0.0, 'volume': 0.0, 'trend': 0.651, 'position': 0.247, 'sector': 0.0, 'continuity': 0.3}",0.0,[],竞价涨幅 -0.81% 超出区间
920146,华阳变速,30.0,5.38,5.38,0.0,0.0,991300.0,55191400.0,0.01796,-2.6,-1.49,0.0,2.6,True,-1.49,0.6981132075471697,False,False,False,False,0,汽车零部件,0,2,False,False,A,4.3,33.3,33.281696169832756,"{'gap': 0.0, 'volume': 0.516, 'trend': 0.794, 'position': 0.2, 'sector': 0.0, 'continuity': 0.3}",0.0,[],竞价涨幅 0.00% 超出区间
001306,夏厦精密,10.0,56.82,56.82,0.0,0.0,430000.0,50130000.0,0.00858,-1.44,-1.44,0.0,1.44,True,-1.44,0.6445054945054944,False,False,False,False,0,通用设备,1,6,False,False,A,2.1,22.3,22.300000000000004,"{'gap': 0.0, 'volume': 0.0, 'trend': 0.89, 'position': 0.2, 'sector': 0.0, 'continuity': 0.3}",0.0,[],竞价涨幅 0.00% 超出区间
920100,三协电机,30.0,30.64,30.51,-0.42,-0.014,421599.99999999994,49965900.0,0.00844,-1.4,-1.57,-0.42,0.98,False,-1.14,0.13146067415730336,False,False,False,False,0,电机,0,0,False,False,B,2.0,22.7,22.65911360799001,"{'gap': 0.0, 'volume': 0.0, 'trend': 0.554, 'position': 0.671, 'sector': 0.0, 'continuity': 0.3}",0.0,[],竞价涨幅 -0.42% 超出区间
920685,新芝生物,30.0,12.78,12.78,0.0,0.0,271000.0,48224799.99999999,0.00562,-2.19,-1.41,0.0,2.19,True,-1.41,0.7635869565217388,False,False,False,False,0,通用设备,1,6,False,False,A,1.3,19.9,19.933333333333337,"{'gap': 0.0, 'volume': 0.0, 'trend': 0.772, 'position': 0.2, 'sector': 0.0, 'continuity': 0.3}",0.0,[],竞价涨幅 0.00% 超出区间
920075,柏星龙,30.0,16.84,16.86,0.12,0.004,82300.0,48005400.0,0.00171,0.42,0.83,0.12,-0.3,False,0.71,0.4089709762532981,False,False,False,False,0,包装印刷,0,0,False,False,A,0.4,11.2,11.166666666666668,"{'gap': 0.0, 'volume': 0.0, 'trend': 0.483, 'position': 0.0, 'sector': 0.0, 'continuity': 0.3}",0.0,[],竞价涨幅 0.12% 超出区间
920706,铁拓机械,30.0,15.09,14.94,-0.99,-0.033,541700.0,47875200.00000001,0.01131,-1.92,-3.71,-0.99,0.93,False,-2.72,0.5605633802816904,True,False,False,False,0,工程机械,0,0,False,False,A,2.7,22.0,22.012806408242835,"{'gap': 0.0, 'volume': 0.079, 'trend': 0.552, 'position': 0.5, 'sector': 0.0, 'continuity': 0.3}",0.0,[],竞价涨幅 -0.99% 超出区间
920006,晟楠科技,30.0,17.43,17.45,0.11,0.004,65700.0,46328200.0,0.00142,1.95,1.55,0.11,-1.84,False,1.43,0.4389671361502347,False,False,False,False,0,军工装备,0,0,False,False,A,0.3,0.0,0.0,"{'gap': 0.0, 'volume': 0.0, 'trend': 0.398, 'position': 0.0, 'sector': 0.0, 'continuity': 0.3}",12.5,['竞价尾段走弱'],竞价涨幅 0.11% 超出区间
301567,贝隆精密,20.0,38.58,38.59,0.03,0.001,160000.0,45690000.0,0.0035,-2.62,-2.62,0.03,2.64,True,-2.64,1.0,False,False,False,False,0,消费电子,0,2,False,False,A,0.8,18.9,18.9,"{'gap': 0.0, 'volume': 0.0, 'trend': 0.87, 'position': 0.0, 'sector': 0.0, 'continuity': 0.3}",0.0,[],竞价涨幅 0.03% 超出区间
301287,康力源,20.0,40.5,40.08,-1.04,-0.052,30000.0,43940000.0,0.00068,-1.53,-1.53,-1.04,0.49,True,-0.49,0.6760259179265659,False,False,False,False,0,家居用品,1,1,False,False,A,0.2,18.3,18.316666666666663,"{'gap': 0.0, 'volume': 0.0, 'trend': 0.691, 'position': 0.2, 'sector': 0.0, 'continuity': 0.3}",0.0,[],竞价涨幅 -1.04% 超出区间
920016,中草香料,30.0,14.7,14.69,-0.07,-0.002,27599.999999999996,34849500.0,0.00079,-1.02,-1.36,-0.07,0.95,False,-1.29,0.8188585607940445,True,False,False,False,0,化学制品,1,2,False,False,A,0.2,20.1,20.05555555555556,"{'gap': 0.0, 'volume': 0.0, 'trend': 0.553, 'position': 0.5, 'sector': 0.0, 'continuity': 0.3}",0.0,[],竞价涨幅 -0.07% 超出区间
920128,胜业电气,30.0,19.91,20.49,2.91,0.097,147400.0,33010500.0,0.00447,-1.31,-0.05,2.91,4.22,True,-2.96,0.5736301369863016,False,False,False,False,0,元件,0,2,False,False,A,1.1,34.3,34.32222222222223,"{'gap': 0.607, 'volume': 0.0, 'trend': 0.884, 'position': 0.2, 'sector': 0.0, 'continuity': 0.3}",0.0,[],竞价量能 0.45%(量比≈1.1) 超出区间
600825,新华传媒,10.0,7.06,7.77,10.06,1.006,8990000.0,32330000.0,0.27807,10.06,10.06,10.06,0.0,True,0.0,1.0,True,True,True,False,3,文化传媒,0,3,False,True,A,66.7,0.0,0.0,"{'gap': 0.0, 'volume': 0.0, 'trend': 0.65, 'position': 0.8, 'sector': 0.0, 'continuity': 0.6}",30.0,"['高位极端放量', '3连板 高位']",一字板（买不进）
920159,农大科技,30.0,29.39,29.3,-0.31,-0.01,14700.0,31328900.0,0.00047,-0.92,-0.85,-0.31,0.61,True,-0.54,0.3688451208594451,False,False,False,False,0,农化制品,0,0,False,False,B,0.1,16.3,16.34608574554859,"{'gap': 0.0, 'volume': 0.0, 'trend': 0.684, 'position': 0.078, 'sector': 0.0, 'continuity': 0.3}",0.0,[],竞价涨幅 -0.31% 超出区间
920072,科莱瑞迪,30.0,23.83,23.85,0.08,0.003,2400.0,30996500.0,8e-05,0.08,0.08,0.08,0.0,True,0.0,0.10562310030395114,False,False,False,False,0,医疗器械,0,2,False,False,B,0.0,25.5,25.539133738601834,"{'gap': 0.0, 'volume': 0.0, 'trend': 0.65, 'position': 0.736, 'sector': 0.0, 'continuity': 0.3}",0.0,[],竞价涨幅 0.08% 超出区间
920036,觅睿科技,30.0,32.52,32.58,0.18,0.006,6500.0,24423700.0,0.00027,-1.57,0.22,0.18,1.75,False,0.03,0.49092645654250266,False,False,False,False,0,计算机设备,0,0,False,False,A,0.1,13.4,13.444444444444445,"{'gap': 0.0, 'volume': 0.0, 'trend': 0.597, 'position': 0.0, 'sector': 0.0, 'continuity': 0.3}",0.0,[],竞价涨幅 0.18% 超出区间
920222,益坤电气,30.0,26.25,26.49,0.91,0.03,0.0,22633200.0,0.0,0.0,1.33,0.91,0.91,False,0.42,0.34,False,False,False,False,0,电网设备,0,0,False,False,B,0.0,14.8,14.761111111111113,"{'gap': 0.0, 'volume': 0.0, 'trend': 0.551, 'position': 0.15, 'sector': 0.0, 'continuity': 0.3}",0.0,[],竞价涨幅 0.91% 超出区间
